night,minute,original_stage,binary_reference,awake_reference,movement_raw_evidence,movement_availability,movement_packet_id,movement_selector,movement_valid,raw_u8,is_0x80,distance_from_0x80_code,delta_from_previous_raw,abs_delta_from_previous_raw,window_valid_3m,window_observed_count_3m,raw_mean_3m,raw_median_3m,raw_min_3m,raw_max_3m,raw_range_3m,raw_std_3m,fraction_0x80_3m,fraction_non_0x80_3m,mean_abs_delta_3m,max_abs_delta_3m,byte_transitions_3m,longest_0x80_run_3m,window_valid_5m,window_observed_count_5m,raw_mean_5m,raw_median_5m,raw_min_5m,raw_max_5m,raw_range_5m,raw_std_5m,fraction_0x80_5m,fraction_non_0x80_5m,mean_abs_delta_5m,max_abs_delta_5m,byte_transitions_5m,longest_0x80_run_5m,window_valid_10m,window_observed_count_10m,raw_mean_10m,raw_median_10m,raw_min_10m,raw_max_10m,raw_range_10m,raw_std_10m,fraction_0x80_10m,fraction_non_0x80_10m,mean_abs_delta_10m,max_abs_delta_10m,byte_transitions_10m,longest_0x80_run_10m,window_valid_30m,window_observed_count_30m,raw_mean_30m,raw_median_30m,raw_min_30m,raw_max_30m,raw_range_30m,raw_std_30m,fraction_0x80_30m,fraction_non_0x80_30m,mean_abs_delta_30m,max_abs_delta_30m,byte_transitions_30m,longest_0x80_run_30m,has_hr,hr_count,hr,hr_record_ids,has_sdnn,sdnn_count,sdnn,sdnn_record_ids,minute_of_night,clock_sin,clock_cos
2026-09-27,2026-09-26T21:45:00Z,Core,Sleep,0,128,observedRawSignal,6210951E-9800-5B3A-8611-FE16E658B0EA,0000,1,128,1,0,0,0,1,3,128,128,128,128,0,0.0,1.0,0.0,0,0,0,3,1,5,128,128,128,128,0,0.0,1.0,0.0,0,0,0,5,1,10,128.8,128.0,128,136,8,2.4,0.9,0.09999999999999998,0.8888888888888888,8,1,9,1,30,139,128.0,128,185,57,17.862437310363518,0.5666666666666667,0.43333333333333335,7.931034482758621,44,15,9,0,0,,[],0,0,,[],0.0,0.19509032201612825,0.9807852804032304
2026-09-27,2026-09-26T21:46:00Z,Core,Sleep,0,128,observedRawSignal,6210951E-9800-5B3A-8611-FE16E658B0EA,0000,1,128,1,0,0,0,1,3,128,128,128,128,0,0.0,1.0,0.0,0,0,0,3,1,5,128,128,128,128,0,0.0,1.0,0.0,0,0,0,5,1,10,128,128.0,128,128,0,0.0,1.0,0.0,0,0,0,10,1,30,139,128.0,128,185,57,17.862437310363518,0.5666666666666667,0.43333333333333335,7.724137931034483,44,14,10,0,0,,[],0,0,,[],1.0,0.19936793441719716,0.9799247046208296
2026-09-27,2026-09-26T21:47:00Z,Core,Sleep,0,128,observedRawSignal,6210951E-9800-5B3A-8611-FE16E658B0EA,0000,1,128,1,0,0,0,1,3,128,128,128,128,0,0.0,1.0,0.0,0,0,0,3,1,5,128,128,128,128,0,0.0,1.0,0.0,0,0,0,5,1,10,128,128.0,128,128,0,0.0,1.0,0.0,0,0,0,10,1,30,138.8,128.0,128,185,57,17.950673153580247,0.6,0.4,7.344827586206897,44,13,11,0,0,,[],0,0,,[],2.0,0.2036417511401775,0.9790454724845838
2026-09-27,2026-09-26T21:48:00Z,Core,Sleep,0,128,observedRawSignal,6210951E-9800-5B3A-8611-FE16E658B0EA,0000,1,128,1,0,0,0,1,3,128,128,128,128,0,0.0,1.0,0.0,0,0,0,3,1,5,128,128,128,128,0,0.0,1.0,0.0,0,0,0,5,1,10,128,128.0,128,128,0,0.0,1.0,0.0,0,0,0,10,1,30,138.23333333333332,128.0,128,185,57,18.0142227759685,0.6333333333333333,0.3666666666666667,7.206896551724138,44,12,12,0,0,,[],0,0,,[],3.0,0.20791169081775931,0.9781476007338057
2026-09-27,2026-09-26T21:49:00Z,Core,Sleep,0,128,observedRawSignal,6210951E-9800-5B3A-8611-FE16E658B0EA,0000,1,128,1,0,0,0,1,3,128,128,128,128,0,0.0,1.0,0.0,0,0,0,3,1,5,128,128,128,128,0,0.0,1.0,0.0,0,0,0,5,1,10,128,128.0,128,128,0,0.0,1.0,0.0,0,0,0,10,1,30,137.53333333333333,128.0,128,185,57,17.990244269850503,0.6666666666666666,0.33333333333333337,5.9655172413793105,44,11,13,0,0,,[],0,0,,[],4.0,0.21217767215644626,0.9772311064626789
2026-09-27,2026-09-26T21:50:00Z,Core,Sleep,0,128,observedRawSignal,6210951E-9800-5B3A-8611-FE16E658B0EA,0000,1,128,1,0,0,0,1,3,128,128,128,128,0,0.0,1.0,0.0,0,0,0,3,1,5,128,128,128,128,0,0.0,1.0,0.0,0,0,0,5,1,10,128,128.0,128,128,0,0.0,1.0,0.0,0,0,0,10,1,30,135.63333333333333,128.0,128,183,55,15.746922097843616,0.7,0.30000000000000004,4.448275862068965,37,10,14,0,0,,[],0,0,,[],5.0,0.21643961393810288,0.9762960071199334
2026-09-27,2026-09-26T21:51:00Z,Core,Sleep,0,128,observedRawSignal,6210951E-9800-5B3A-8611-FE16E658B0EA,0000,1,128,1,0,0,0,1,3,128,128,128,128,0,0.0,1.0,0.0,0,0,0,3,1,5,128,128,128,128,0,0.0,1.0,0.0,0,0,0,5,1,10,128,128.0,128,128,0,0.0,1.0,0.0,0,0,0,10,1,30,135.2,128.0,128,183,55,15.772127313713899,0.7333333333333333,0.2666666666666667,4.172413793103448,37,9,15,0,0,,[],0,0,,[],6.0,0.22069743502150108,0.9753423205085127
2026-09-27,2026-09-26T21:52:00Z,Core,Sleep,0,128,observedRawSignal,6210951E-9800-5B3A-8611-FE16E658B0EA,0000,1,128,1,0,0,0,1,3,128,128,128,128,0,0.0,1.0,0.0,0,0,0,3,1,5,128,128,128,128,0,0.0,1.0,0.0,0,0,0,5,1,10,128,128.0,128,128,0,0.0,1.0,0.0,0,0,0,10,1,30,135.03333333333333,128.0,128,183,55,15.820837174084337,0.7666666666666667,0.23333333333333328,2.896551724137931,24,8,16,0,0,,[],0,0,,[],7.0,0.224951054343865,0.9743700647852352
2026-09-27,2026-09-26T21:53:00Z,Core,Sleep,0,128,observedRawSignal,6210951E-9800-5B3A-8611-FE16E658B0EA,0000,1,128,1,0,0,0,1,3,128,128,128,128,0,0.0,1.0,0.0,0,0,0,3,1,5,128,128,128,128,0,0.0,1.0,0.0,0,0,0,5,1,10,128,128.0,128,128,0,0.0,1.0,0.0,0,0,0,10,1,30,133.63333333333333,128.0,128,183,55,14.464861638544015,0.8,0.19999999999999996,2.5172413793103448,24,7,17,0,0,,[],0,0,,[],8.0,0.22920039092241415,0.9733792584604485
2026-09-27,2026-09-26T21:54:00Z,Core,Sleep,0,128,observedRawSignal,6210951E-9800-5B3A-8611-FE16E658B0EA,0000,1,128,1,0,0,0,1,3,128,128,128,128,0,0.0,1.0,0.0,0,0,0,3,1,5,128,128,128,128,0,0.0,1.0,0.0,0,0,0,5,1,10,128,128.0,128,128,0,0.0,1.0,0.0,0,0,0,10,1,30,131.86666666666667,128.0,128,183,55,11.505747356092181,0.8333333333333334,0.16666666666666663,2.4482758620689653,24,6,18,0,0,,[],0,0,,[],9.0,0.2334453638559054,0.9723699203976766
2026-09-27,2026-09-26T21:55:00Z,Core,Sleep,0,128,observedRawSignal,6210951E-9800-5B3A-8611-FE16E658B0EA,0000,1,128,1,0,0,0,1,3,128,128,128,128,0,0.0,1.0,0.0,0,0,0,3,1,5,128,128,128,128,0,0.0,1.0,0.0,0,0,0,5,1,10,128,128.0,128,128,0,0.0,1.0,0.0,0,0,0,10,1,30,130.03333333333333,128.0,128,159,31,6.508882819313585,0.8666666666666667,0.1333333333333333,1.6206896551724137,16,5,19,0,0,,[],0,0,,[],10.0,0.2376858923261731,0.9713420698132614
2026-09-27,2026-09-26T21:56:00Z,Core,Sleep,0,128,observedRawSignal,6210951E-9800-5B3A-8611-FE16E658B0EA,0000,1,128,1,0,0,0,1,3,128,128,128,128,0,0.0,1.0,0.0,0,0,0,3,1,5,128,128,128,128,0,0.0,1.0,0.0,0,0,0,5,1,10,128,128.0,128,128,0,0.0,1.0,0.0,0,0,0,10,1,30,129,128.0,128,147,19,3.669695718539436,0.9,0.09999999999999998,1.206896551724138,16,4,20,0,0,,[],0,0,,[],11.0,0.24192189559966773,0.9702957262759965
2026-09-27,2026-09-26T21:57:00Z,Core,Sleep,0,128,observedRawSignal,6210951E-9800-5B3A-8611-FE16E658B0EA,0000,1,128,1,0,0,0,1,3,128,128,128,128,0,0.0,1.0,0.0,0,0,0,3,1,5,128,128,128,128,0,0.0,1.0,0.0,0,0,0,5,1,10,128,128.0,128,128,0,0.0,1.0,0.0,0,0,0,10,1,30,128.36666666666667,128.0,128,136,8,1.5162087220725544,0.9333333333333333,0.06666666666666665,0.6551724137931034,8,3,21,0,0,,[],0,0,,[],12.0,0.24615329302899303,0.9692309097067544
2026-09-27,2026-09-26T21:58:00Z,Core,Sleep,0,128,observedRawSignal,6210951E-9800-5B3A-8611-FE16E658B0EA,0000,1,128,1,0,0,0,1,3,128,128,128,128,0,0.0,1.0,0.0,0,0,0,3,1,5,128,128,128,128,0,0.0,1.0,0.0,0,0,0,5,1,10,128,128.0,128,128,0,0.0,1.0,0.0,0,0,0,10,1,30,128.26666666666668,128.0,128,136,8,1.4360439485692011,0.9666666666666667,0.033333333333333326,0.5517241379310345,8,2,22,0,0,,[],0,0,,[],13.0,0.25038000405444144,0.9681476403781077
2026-09-27,2026-09-26T21:59:00Z,Core,Sleep,0,130,observedRawSignal,6210951E-9800-5B3A-8611-FE16E658B0EA,0000,1,130,0,2,2,2,1,3,128.66666666666666,128,128,130,2,0.9428090415820634,0.6666666666666666,0.33333333333333337,1,2,1,2,1,5,128.4,128,128,130,2,0.8,0.8,0.19999999999999996,0.5,2,1,4,1,10,128.2,128.0,128,130,2,0.6,0.9,0.09999999999999998,0.2222222222222222,2,1,9,1,30,128.33333333333334,128.0,128,136,8,1.4681810363696828,0.9333333333333333,0.06666666666666665,0.6206896551724138,8,3,22,0,0,,[],0,0,,[],14.0,0.25460194820552756,0.9670459389139432
2026-09-27,2026-09-26T22:00:00Z,Core,Sleep,0,128,observedRawSignal,6210951E-9800-5B3A-8611-FE16E658B0EA,0000,1,128,1,0,-2,2,1,3,128.66666666666666,128,128,130,2,0.9428090415820634,0.6666666666666666,0.33333333333333337,2,2,2,1,1,5,128.4,128,128,130,2,0.8,0.8,0.19999999999999996,1,2,2,3,1,10,128.2,128.0,128,130,2,0.6,0.9,0.09999999999999998,0.4444444444444444,2,2,8,1,30,128.33333333333334,128.0,128,136,8,1.4681810363696828,0.9333333333333333,0.06666666666666665,0.6896551724137931,8,4,22,0,0,,[],0,0,,[],15.0,0.25881904510252074,0.9659258262890683
2026-09-27,2026-09-26T22:01:00Z,Core,Sleep,0,134,observedRawSignal,6210951E-9800-5B3A-8611-FE16E658B0EA,0000,1,134,0,6,6,6,1,3,130.66666666666666,130,128,134,6,2.494438257849294,0.3333333333333333,0.6666666666666667,4,6,2,1,1,5,129.6,128,128,134,6,2.3323807579381204,0.6,0.4,2.5,6,3,2,1,10,128.8,128.0,128,134,6,1.833030277982336,0.8,0.19999999999999996,1.1111111111111112,6,3,7,1,30,128.53333333333333,128.0,128,136,8,1.7838784213679535,0.9,0.09999999999999998,0.896551724137931,8,5,22,0,0,,[],0,0,,[],16.0,0.2630312144579748,0.964787323828813
2026-09-27,2026-09-26T22:02:00Z,Core,Sleep,0,144,observedRawSignal,6210951E-9800-5B3A-8611-FE16E658B0EA,0000,1,144,0,16,10,10,1,3,135.33333333333334,134,128,144,16,6.599663291074443,0.3333333333333333,0.6666666666666667,8,10,2,1,1,5,132.8,130,128,144,16,6.013318551349164,0.4,0.6,5,10,4,1,1,10,130.4,128.0,128,144,16,4.882622246293481,0.7,0.30000000000000004,2.2222222222222223,10,4,6,1,30,129.06666666666666,128.0,128,144,16,3.2957885584822066,0.8666666666666667,0.1333333333333333,1.2413793103448276,10,6,22,0,0,,[],0,0,,[],17.0,0.26723837607825685,0.963630453208623
2026-09-27,2026-09-26T22:03:00Z,Core,Sleep,0,128,observedRawSignal,6210951E-9800-5B3A-8611-FE16E658B0EA,0000,1,128,1,0,-16,16,1,3,135.33333333333334,134,128,144,16,6.599663291074443,0.3333333333333333,0.6666666666666667,13,16,2,1,1,5,132.8,130,128,144,16,6.013318551349164,0.4,0.6,8.5,16,4,1,1,10,130.4,128.0,128,144,16,4.882622246293481,0.7,0.30000000000000004,4,16,5,5,1,30,129.06666666666666,128.0,128,144,16,3.2957885584822066,0.8666666666666667,0.1333333333333333,1.793103448275862,16,7,22,0,0,,[],0,0,,[],18.0,0.27144044986507426,0.9624552364536473
2026-09-27,2026-09-26T22:04:00Z,Core,Sleep,0,128,observedRawSignal,6210951E-9800-5B3A-8611-FE16E658B0EA,0000,1,128,1,0,0,0,1,3,133.33333333333334,128,128,144,16,7.542472332656507,0.6666666666666666,0.33333333333333337,8,16,1,2,1,5,132.4,128,128,144,16,6.248199740725323,0.6,0.4,8,16,3,2,1,10,130.4,128.0,128,144,16,4.882622246293481,0.7,0.30000000000000004,4,16,5,4,1,30,129.06666666666666,128.0,128,144,16,3.2957885584822066,0.8666666666666667,0.1333333333333333,1.793103448275862,16,7,22,0,0,,[],0,0,,[],19.0,0.27563735581699916,0.9612616959383189
2026-09-27,2026-09-26T22:05:00Z,Core,Sleep,0,128,observedRawSignal,6210951E-9800-5B3A-8611-FE16E658B0EA,0000,1,128,1,0,0,0,1,3,128,128,128,128,0,0.0,1.0,0.0,0,0,0,3,1,5,132.4,128,128,144,16,6.248199740725323,0.6,0.4,6.5,16,2,3,1,10,130.4,128.0,128,144,16,4.882622246293481,0.7,0.30000000000000004,4,16,5,3,1,30,129.06666666666666,128.0,128,144,16,3.2957885584822066,0.8666666666666667,0.1333333333333333,1.5172413793103448,16,6,22,1,1,75,"[""01bacab48848852420c09c02b462c47ff6bf5d527586db49013ec818bc5658fe""]",1,1,12,"[""b81be963c1dbf0bd128f64f3c77dcef7c901ed519e6153b147f0576c2aa23902""]",20.0,0.2798290140309921,0.9600498543859287
2026-09-27,2026-09-26T22:06:00Z,Core,Sleep,0,128,observedRawSignal,6210951E-9800-5B3A-8611-FE16E658B0EA,0000,1,128,1,0,0,0,1,3,128,128,128,128,0,0.0,1.0,0.0,0,0,0,3,1,5,131.2,128,128,144,16,6.4,0.8,0.19999999999999996,4,16,1,4,1,10,130.4,128.0,128,144,16,4.882622246293481,0.7,0.30000000000000004,4,16,5,4,1,30,128.8,128.0,128,144,16,3.037542866638538,0.9,0.09999999999999998,1.2413793103448276,16,5,22,0,0,,[],0,0,,[],21.0,0.28401534470392265,0.958819734868193
2026-09-27,2026-09-26T22:07:00Z,Core,Sleep,0,129,observedRawSignal,6210951E-9800-5B3A-8611-FE16E658B0EA,0000,1,129,0,1,1,1,1,3,128.33333333333334,128,128,129,1,0.4714045207910317,0.6666666666666666,0.33333333333333337,0.5,1,1,2,1,5,128.2,128,128,129,1,0.4,0.8,0.19999999999999996,0.25,1,1,4,1,10,130.5,128.0,128,144,16,4.8425200051213,0.6,0.4,4.111111111111111,16,6,4,1,30,128.83333333333334,128.0,128,144,16,3.034065845619629,0.8666666666666667,0.1333333333333333,1.2758620689655173,16,6,21,0,0,,[],0,0,,[],22.0,0.2881962681340893,0.9575713608048144
2026-09-27,2026-09-26T22:08:00Z,Core,Sleep,0,128,observedRawSignal,6210951E-9800-5B3A-8611-FE16E658B0EA,0000,1,128,1,0,-1,1,1,3,128.33333333333334,128,128,129,1,0.4714045207910317,0.6666666666666666,0.33333333333333337,1,1,2,1,1,5,128.2,128,128,129,1,0.4,0.8,0.19999999999999996,0.5,1,2,3,1,10,130.5,128.0,128,144,16,4.8425200051213,0.6,0.4,4,16,6,4,1,30,128.83333333333334,128.0,128,144,16,3.034065845619629,0.8666666666666667,0.1333333333333333,1.3103448275862069,16,7,20,0,0,,[],0,0,,[],23.0,0.29237170472273677,0.9563047559630354
2026-09-27,2026-09-26T22:09:00Z,Core,Sleep,0,128,observedRawSignal,6210951E-9800-5B3A-8611-FE16E658B0EA,0000,1,128,1,0,0,0,1,3,128.33333333333334,128,128,129,1,0.4714045207910317,0.6666666666666666,0.33333333333333337,0.5,1,1,2,1,5,128.2,128,128,129,1,0.4,0.8,0.19999999999999996,0.5,1,2,2,1,10,130.3,128.0,128,144,16,4.9,0.7,0.30000000000000004,3.7777777777777777,16,5,4,1,30,128.83333333333334,128.0,128,144,16,3.034065845619629,0.8666666666666667,0.1333333333333333,1.3103448275862069,16,7,19,0,0,,[],0,0,,[],24.0,0.29654157497557093,0.9550199444571866
2026-09-27,2026-09-26T22:10:00Z,Core,Sleep,0,128,observedRawSignal,6210951E-9800-5B3A-8611-FE16E658B0EA,0000,1,128,1,0,0,0,1,3,128,128,128,128,0,0.0,1.0,0.0,0,0,0,3,1,5,128.2,128,128,129,1,0.4,0.8,0.19999999999999996,0.5,1,2,3,1,10,130.3,128.0,128,144,16,4.9,0.7,0.30000000000000004,3.111111111111111,16,4,4,1,30,128.83333333333334,128.0,128,144,16,3.034065845619629,0.8666666666666667,0.1333333333333333,1.3103448275862069,16,7,18,0,0,,[],0,0,,[],25.0,0.3007057995042731,0.9537169507482269
2026-09-27,2026-09-26T22:11:00Z,Core,Sleep,0,128,observedRawSignal,6210951E-9800-5B3A-8611-FE16E658B0EA,0000,1,128,1,0,0,0,1,3,128,128,128,128,0,0.0,1.0,0.0,0,0,0,3,1,5,128.2,128,128,129,1,0.4,0.8,0.19999999999999996,0.25,1,1,4,1,10,129.7,128.0,128,144,16,4.775981574503821,0.8,0.19999999999999996,2,16,3,4,1,30,128.83333333333334,128.0,128,144,16,3.034065845619629,0.8666666666666667,0.1333333333333333,1.3103448275862069,16,7,17,0,0,,[],0,0,,[],26.0,0.30486429902801077,0.9523957996432784
2026-09-27,2026-09-26T22:12:00Z,Core,Sleep,0,128,observedRawSignal,6210951E-9800-5B3A-8611-FE16E658B0EA,0000,1,128,1,0,0,0,1,3,128,128,128,128,0,0.0,1.0,0.0,0,0,0,3,1,5,128,128,128,128,0,0.0,1.0,0.0,0,0,0,5,1,10,128.1,128.0,128,129,1,0.3,0.9,0.09999999999999998,0.2222222222222222,1,2,5,1,30,128.83333333333334,128.0,128,144,16,3.034065845619629,0.8666666666666667,0.1333333333333333,1.3103448275862069,16,7,16,0,0,,[],0,0,,[],27.0,0.3090169943749474,0.9510565162951535
2026-09-27,2026-09-26T22:13:00Z,REM,Sleep,0,128,observedRawSignal,6210951E-9800-5B3A-8611-FE16E658B0EA,0000,1,128,1,0,0,0,1,3,128,128,128,128,0,0.0,1.0,0.0,0,0,0,3,1,5,128,128,128,128,0,0.0,1.0,0.0,0,0,0,5,1,10,128.1,128.0,128,129,1,0.3,0.9,0.09999999999999998,0.2222222222222222,1,2,6,1,30,128.83333333333334,128.0,128,144,16,3.034065845619629,0.8666666666666667,0.1333333333333333,1.3103448275862069,16,7,15,0,0,,[],0,0,,[],28.0,0.31316380648374953,0.949699126201877
2026-09-27,2026-09-26T22:14:00Z,REM,Sleep,0,128,observedRawSignal,6210951E-9800-5B3A-8611-FE16E658B0EA,0000,1,128,1,0,0,0,1,3,128,128,128,128,0,0.0,1.0,0.0,0,0,0,3,1,5,128,128,128,128,0,0.0,1.0,0.0,0,0,0,5,1,10,128.1,128.0,128,129,1,0.3,0.9,0.09999999999999998,0.2222222222222222,1,2,7,1,30,128.83333333333334,128.0,128,144,16,3.034065845619629,0.8666666666666667,0.1333333333333333,1.3103448275862069,16,7,14,0,0,,[],0,0,,[],29.0,0.31730465640509214,0.9483236552061993
2026-09-27,2026-09-26T22:15:00Z,REM,Sleep,0,128,observedRawSignal,6210951E-9800-5B3A-8611-FE16E658B0EA,0000,1,128,1,0,0,0,1,3,128,128,128,128,0,0.0,1.0,0.0,0,0,0,3,1,5,128,128,128,128,0,0.0,1.0,0.0,0,0,0,5,1,10,128.1,128.0,128,129,1,0.3,0.9,0.09999999999999998,0.2222222222222222,1,2,8,1,30,128.83333333333334,128.0,128,144,16,3.034065845619629,0.8666666666666667,0.1333333333333333,1.3103448275862069,16,7,13,0,0,,[],0,0,,[],30.0,0.3214394653031616,0.9469301294951057
2026-09-27,2026-09-26T22:16:00Z,REM,Sleep,0,128,observedRawSignal,6210951E-9800-5B3A-8611-FE16E658B0EA,0000,1,128,1,0,0,0,1,3,128,128,128,128,0,0.0,1.0,0.0,0,0,0,3,1,5,128,128,128,128,0,0.0,1.0,0.0,0,0,0,5,1,10,128.1,128.0,128,129,1,0.3,0.9,0.09999999999999998,0.1111111111111111,1,1,9,1,30,128.83333333333334,128.0,128,144,16,3.034065845619629,0.8666666666666667,0.1333333333333333,1.3103448275862069,16,7,12,0,0,,[],0,0,,[],31.0,0.32556815445715664,0.9455185755993168
2026-09-27,2026-09-26T22:17:00Z,REM,Sleep,0,128,observedRawSignal,6210951E-9800-5B3A-8611-FE16E658B0EA,0000,1,128,1,0,0,0,1,3,128,128,128,128,0,0.0,1.0,0.0,0,0,0,3,1,5,128,128,128,128,0,0.0,1.0,0.0,0,0,0,5,1,10,128,128.0,128,128,0,0.0,1.0,0.0,0,0,0,10,1,30,128.83333333333334,128.0,128,144,16,3.034065845619629,0.8666666666666667,0.1333333333333333,1.3103448275862069,16,7,11,0,0,,[],0,0,,[],32.0,0.3296906452627873,0.9440890203927842
2026-09-27,2026-09-26T22:18:00Z,REM,Sleep,0,128,observedRawSignal,6210951E-9800-5B3A-8611-FE16E658B0EA,0000,1,128,1,0,0,0,1,3,128,128,128,128,0,0.0,1.0,0.0,0,0,0,3,1,5,128,128,128,128,0,0.0,1.0,0.0,0,0,0,5,1,10,128,128.0,128,128,0,0.0,1.0,0.0,0,0,0,10,1,30,128.83333333333334,128.0,128,144,16,3.034065845619629,0.8666666666666667,0.1333333333333333,1.3103448275862069,16,7,11,0,0,,[],0,0,,[],33.0,0.3338068592337709,0.9426414910921784
2026-09-27,2026-09-26T22:19:00Z,REM,Sleep,0,128,observedRawSignal,6210951E-9800-5B3A-8611-FE16E658B0EA,0000,1,128,1,0,0,0,1,3,128,128,128,128,0,0.0,1.0,0.0,0,0,0,3,1,5,128,128,128,128,0,0.0,1.0,0.0,0,0,0,5,1,10,128,128.0,128,128,0,0.0,1.0,0.0,0,0,0,10,1,30,128.83333333333334,128.0,128,144,16,3.034065845619629,0.8666666666666667,0.1333333333333333,1.3103448275862069,16,7,12,0,0,,[],0,0,,[],34.0,0.33791671800332695,0.9411760152563706
2026-09-27,2026-09-26T22:20:00Z,REM,Sleep,0,128,observedRawSignal,6210951E-9800-5B3A-8611-FE16E658B0EA,0000,1,128,1,0,0,0,1,3,128,128,128,128,0,0.0,1.0,0.0,0,0,0,3,1,5,128,128,128,128,0,0.0,1.0,0.0,0,0,0,5,1,10,128,128.0,128,128,0,0.0,1.0,0.0,0,0,0,10,1,30,128.83333333333334,128.0,128,144,16,3.034065845619629,0.8666666666666667,0.1333333333333333,1.3103448275862069,16,7,13,0,0,,[],0,0,,[],35.0,0.3420201433256687,0.9396926207859084
2026-09-27,2026-09-26T22:21:00Z,REM,Sleep,0,128,observedRawSignal,6210951E-9800-5B3A-8611-FE16E658B0EA,0000,1,128,1,0,0,0,1,3,128,128,128,128,0,0.0,1.0,0.0,0,0,0,3,1,5,128,128,128,128,0,0.0,1.0,0.0,0,0,0,5,1,10,128,128.0,128,128,0,0.0,1.0,0.0,0,0,0,10,1,30,128.83333333333334,128.0,128,144,16,3.034065845619629,0.8666666666666667,0.1333333333333333,1.3103448275862069,16,7,14,0,0,,[],0,0,,[],36.0,0.34611705707749296,0.9381913359224842
2026-09-27,2026-09-26T22:22:00Z,REM,Sleep,0,128,observedRawSignal,6210951E-9800-5B3A-8611-FE16E658B0EA,0000,1,128,1,0,0,0,1,3,128,128,128,128,0,0.0,1.0,0.0,0,0,0,3,1,5,128,128,128,128,0,0.0,1.0,0.0,0,0,0,5,1,10,128,128.0,128,128,0,0.0,1.0,0.0,0,0,0,10,1,30,128.83333333333334,128.0,128,144,16,3.034065845619629,0.8666666666666667,0.1333333333333333,1.3103448275862069,16,7,15,0,0,,[],0,0,,[],37.0,0.3502073812594674,0.9366721892483977
2026-09-27,2026-09-26T22:23:00Z,REM,Sleep,0,128,observedRawSignal,6210951E-9800-5B3A-8611-FE16E658B0EA,0000,1,128,1,0,0,0,1,3,128,128,128,128,0,0.0,1.0,0.0,0,0,0,3,1,5,128,128,128,128,0,0.0,1.0,0.0,0,0,0,5,1,10,128,128.0,128,128,0,0.0,1.0,0.0,0,0,0,10,1,30,128.83333333333334,128.0,128,144,16,3.034065845619629,0.8666666666666667,0.1333333333333333,1.3103448275862069,16,7,16,0,0,,[],0,0,,[],38.0,0.35429103799771583,0.9351352096860117
2026-09-27,2026-09-26T22:24:00Z,REM,Sleep,0,128,observedRawSignal,6210951E-9800-5B3A-8611-FE16E658B0EA,0000,1,128,1,0,0,0,1,3,128,128,128,128,0,0.0,1.0,0.0,0,0,0,3,1,5,128,128,128,128,0,0.0,1.0,0.0,0,0,0,5,1,10,128,128.0,128,128,0,0.0,1.0,0.0,0,0,0,10,1,30,128.83333333333334,128.0,128,144,16,3.034065845619629,0.8666666666666667,0.1333333333333333,1.3103448275862069,16,7,17,0,0,,[],0,0,,[],39.0,0.35836794954530027,0.9335804264972017
2026-09-27,2026-09-26T22:25:00Z,REM,Sleep,0,128,observedRawSignal,6210951E-9800-5B3A-8611-FE16E658B0EA,0000,1,128,1,0,0,0,1,3,128,128,128,128,0,0.0,1.0,0.0,0,0,0,3,1,5,128,128,128,128,0,0.0,1.0,0.0,0,0,0,5,1,10,128,128.0,128,128,0,0.0,1.0,0.0,0,0,0,10,1,30,128.83333333333334,128.0,128,144,16,3.034065845619629,0.8666666666666667,0.1333333333333333,1.3103448275862069,16,7,18,0,0,,[],0,0,,[],40.0,0.36243803828370164,0.9320078692827986
2026-09-27,2026-09-26T22:26:00Z,REM,Sleep,0,128,observedRawSignal,6210951E-9800-5B3A-8611-FE16E658B0EA,0000,1,128,1,0,0,0,1,3,128,128,128,128,0,0.0,1.0,0.0,0,0,0,3,1,5,128,128,128,128,0,0.0,1.0,0.0,0,0,0,5,1,10,128,128.0,128,128,0,0.0,1.0,0.0,0,0,0,10,1,30,128.83333333333334,128.0,128,144,16,3.034065845619629,0.8666666666666667,0.1333333333333333,1.3103448275862069,16,7,19,0,0,,[],0,0,,[],41.0,0.36650122672429725,0.9304175679820246
2026-09-27,2026-09-26T22:27:00Z,REM,Sleep,0,128,observedRawSignal,6210951E-9800-5B3A-8611-FE16E658B0EA,0000,1,128,1,0,0,0,1,3,128,128,128,128,0,0.0,1.0,0.0,0,0,0,3,1,5,128,128,128,128,0,0.0,1.0,0.0,0,0,0,5,1,10,128,128.0,128,128,0,0.0,1.0,0.0,0,0,0,10,1,30,128.83333333333334,128.0,128,144,16,3.034065845619629,0.8666666666666667,0.1333333333333333,1.3103448275862069,16,7,20,0,0,,[],0,0,,[],42.0,0.3705574375098362,0.9288095528719242
2026-09-27,2026-09-26T22:28:00Z,REM,Sleep,0,128,observedRawSignal,6210951E-9800-5B3A-8611-FE16E658B0EA,0000,1,128,1,0,0,0,1,3,128,128,128,128,0,0.0,1.0,0.0,0,0,0,3,1,5,128,128,128,128,0,0.0,1.0,0.0,0,0,0,5,1,10,128,128.0,128,128,0,0.0,1.0,0.0,0,0,0,10,1,30,128.83333333333334,128.0,128,144,16,3.034065845619629,0.8666666666666667,0.1333333333333333,1.2413793103448276,16,6,21,0,0,,[],0,0,,[],43.0,0.374606593415912,0.9271838545667874
2026-09-27,2026-09-26T22:29:00Z,REM,Sleep,0,128,observedRawSignal,6210951E-9800-5B3A-8611-FE16E658B0EA,0000,1,128,1,0,0,0,1,3,128,128,128,128,0,0.0,1.0,0.0,0,0,0,3,1,5,128,128,128,128,0,0.0,1.0,0.0,0,0,0,5,1,10,128,128.0,128,128,0,0.0,1.0,0.0,0,0,0,10,1,30,128.76666666666668,128.0,128,144,16,3.0296681153038674,0.9,0.09999999999999998,1.1724137931034482,16,5,22,0,0,,[],0,0,,[],44.0,0.378648617352433,0.9255405040175664
2026-09-27,2026-09-26T22:30:00Z,REM,Sleep,0,128,observedRawSignal,6210951E-9800-5B3A-8611-FE16E658B0EA,0000,1,128,1,0,0,0,1,3,128,128,128,128,0,0.0,1.0,0.0,0,0,0,3,1,5,128,128,128,128,0,0.0,1.0,0.0,0,0,0,5,1,10,128,128.0,128,128,0,0.0,1.0,0.0,0,0,0,10,1,30,128.76666666666668,128.0,128,144,16,3.0296681153038674,0.9,0.09999999999999998,0.9655172413793104,16,4,23,0,0,,[],0,0,,[],45.0,0.3826834323650898,0.9238795325112867
2026-09-27,2026-09-26T22:31:00Z,REM,Sleep,0,128,observedRawSignal,6210951E-9800-5B3A-8611-FE16E658B0EA,0000,1,128,1,0,0,0,1,3,128,128,128,128,0,0.0,1.0,0.0,0,0,0,3,1,5,128,128,128,128,0,0.0,1.0,0.0,0,0,0,5,1,10,128,128.0,128,128,0,0.0,1.0,0.0,0,0,0,10,1,30,128.56666666666666,128.0,128,144,16,2.871507540570903,0.9333333333333333,0.06666666666666665,0.6206896551724138,16,3,24,0,0,,[],0,0,,[],46.0,0.3867109616368206,0.9222009716704518
2026-09-27,2026-09-26T22:32:00Z,REM,Sleep,0,128,observedRawSignal,6210951E-9800-5B3A-8611-FE16E658B0EA,0000,1,128,1,0,0,0,1,3,128,128,128,128,0,0.0,1.0,0.0,0,0,0,3,1,5,128,128,128,128,0,0.0,1.0,0.0,0,0,0,5,1,10,128,128.0,128,128,0,0.0,1.0,0.0,0,0,0,10,1,30,128.03333333333333,128.0,128,129,1,0.17950549357115014,0.9666666666666667,0.033333333333333326,0.06896551724137931,1,2,25,0,0,,[],0,0,,[],47.0,0.3907311284892737,0.9205048534524404
2026-09-27,2026-09-26T22:33:00Z,REM,Sleep,0,128,observedRawSignal,6210951E-9800-5B3A-8611-FE16E658B0EA,0000,1,128,1,0,0,0,1,3,128,128,128,128,0,0.0,1.0,0.0,0,0,0,3,1,5,128,128,128,128,0,0.0,1.0,0.0,0,0,0,5,1,10,128,128.0,128,128,0,0.0,1.0,0.0,0,0,0,10,1,30,128.03333333333333,128.0,128,129,1,0.17950549357115014,0.9666666666666667,0.033333333333333326,0.06896551724137931,1,2,26,0,0,,[],0,0,,[],48.0,0.3947438563842672,0.9187912101488983
2026-09-27,2026-09-26T22:34:00Z,REM,Sleep,0,128,observedRawSignal,6210951E-9800-5B3A-8611-FE16E658B0EA,0000,1,128,1,0,0,0,1,3,128,128,128,128,0,0.0,1.0,0.0,0,0,0,3,1,5,128,128,128,128,0,0.0,1.0,0.0,0,0,0,5,1,10,128,128.0,128,128,0,0.0,1.0,0.0,0,0,0,10,1,30,128.03333333333333,128.0,128,129,1,0.17950549357115014,0.9666666666666667,0.033333333333333326,0.06896551724137931,1,2,27,0,0,,[],0,0,,[],49.0,0.3987490689252462,0.917060074385124
2026-09-27,2026-09-26T22:35:00Z,Core,Sleep,0,128,observedRawSignal,6210951E-9800-5B3A-8611-FE16E658B0EA,0000,1,128,1,0,0,0,1,3,128,128,128,128,0,0.0,1.0,0.0,0,0,0,3,1,5,128,128,128,128,0,0.0,1.0,0.0,0,0,0,5,1,10,128,128.0,128,128,0,0.0,1.0,0.0,0,0,0,10,1,30,128.03333333333333,128.0,128,129,1,0.17950549357115014,0.9666666666666667,0.033333333333333326,0.06896551724137931,1,2,28,1,1,75,"[""df6d274ce22cc97a47bc154a5466a9e960a39588fa45b9bbca817995cee964f4""]",1,1,10,"[""6ec9db8a00b9656126fd854ba4549adcd7fc78b27dd8b1a87adb8904a539827d""]",50.0,0.40274668985873724,0.9153114791194471
2026-09-27,2026-09-26T22:36:00Z,Core,Sleep,0,128,observedRawSignal,6210951E-9800-5B3A-8611-FE16E658B0EA,0000,1,128,1,0,0,0,1,3,128,128,128,128,0,0.0,1.0,0.0,0,0,0,3,1,5,128,128,128,128,0,0.0,1.0,0.0,0,0,0,5,1,10,128,128.0,128,128,0,0.0,1.0,0.0,0,0,0,10,1,30,128.03333333333333,128.0,128,129,1,0.17950549357115014,0.9666666666666667,0.033333333333333326,0.034482758620689655,1,1,29,0,0,,[],0,0,,[],51.0,0.40673664307580015,0.9135454576426009
2026-09-27,2026-09-26T22:37:00Z,Core,Sleep,0,128,observedRawSignal,6210951E-9800-5B3A-8611-FE16E658B0EA,0000,1,128,1,0,0,0,1,3,128,128,128,128,0,0.0,1.0,0.0,0,0,0,3,1,5,128,128,128,128,0,0.0,1.0,0.0,0,0,0,5,1,10,128,128.0,128,128,0,0.0,1.0,0.0,0,0,0,10,1,30,128,128.0,128,128,0,0.0,1.0,0.0,0,0,0,30,0,0,,[],0,0,,[],52.0,0.41071885261347724,0.9117620435770886
2026-09-27,2026-09-26T22:38:00Z,Core,Sleep,0,128,observedRawSignal,6210951E-9800-5B3A-8611-FE16E658B0EA,0000,1,128,1,0,0,0,1,3,128,128,128,128,0,0.0,1.0,0.0,0,0,0,3,1,5,128,128,128,128,0,0.0,1.0,0.0,0,0,0,5,1,10,128,128.0,128,128,0,0.0,1.0,0.0,0,0,0,10,1,30,128,128.0,128,128,0,0.0,1.0,0.0,0,0,0,30,0,0,,[],0,0,,[],53.0,0.414693242656239,0.9099612708765432
2026-09-27,2026-09-26T22:39:00Z,Core,Sleep,0,128,observedRawSignal,6210951E-9800-5B3A-8611-FE16E658B0EA,0000,1,128,1,0,0,0,1,3,128,128,128,128,0,0.0,1.0,0.0,0,0,0,3,1,5,128,128,128,128,0,0.0,1.0,0.0,0,0,0,5,1,10,128,128.0,128,128,0,0.0,1.0,0.0,0,0,0,10,1,30,128,128.0,128,128,0,0.0,1.0,0.0,0,0,0,30,0,0,,[],0,0,,[],54.0,0.41865973753742813,0.9081431738250813
2026-09-27,2026-09-26T22:40:00Z,Core,Sleep,0,128,observedRawSignal,6210951E-9800-5B3A-8611-FE16E658B0EA,0000,1,128,1,0,0,0,1,3,128,128,128,128,0,0.0,1.0,0.0,0,0,0,3,1,5,128,128,128,128,0,0.0,1.0,0.0,0,0,0,5,1,10,128,128.0,128,128,0,0.0,1.0,0.0,0,0,0,10,1,30,128,128.0,128,128,0,0.0,1.0,0.0,0,0,0,30,0,0,,[],0,0,,[],55.0,0.42261826174069944,0.9063077870366499
2026-09-27,2026-09-26T22:41:00Z,Core,Sleep,0,128,observedRawSignal,6210951E-9800-5B3A-8611-FE16E658B0EA,0000,1,128,1,0,0,0,1,3,128,128,128,128,0,0.0,1.0,0.0,0,0,0,3,1,5,128,128,128,128,0,0.0,1.0,0.0,0,0,0,5,1,10,128,128.0,128,128,0,0.0,1.0,0.0,0,0,0,10,1,30,128,128.0,128,128,0,0.0,1.0,0.0,0,0,0,30,0,0,,[],0,0,,[],56.0,0.4265687399014583,0.904455145454368
2026-09-27,2026-09-26T22:42:00Z,Core,Sleep,0,128,observedRawSignal,6210951E-9800-5B3A-8611-FE16E658B0EA,0000,1,128,1,0,0,0,1,3,128,128,128,128,0,0.0,1.0,0.0,0,0,0,3,1,5,128,128,128,128,0,0.0,1.0,0.0,0,0,0,5,1,10,128,128.0,128,128,0,0.0,1.0,0.0,0,0,0,10,1,30,128,128.0,128,128,0,0.0,1.0,0.0,0,0,0,30,0,0,,[],0,0,,[],57.0,0.4305110968082951,0.9025852843498606
2026-09-27,2026-09-26T22:43:00Z,Core,Sleep,0,128,observedRawSignal,6210951E-9800-5B3A-8611-FE16E658B0EA,0000,1,128,1,0,0,0,1,3,128,128,128,128,0,0.0,1.0,0.0,0,0,0,3,1,5,128,128,128,128,0,0.0,1.0,0.0,0,0,0,5,1,10,128,128.0,128,128,0,0.0,1.0,0.0,0,0,0,10,1,30,128,128.0,128,128,0,0.0,1.0,0.0,0,0,0,30,0,0,,[],0,0,,[],58.0,0.43444525740441703,0.9006982393225879
2026-09-27,2026-09-26T22:44:00Z,REM,Sleep,0,128,observedRawSignal,6210951E-9800-5B3A-8611-FE16E658B0EA,0000,1,128,1,0,0,0,1,3,128,128,128,128,0,0.0,1.0,0.0,0,0,0,3,1,5,128,128,128,128,0,0.0,1.0,0.0,0,0,0,5,1,10,128,128.0,128,128,0,0.0,1.0,0.0,0,0,0,10,1,30,128,128.0,128,128,0,0.0,1.0,0.0,0,0,0,30,0,0,,[],0,0,,[],59.0,0.43837114678907746,0.898794046299167
2026-09-27,2026-09-26T22:45:00Z,REM,Sleep,0,128,observedRawSignal,6210951E-9800-5B3A-8611-FE16E658B0EA,0000,1,128,1,0,0,0,1,3,128,128,128,128,0,0.0,1.0,0.0,0,0,0,3,1,5,128,128,128,128,0,0.0,1.0,0.0,0,0,0,5,1,10,128,128.0,128,128,0,0.0,1.0,0.0,0,0,0,10,1,30,128,128.0,128,128,0,0.0,1.0,0.0,0,0,0,30,0,0,,[],0,0,,[],60.0,0.4422886902190013,0.8968727415326883
2026-09-27,2026-09-26T22:46:00Z,REM,Sleep,0,128,observedRawSignal,6210951E-9800-5B3A-8611-FE16E658B0EA,0000,1,128,1,0,0,0,1,3,128,128,128,128,0,0.0,1.0,0.0,0,0,0,3,1,5,128,128,128,128,0,0.0,1.0,0.0,0,0,0,5,1,10,128,128.0,128,128,0,0.0,1.0,0.0,0,0,0,10,1,30,128,128.0,128,128,0,0.0,1.0,0.0,0,0,0,30,0,0,,[],0,0,,[],61.0,0.44619781310980877,0.8949343616020251
2026-09-27,2026-09-26T22:47:00Z,REM,Sleep,0,136,observedRawSignal,6210951E-9800-5B3A-8611-FE16E658B0EA,0000,1,136,0,8,8,8,1,3,130.66666666666666,128,128,136,8,3.7712361663282534,0.6666666666666666,0.33333333333333337,4,8,1,2,1,5,129.6,128,128,136,8,3.2,0.8,0.19999999999999996,2,8,1,4,1,10,128.8,128.0,128,136,8,2.4,0.9,0.09999999999999998,0.8888888888888888,8,1,9,1,30,128.26666666666668,128.0,128,136,8,1.4360439485692011,0.9666666666666667,0.033333333333333326,0.27586206896551724,8,1,29,0,0,,[],0,0,,[],62.0,0.45009844103743496,0.892978943411137
2026-09-27,2026-09-26T22:48:00Z,REM,Sleep,0,136,observedRawSignal,6210951E-9800-5B3A-8611-FE16E658B0EA,0000,1,136,0,8,0,0,1,3,133.33333333333334,136,128,136,8,3.7712361663282534,0.3333333333333333,0.6666666666666667,4,8,1,1,1,5,131.2,128,128,136,8,3.919183588453085,0.6,0.4,2,8,1,3,1,10,129.6,128.0,128,136,8,3.2,0.8,0.19999999999999996,0.8888888888888888,8,1,8,1,30,128.53333333333333,128.0,128,136,8,1.9955506062794355,0.9333333333333333,0.06666666666666665,0.27586206896551724,8,1,28,0,0,,[],0,0,,[],63.0,0.4539904997395468,0.8910065241883679
2026-09-27,2026-09-26T22:49:00Z,REM,Sleep,0,128,observedRawSignal,6210951E-9800-5B3A-8611-FE16E658B0EA,0000,1,128,1,0,-8,8,1,3,133.33333333333334,136,128,136,8,3.7712361663282534,0.3333333333333333,0.6666666666666667,4,8,1,1,1,5,131.2,128,128,136,8,3.919183588453085,0.6,0.4,4,8,2,2,1,10,129.6,128.0,128,136,8,3.2,0.8,0.19999999999999996,1.7777777777777777,8,2,7,1,30,128.53333333333333,128.0,128,136,8,1.9955506062794355,0.9333333333333333,0.06666666666666665,0.5517241379310345,8,2,27,0,0,,[],0,0,,[],64.0,0.4578739151169567,0.8890171414857364
2026-09-27,2026-09-26T22:50:00Z,REM,Sleep,0,128,observedRawSignal,6210951E-9800-5B3A-8611-FE16E658B0EA,0000,1,128,1,0,0,0,1,3,130.66666666666666,128,128,136,8,3.7712361663282534,0.6666666666666666,0.33333333333333337,4,8,1,2,1,5,131.2,128,128,136,8,3.919183588453085,0.6,0.4,4,8,2,2,1,10,129.6,128.0,128,136,8,3.2,0.8,0.19999999999999996,1.7777777777777777,8,2,6,1,30,128.53333333333333,128.0,128,136,8,1.9955506062794355,0.9333333333333333,0.06666666666666665,0.5517241379310345,8,2,26,0,0,,[],0,0,,[],65.0,0.4617486132350339,0.8870108331782217
2026-09-27,2026-09-26T22:51:00Z,REM,Sleep,0,128,observedRawSignal,6210951E-9800-5B3A-8611-FE16E658B0EA,0000,1,128,1,0,0,0,1,3,128,128,128,128,0,0.0,1.0,0.0,0,0,0,3,1,5,131.2,128,128,136,8,3.919183588453085,0.6,0.4,2,8,1,3,1,10,129.6,128.0,128,136,8,3.2,0.8,0.19999999999999996,1.7777777777777777,8,2,5,1,30,128.53333333333333,128.0,128,136,8,1.9955506062794355,0.9333333333333333,0.06666666666666665,0.5517241379310345,8,2,25,0,0,,[],0,0,,[],66.0,0.4656145203251114,0.8849876374630419
2026-09-27,2026-09-26T22:52:00Z,REM,Sleep,0,128,observedRawSignal,6210951E-9800-5B3A-8611-FE16E658B0EA,0000,1,128,1,0,0,0,1,3,128,128,128,128,0,0.0,1.0,0.0,0,0,0,3,1,5,129.6,128,128,136,8,3.2,0.8,0.19999999999999996,2,8,1,4,1,10,129.6,128.0,128,136,8,3.2,0.8,0.19999999999999996,1.7777777777777777,8,2,4,1,30,128.53333333333333,128.0,128,136,8,1.9955506062794355,0.9333333333333333,0.06666666666666665,0.5517241379310345,8,2,24,0,0,,[],0,0,,[],67.0,0.4694715627858908,0.882947592858927
2026-09-27,2026-09-26T22:53:00Z,REM,Sleep,0,128,observedRawSignal,6210951E-9800-5B3A-8611-FE16E658B0EA,0000,1,128,1,0,0,0,1,3,128,128,128,128,0,0.0,1.0,0.0,0,0,0,3,1,5,128,128,128,128,0,0.0,1.0,0.0,0,0,0,5,1,10,129.6,128.0,128,136,8,3.2,0.8,0.19999999999999996,1.7777777777777777,8,2,5,1,30,128.53333333333333,128.0,128,136,8,1.9955506062794355,0.9333333333333333,0.06666666666666665,0.5517241379310345,8,2,23,0,0,,[],0,0,,[],68.0,0.47331966718484336,0.8808907382053855
2026-09-27,2026-09-26T22:54:00Z,Core,Sleep,0,128,observedRawSignal,6210951E-9800-5B3A-8611-FE16E658B0EA,0000,1,128,1,0,0,0,1,3,128,128,128,128,0,0.0,1.0,0.0,0,0,0,3,1,5,128,128,128,128,0,0.0,1.0,0.0,0,0,0,5,1,10,129.6,128.0,128,136,8,3.2,0.8,0.19999999999999996,1.7777777777777777,8,2,6,1,30,128.53333333333333,128.0,128,136,8,1.9955506062794355,0.9333333333333333,0.06666666666666665,0.5517241379310345,8,2,22,0,0,,[],0,0,,[],69.0,0.4771587602596084,0.8788171126619654
2026-09-27,2026-09-26T22:55:00Z,Core,Sleep,0,128,observedRawSignal,6210951E-9800-5B3A-8611-FE16E658B0EA,0000,1,128,1,0,0,0,1,3,128,128,128,128,0,0.0,1.0,0.0,0,0,0,3,1,5,128,128,128,128,0,0.0,1.0,0.0,0,0,0,5,1,10,129.6,128.0,128,136,8,3.2,0.8,0.19999999999999996,1.7777777777777777,8,2,7,1,30,128.53333333333333,128.0,128,136,8,1.9955506062794355,0.9333333333333333,0.06666666666666665,0.5517241379310345,8,2,21,0,0,,[],0,0,,[],70.0,0.48098876891938763,0.8767267557075077
2026-09-27,2026-09-26T22:56:00Z,Core,Sleep,0,128,observedRawSignal,6210951E-9800-5B3A-8611-FE16E658B0EA,0000,1,128,1,0,0,0,1,3,128,128,128,128,0,0.0,1.0,0.0,0,0,0,3,1,5,128,128,128,128,0,0.0,1.0,0.0,0,0,0,5,1,10,129.6,128.0,128,136,8,3.2,0.8,0.19999999999999996,0.8888888888888888,8,1,8,1,30,128.53333333333333,128.0,128,136,8,1.9955506062794355,0.9333333333333333,0.06666666666666665,0.5517241379310345,8,2,20,0,0,,[],0,0,,[],71.0,0.48480962024633706,0.8746197071393957
2026-09-27,2026-09-26T22:57:00Z,Core,Sleep,0,128,observedRawSignal,6210951E-9800-5B3A-8611-FE16E658B0EA,0000,1,128,1,0,0,0,1,3,128,128,128,128,0,0.0,1.0,0.0,0,0,0,3,1,5,128,128,128,128,0,0.0,1.0,0.0,0,0,0,5,1,10,128.8,128.0,128,136,8,2.4,0.9,0.09999999999999998,0.8888888888888888,8,1,9,1,30,128.53333333333333,128.0,128,136,8,1.9955506062794355,0.9333333333333333,0.06666666666666665,0.5517241379310345,8,2,19,0,0,,[],0,0,,[],72.0,0.48862124149695496,0.8724960070727972
2026-09-27,2026-09-26T22:58:00Z,Core,Sleep,0,128,observedRawSignal,6210951E-9800-5B3A-8611-FE16E658B0EA,0000,1,128,1,0,0,0,1,3,128,128,128,128,0,0.0,1.0,0.0,0,0,0,3,1,5,128,128,128,128,0,0.0,1.0,0.0,0,0,0,5,1,10,128,128.0,128,128,0,0.0,1.0,0.0,0,0,0,10,1,30,128.53333333333333,128.0,128,136,8,1.9955506062794355,0.9333333333333333,0.06666666666666665,0.5517241379310345,8,2,18,0,0,,[],0,0,,[],73.0,0.49242356010346705,0.8703556959398997
2026-09-27,2026-09-26T22:59:00Z,Core,Sleep,0,135,observedRawSignal,6210951E-9800-5B3A-8611-FE16E658B0EA,0000,1,135,0,7,7,7,1,3,130.33333333333334,128,128,135,7,3.2998316455372216,0.6666666666666666,0.33333333333333337,3.5,7,1,2,1,5,129.4,128,128,135,7,2.8,0.8,0.19999999999999996,1.75,7,1,4,1,10,128.7,128.0,128,135,7,2.1,0.9,0.09999999999999998,0.7777777777777778,7,1,9,1,30,128.76666666666668,128.0,128,136,8,2.304825855075004,0.9,0.09999999999999998,0.7931034482758621,8,3,17,0,0,,[],0,0,,[],74.0,0.4962165036752082,0.8681988144891423
2026-09-27,2026-09-26T23:00:00Z,Deep,Sleep,0,128,observedRawSignal,6210951E-9800-5B3A-8611-FE16E658B0EA,0000,1,128,1,0,-7,7,1,3,130.33333333333334,128,128,135,7,3.2998316455372216,0.6666666666666666,0.33333333333333337,7,7,2,1,1,5,129.4,128,128,135,7,2.8,0.8,0.19999999999999996,3.5,7,2,3,1,10,128.7,128.0,128,135,7,2.1,0.9,0.09999999999999998,1.5555555555555556,7,2,8,1,30,128.76666666666668,128.0,128,136,8,2.304825855075004,0.9,0.09999999999999998,1.0344827586206897,8,4,16,0,0,,[],0,0,,[],75.0,0.49999999999999994,0.8660254037844387
2026-09-27,2026-09-26T23:01:00Z,Core,Sleep,0,128,observedRawSignal,6210951E-9800-5B3A-8611-FE16E658B0EA,0000,1,128,1,0,0,0,1,3,130.33333333333334,128,128,135,7,3.2998316455372216,0.6666666666666666,0.33333333333333337,3.5,7,1,2,1,5,129.4,128,128,135,7,2.8,0.8,0.19999999999999996,3.5,7,2,2,1,10,128.7,128.0,128,135,7,2.1,0.9,0.09999999999999998,1.5555555555555556,7,2,7,1,30,128.76666666666668,128.0,128,136,8,2.304825855075004,0.9,0.09999999999999998,1.0344827586206897,8,4,15,0,0,,[],0,0,,[],76.0,0.5037739770455263,0.8638355052043957
2026-09-27,2026-09-26T23:02:00Z,Core,Sleep,0,128,observedRawSignal,6210951E-9800-5B3A-8611-FE16E658B0EA,0000,1,128,1,0,0,0,1,3,128,128,128,128,0,0.0,1.0,0.0,0,0,0,3,1,5,129.4,128,128,135,7,2.8,0.8,0.19999999999999996,3.5,7,2,3,1,10,128.7,128.0,128,135,7,2.1,0.9,0.09999999999999998,1.5555555555555556,7,2,6,1,30,128.76666666666668,128.0,128,136,8,2.304825855075004,0.9,0.09999999999999998,1.0344827586206897,8,4,14,0,0,,[],0,0,,[],77.0,0.5075383629607041,0.8616291604415258
2026-09-27,2026-09-26T23:03:00Z,Core,Sleep,0,128,observedRawSignal,6210951E-9800-5B3A-8611-FE16E658B0EA,0000,1,128,1,0,0,0,1,3,128,128,128,128,0,0.0,1.0,0.0,0,0,0,3,1,5,129.4,128,128,135,7,2.8,0.8,0.19999999999999996,1.75,7,1,4,1,10,128.7,128.0,128,135,7,2.1,0.9,0.09999999999999998,1.5555555555555556,7,2,5,1,30,128.76666666666668,128.0,128,136,8,2.304825855075004,0.9,0.09999999999999998,1.0344827586206897,8,4,13,0,0,,[],0,0,,[],78.0,0.5112930860770522,0.8594064115014527
2026-09-27,2026-09-26T23:04:00Z,Core,Sleep,0,128,observedRawSignal,6210951E-9800-5B3A-8611-FE16E658B0EA,0000,1,128,1,0,0,0,1,3,128,128,128,128,0,0.0,1.0,0.0,0,0,0,3,1,5,128,128,128,128,0,0.0,1.0,0.0,0,0,0,5,1,10,128.7,128.0,128,135,7,2.1,0.9,0.09999999999999998,1.5555555555555556,7,2,5,1,30,128.76666666666668,128.0,128,136,8,2.304825855075004,0.9,0.09999999999999998,1.0344827586206897,8,4,12,0,0,,[],0,0,,[],79.0,0.5150380749100542,0.8571673007021123
2026-09-27,2026-09-26T23:05:00Z,Core,Sleep,0,128,observedRawSignal,6210951E-9800-5B3A-8611-FE16E658B0EA,0000,1,128,1,0,0,0,1,3,128,128,128,128,0,0.0,1.0,0.0,0,0,0,3,1,5,128,128,128,128,0,0.0,1.0,0.0,0,0,0,5,1,10,128.7,128.0,128,135,7,2.1,0.9,0.09999999999999998,1.5555555555555556,7,2,6,1,30,128.76666666666668,128.0,128,136,8,2.304825855075004,0.9,0.09999999999999998,1.0344827586206897,8,4,11,1,1,70,"[""d9920c47bdbe331bbb25f6504d26b08c9509a43cba37453af284b658f6550337""]",1,1,14,"[""8fc367f8e35fb1303e22f660e84fcb83a928dbe50779303c0e93e75f629743a8""]",80.0,0.5187732581605213,0.8549118706729466
2026-09-27,2026-09-26T23:06:00Z,Core,Sleep,0,128,observedRawSignal,6210951E-9800-5B3A-8611-FE16E658B0EA,0000,1,128,1,0,0,0,1,3,128,128,128,128,0,0.0,1.0,0.0,0,0,0,3,1,5,128,128,128,128,0,0.0,1.0,0.0,0,0,0,5,1,10,128.7,128.0,128,135,7,2.1,0.9,0.09999999999999998,1.5555555555555556,7,2,7,1,30,128.76666666666668,128.0,128,136,8,2.304825855075004,0.9,0.09999999999999998,1.0344827586206897,8,4,10,0,0,,[],0,0,,[],81.0,0.5224985647159488,0.8526401643540923
2026-09-27,2026-09-26T23:07:00Z,Core,Sleep,0,128,observedRawSignal,6210951E-9800-5B3A-8611-FE16E658B0EA,0000,1,128,1,0,0,0,1,3,128,128,128,128,0,0.0,1.0,0.0,0,0,0,3,1,5,128,128,128,128,0,0.0,1.0,0.0,0,0,0,5,1,10,128.7,128.0,128,135,7,2.1,0.9,0.09999999999999998,1.5555555555555556,7,2,8,1,30,128.76666666666668,128.0,128,136,8,2.304825855075004,0.9,0.09999999999999998,1.0344827586206897,8,4,10,0,0,,[],0,0,,[],82.0,0.5262139236518696,0.8503522249955628
2026-09-27,2026-09-26T23:08:00Z,Core,Sleep,0,128,observedRawSignal,6210951E-9800-5B3A-8611-FE16E658B0EA,0000,1,128,1,0,0,0,1,3,128,128,128,128,0,0.0,1.0,0.0,0,0,0,3,1,5,128,128,128,128,0,0.0,1.0,0.0,0,0,0,5,1,10,128.7,128.0,128,135,7,2.1,0.9,0.09999999999999998,0.7777777777777778,7,1,9,1,30,128.76666666666668,128.0,128,136,8,2.304825855075004,0.9,0.09999999999999998,1.0344827586206897,8,4,10,0,0,,[],0,0,,[],83.0,0.5299192642332049,0.848048096156426
2026-09-27,2026-09-26T23:09:00Z,Core,Sleep,0,128,observedRawSignal,6210951E-9800-5B3A-8611-FE16E658B0EA,0000,1,128,1,0,0,0,1,3,128,128,128,128,0,0.0,1.0,0.0,0,0,0,3,1,5,128,128,128,128,0,0.0,1.0,0.0,0,0,0,5,1,10,128,128.0,128,128,0,0.0,1.0,0.0,0,0,0,10,1,30,128.76666666666668,128.0,128,136,8,2.304825855075004,0.9,0.09999999999999998,1.0344827586206897,8,4,10,0,0,,[],0,0,,[],84.0,0.5336145159156115,0.8457278217039733
2026-09-27,2026-09-26T23:10:00Z,Core,Sleep,0,128,observedRawSignal,6210951E-9800-5B3A-8611-FE16E658B0EA,0000,1,128,1,0,0,0,1,3,128,128,128,128,0,0.0,1.0,0.0,0,0,0,3,1,5,128,128,128,128,0,0.0,1.0,0.0,0,0,0,5,1,10,128,128.0,128,128,0,0.0,1.0,0.0,0,0,0,10,1,30,128.76666666666668,128.0,128,136,8,2.304825855075004,0.9,0.09999999999999998,1.0344827586206897,8,4,11,0,0,,[],0,0,,[],85.0,0.5372996083468239,0.8433914458128857
2026-09-27,2026-09-26T23:11:00Z,Deep,Sleep,0,128,observedRawSignal,6210951E-9800-5B3A-8611-FE16E658B0EA,0000,1,128,1,0,0,0,1,3,128,128,128,128,0,0.0,1.0,0.0,0,0,0,3,1,5,128,128,128,128,0,0.0,1.0,0.0,0,0,0,5,1,10,128,128.0,128,128,0,0.0,1.0,0.0,0,0,0,10,1,30,128.76666666666668,128.0,128,136,8,2.304825855075004,0.9,0.09999999999999998,1.0344827586206897,8,4,12,0,0,,[],0,0,,[],86.0,0.5409744713679939,0.8410390129643924
2026-09-27,2026-09-26T23:12:00Z,Deep,Sleep,0,154,observedRawSignal,6210951E-9800-5B3A-8611-FE16E658B0EA,0000,1,154,0,26,26,26,1,3,136.66666666666666,128,128,154,26,12.256517540566824,0.6666666666666666,0.33333333333333337,13,26,1,2,1,5,133.2,128,128,154,26,10.4,0.8,0.19999999999999996,6.5,26,1,4,1,10,130.6,128.0,128,154,26,7.8,0.9,0.09999999999999998,2.888888888888889,26,1,9,1,30,129.63333333333333,128.0,128,154,26,5.075978285567774,0.8666666666666667,0.1333333333333333,1.9310344827586208,26,5,12,0,0,,[],0,0,,[],87.0,0.5446390350150271,0.838670567945424
2026-09-27,2026-09-26T23:13:00Z,Deep,Sleep,0,149,observedRawSignal,6210951E-9800-5B3A-8611-FE16E658B0EA,0000,1,149,0,21,-5,5,1,3,143.66666666666666,149,128,154,26,11.264496832477201,0.3333333333333333,0.6666666666666667,15.5,26,2,1,1,5,137.4,128,128,154,26,11.62067123706716,0.6,0.4,7.75,26,2,3,1,10,132.7,128.0,128,154,26,9.466255859631092,0.8,0.19999999999999996,3.4444444444444446,26,2,8,1,30,130.33333333333334,128.0,128,154,26,6.139127697718047,0.8333333333333334,0.16666666666666663,2.103448275862069,26,6,12,0,0,,[],0,0,,[],88.0,0.5482932295199138,0.8362861558477596
2026-09-27,2026-09-26T23:14:00Z,Core,Sleep,0,183,observedRawSignal,6210951E-9800-5B3A-8611-FE16E658B0EA,0000,1,183,0,55,34,34,1,3,162,154,149,183,34,14.98888477061141,0.0,1.0,19.5,34,2,0,1,5,148.4,149,128,183,55,20.30369424513677,0.4,0.6,16.25,34,3,2,1,10,138.2,128.0,128,183,55,17.61135997020105,0.7,0.30000000000000004,7.222222222222222,34,3,7,1,30,132.16666666666666,128.0,128,183,55,11.251913417528396,0.8,0.19999999999999996,3.2758620689655173,34,7,12,0,0,,[],0,0,,[],89.0,0.5519369853120581,0.8338858220671682
2026-09-27,2026-09-26T23:15:00Z,Core,Sleep,0,139,observedRawSignal,6210951E-9800-5B3A-8611-FE16E658B0EA,0000,1,139,0,11,-44,44,1,3,157,149,139,183,44,18.83259585576738,0.0,1.0,39,44,2,0,1,5,150.6,149,128,183,55,18.488915598271305,0.2,0.8,27.25,44,4,1,1,10,139.3,128.0,128,183,55,17.280335644888382,0.6,0.4,12.11111111111111,44,4,6,1,30,132.53333333333333,128.0,128,183,55,11.289326325733033,0.7666666666666667,0.23333333333333328,4.793103448275862,44,8,12,0,0,,[],0,0,,[],90.0,0.5555702330196022,0.8314696123025452
2026-09-27,2026-09-26T23:16:00Z,Core,Sleep,0,135,observedRawSignal,6210951E-9800-5B3A-8611-FE16E658B0EA,0000,1,135,0,7,-4,4,1,3,152.33333333333334,139,135,183,48,21.746008573733455,0.0,1.0,24,44,2,0,1,5,152,149,135,183,48,16.923356641044943,0.0,1.0,21.75,44,4,0,1,10,140,131.5,128,183,55,16.946976131451887,0.5,0.5,12.555555555555555,44,5,5,1,30,132.76666666666668,128.0,128,183,55,11.265532487291589,0.7333333333333333,0.2666666666666667,4.655172413793103,44,8,12,0,0,,[],0,0,,[],91.0,0.5591929034707469,0.8290375725550417
2026-09-27,2026-09-26T23:17:00Z,Core,Sleep,0,128,observedRawSignal,6210951E-9800-5B3A-8611-FE16E658B0EA,0000,1,128,1,0,-7,7,1,3,134,135,128,139,11,4.546060565661952,0.3333333333333333,0.6666666666666667,5.5,7,2,1,1,5,146.8,139,128,183,55,19.332873557751316,0.2,0.8,22.25,44,4,1,1,10,140,131.5,128,183,55,16.946976131451887,0.5,0.5,13.333333333333334,44,6,4,1,30,132.5,128.0,128,183,55,11.280514172678478,0.7666666666666667,0.23333333333333328,4.896551724137931,44,9,12,0,0,,[],0,0,,[],92.0,0.5628049276950685,0.8265897491271886
2026-09-27,2026-09-26T23:18:00Z,Core,Sleep,0,128,observedRawSignal,6210951E-9800-5B3A-8611-FE16E658B0EA,0000,1,128,1,0,0,0,1,3,130.33333333333334,128,128,135,7,3.2998316455372216,0.6666666666666666,0.33333333333333337,3.5,7,1,2,1,5,142.6,135,128,183,55,20.635891063872187,0.4,0.6,13.75,44,3,2,1,10,140,131.5,128,183,55,16.946976131451887,0.5,0.5,13.333333333333334,44,6,3,1,30,132.23333333333332,128.0,128,183,55,11.289178692693085,0.8,0.19999999999999996,4.620689655172414,44,8,12,0,0,,[],0,0,,[],93.0,0.5664062369248328,0.8241261886220157
2026-09-27,2026-09-26T23:19:00Z,Awake,Awake,1,128,observedRawSignal,6210951E-9800-5B3A-8611-FE16E658B0EA,0000,1,128,1,0,0,0,1,3,128,128,128,128,0,0.0,1.0,0.0,0,0,0,3,1,5,131.6,128,128,139,11,4.586937976471886,0.6,0.4,2.75,7,2,3,1,10,140,131.5,128,183,55,16.946976131451887,0.5,0.5,13.333333333333334,44,6,3,1,30,132.23333333333332,128.0,128,183,55,11.289178692693085,0.8,0.19999999999999996,4.620689655172414,44,8,12,0,0,,[],0,0,,[],94.0,0.569996762596303,0.8216469379421637
2026-09-27,2026-09-26T23:20:00Z,Awake,Awake,1,128,observedRawSignal,6210951E-9800-5B3A-8611-FE16E658B0EA,0000,1,128,1,0,0,0,1,3,128,128,128,128,0,0.0,1.0,0.0,0,0,0,3,1,5,129.4,128,128,135,7,2.8,0.8,0.19999999999999996,1.75,7,1,4,1,10,140,131.5,128,183,55,16.946976131451887,0.5,0.5,13.333333333333334,44,6,4,1,30,132.23333333333332,128.0,128,183,55,11.289178692693085,0.8,0.19999999999999996,4.620689655172414,44,8,12,0,0,,[],0,0,,[],95.0,0.573576436351046,0.8191520442889918
2026-09-27,2026-09-26T23:21:00Z,Awake,Awake,1,128,observedRawSignal,6210951E-9800-5B3A-8611-FE16E658B0EA,0000,1,128,1,0,0,0,1,3,128,128,128,128,0,0.0,1.0,0.0,0,0,0,3,1,5,128,128,128,128,0,0.0,1.0,0.0,0,0,0,5,1,10,140,131.5,128,183,55,16.946976131451887,0.5,0.5,10.444444444444445,44,5,5,1,30,132.23333333333332,128.0,128,183,55,11.289178692693085,0.8,0.19999999999999996,4.620689655172414,44,8,12,0,0,,[],0,0,,[],96.0,0.5771451900372335,0.8166415551616789
2026-09-27,2026-09-26T23:22:00Z,Awake,Awake,1,128,observedRawSignal,6210951E-9800-5B3A-8611-FE16E658B0EA,0000,1,128,1,0,0,0,1,3,128,128,128,128,0,0.0,1.0,0.0,0,0,0,3,1,5,128,128,128,128,0,0.0,1.0,0.0,0,0,0,5,1,10,137.4,128.0,128,183,55,16.59035864591239,0.6,0.4,9.88888888888889,44,4,6,1,30,132.23333333333332,128.0,128,183,55,11.289178692693085,0.8,0.19999999999999996,4.620689655172414,44,8,12,0,0,,[],0,0,,[],97.0,0.5807029557109398,0.8141155183563192
2026-09-27,2026-09-26T23:23:00Z,Awake,Awake,1,128,observedRawSignal,6210951E-9800-5B3A-8611-FE16E658B0EA,0000,1,128,1,0,0,0,1,3,128,128,128,128,0,0.0,1.0,0.0,0,0,0,3,1,5,128,128,128,128,0,0.0,1.0,0.0,0,0,0,5,1,10,135.3,128.0,128,183,55,16.3159431232154,0.7,0.30000000000000004,6.111111111111111,44,3,7,1,30,132.23333333333332,128.0,128,183,55,11.289178692693085,0.8,0.19999999999999996,4.620689655172414,44,8,12,0,0,,[],0,0,,[],98.0,0.5842496656374344,0.8115739819650123
2026-09-27,2026-09-26T23:24:00Z,Core,Sleep,0,128,observedRawSignal,6210951E-9800-5B3A-8611-FE16E658B0EA,0000,1,128,1,0,0,0,1,3,128,128,128,128,0,0.0,1.0,0.0,0,0,0,3,1,5,128,128,128,128,0,0.0,1.0,0.0,0,0,0,5,1,10,129.8,128.0,128,139,11,3.7094473981982814,0.8,0.19999999999999996,1.2222222222222223,7,2,8,1,30,132.23333333333332,128.0,128,183,55,11.289178692693085,0.8,0.19999999999999996,4.620689655172414,44,8,12,0,0,,[],0,0,,[],99.0,0.5877852522924731,0.8090169943749475
2026-09-27,2026-09-26T23:25:00Z,Core,Sleep,0,128,observedRawSignal,6210951E-9800-5B3A-8611-FE16E658B0EA,0000,1,128,1,0,0,0,1,3,128,128,128,128,0,0.0,1.0,0.0,0,0,0,3,1,5,128,128,128,128,0,0.0,1.0,0.0,0,0,0,5,1,10,128.7,128.0,128,135,7,2.1,0.9,0.09999999999999998,0.7777777777777778,7,1,9,1,30,132.23333333333332,128.0,128,183,55,11.289178692693085,0.8,0.19999999999999996,4.620689655172414,44,8,12,0,0,,[],0,0,,[],100.0,0.5913096483635824,0.8064446042674827
2026-09-27,2026-09-26T23:26:00Z,Core,Sleep,0,128,observedRawSignal,6210951E-9800-5B3A-8611-FE16E658B0EA,0000,1,128,1,0,0,0,1,3,128,128,128,128,0,0.0,1.0,0.0,0,0,0,3,1,5,128,128,128,128,0,0.0,1.0,0.0,0,0,0,5,1,10,128,128.0,128,128,0,0.0,1.0,0.0,0,0,0,10,1,30,132.23333333333332,128.0,128,183,55,11.289178692693085,0.8,0.19999999999999996,4.620689655172414,44,8,12,0,0,,[],0,0,,[],101.0,0.5948227867513413,0.8038568606172173
2026-09-27,2026-09-26T23:27:00Z,Core,Sleep,0,128,observedRawSignal,6210951E-9800-5B3A-8611-FE16E658B0EA,0000,1,128,1,0,0,0,1,3,128,128,128,128,0,0.0,1.0,0.0,0,0,0,3,1,5,128,128,128,128,0,0.0,1.0,0.0,0,0,0,5,1,10,128,128.0,128,128,0,0.0,1.0,0.0,0,0,0,10,1,30,132.23333333333332,128.0,128,183,55,11.289178692693085,0.8,0.19999999999999996,4.620689655172414,44,8,12,0,0,,[],0,0,,[],102.0,0.5983246005706591,0.8012538126910607
2026-09-27,2026-09-26T23:28:00Z,Core,Sleep,0,128,observedRawSignal,6210951E-9800-5B3A-8611-FE16E658B0EA,0000,1,128,1,0,0,0,1,3,128,128,128,128,0,0.0,1.0,0.0,0,0,0,3,1,5,128,128,128,128,0,0.0,1.0,0.0,0,0,0,5,1,10,128,128.0,128,128,0,0.0,1.0,0.0,0,0,0,10,1,30,132.23333333333332,128.0,128,183,55,11.289178692693085,0.8,0.19999999999999996,4.379310344827586,44,7,12,0,0,,[],0,0,,[],103.0,0.6018150231520483,0.7986355100472928
2026-09-27,2026-09-26T23:29:00Z,Core,Sleep,0,128,observedRawSignal,6210951E-9800-5B3A-8611-FE16E658B0EA,0000,1,128,1,0,0,0,1,3,128,128,128,128,0,0.0,1.0,0.0,0,0,0,3,1,5,128,128,128,128,0,0.0,1.0,0.0,0,0,0,5,1,10,128,128.0,128,128,0,0.0,1.0,0.0,0,0,0,10,1,30,132,128.0,128,183,55,11.301917241483116,0.8333333333333334,0.16666666666666663,4.137931034482759,44,6,13,0,0,,[],0,0,,[],104.0,0.6052939880428944,0.796002002534622
2026-09-27,2026-09-26T23:30:00Z,Core,Sleep,0,128,observedRawSignal,6210951E-9800-5B3A-8611-FE16E658B0EA,0000,1,128,1,0,0,0,1,3,128,128,128,128,0,0.0,1.0,0.0,0,0,0,3,1,5,128,128,128,128,0,0.0,1.0,0.0,0,0,0,5,1,10,128,128.0,128,128,0,0.0,1.0,0.0,0,0,0,10,1,30,132,128.0,128,183,55,11.301917241483116,0.8333333333333334,0.16666666666666663,4.137931034482759,44,6,14,0,0,,[],0,0,,[],105.0,0.6087614290087207,0.7933533402912352
2026-09-27,2026-09-26T23:31:00Z,Core,Sleep,0,128,observedRawSignal,6210951E-9800-5B3A-8611-FE16E658B0EA,0000,1,128,1,0,0,0,1,3,128,128,128,128,0,0.0,1.0,0.0,0,0,0,3,1,5,128,128,128,128,0,0.0,1.0,0.0,0,0,0,5,1,10,128,128.0,128,128,0,0.0,1.0,0.0,0,0,0,10,1,30,132,128.0,128,183,55,11.301917241483116,0.8333333333333334,0.16666666666666663,4.137931034482759,44,6,15,0,0,,[],0,0,,[],106.0,0.6122172800344493,0.7906895737438434
2026-09-27,2026-09-26T23:32:00Z,Core,Sleep,0,128,observedRawSignal,6210951E-9800-5B3A-8611-FE16E658B0EA,0000,1,128,1,0,0,0,1,3,128,128,128,128,0,0.0,1.0,0.0,0,0,0,3,1,5,128,128,128,128,0,0.0,1.0,0.0,0,0,0,5,1,10,128,128.0,128,128,0,0.0,1.0,0.0,0,0,0,10,1,30,132,128.0,128,183,55,11.301917241483116,0.8333333333333334,0.16666666666666663,4.137931034482759,44,6,16,0,0,,[],0,0,,[],107.0,0.6156614753256582,0.788010753606722
2026-09-27,2026-09-26T23:33:00Z,Core,Sleep,0,128,observedRawSignal,6210951E-9800-5B3A-8611-FE16E658B0EA,0000,1,128,1,0,0,0,1,3,128,128,128,128,0,0.0,1.0,0.0,0,0,0,3,1,5,128,128,128,128,0,0.0,1.0,0.0,0,0,0,5,1,10,128,128.0,128,128,0,0.0,1.0,0.0,0,0,0,10,1,30,132,128.0,128,183,55,11.301917241483116,0.8333333333333334,0.16666666666666663,4.137931034482759,44,6,17,0,0,,[],0,0,,[],108.0,0.619093949309834,0.785316930880745
2026-09-27,2026-09-26T23:34:00Z,Core,Sleep,0,128,observedRawSignal,6210951E-9800-5B3A-8611-FE16E658B0EA,0000,1,128,1,0,0,0,1,3,128,128,128,128,0,0.0,1.0,0.0,0,0,0,3,1,5,128,128,128,128,0,0.0,1.0,0.0,0,0,0,5,1,10,128,128.0,128,128,0,0.0,1.0,0.0,0,0,0,10,1,30,132,128.0,128,183,55,11.301917241483116,0.8333333333333334,0.16666666666666663,4.137931034482759,44,6,18,0,0,,[],0,0,,[],109.0,0.6225146366376196,0.7826081568524139
2026-09-27,2026-09-26T23:35:00Z,Core,Sleep,0,128,observedRawSignal,6210951E-9800-5B3A-8611-FE16E658B0EA,0000,1,128,1,0,0,0,1,3,128,128,128,128,0,0.0,1.0,0.0,0,0,0,3,1,5,128,128,128,128,0,0.0,1.0,0.0,0,0,0,5,1,10,128,128.0,128,128,0,0.0,1.0,0.0,0,0,0,10,1,30,132,128.0,128,183,55,11.301917241483116,0.8333333333333334,0.16666666666666663,4.137931034482759,44,6,19,1,1,73,"[""c27e8ebc504c12ca1f7d05e65990cf7c4190192dae580b44426d3fd5fd6d5e73""]",1,1,11,"[""852233a9e555ff86d56dce4b23a7c7e0f81642b1fd85849ce8c4003f5357d2ff""]",110.0,0.6259234721840591,0.7798844830928818
2026-09-27,2026-09-26T23:36:00Z,Core,Sleep,0,128,observedRawSignal,6210951E-9800-5B3A-8611-FE16E658B0EA,0000,1,128,1,0,0,0,1,3,128,128,128,128,0,0.0,1.0,0.0,0,0,0,3,1,5,128,128,128,128,0,0.0,1.0,0.0,0,0,0,5,1,10,128,128.0,128,128,0,0.0,1.0,0.0,0,0,0,10,1,30,132,128.0,128,183,55,11.301917241483116,0.8333333333333334,0.16666666666666663,4.137931034482759,44,6,20,0,0,,[],0,0,,[],111.0,0.6293203910498374,0.7771459614569709
2026-09-27,2026-09-26T23:37:00Z,Core,Sleep,0,128,observedRawSignal,6210951E-9800-5B3A-8611-FE16E658B0EA,0000,1,128,1,0,0,0,1,3,128,128,128,128,0,0.0,1.0,0.0,0,0,0,3,1,5,128,128,128,128,0,0.0,1.0,0.0,0,0,0,5,1,10,128,128.0,128,128,0,0.0,1.0,0.0,0,0,0,10,1,30,132,128.0,128,183,55,11.301917241483116,0.8333333333333334,0.16666666666666663,4.137931034482759,44,6,21,0,0,,[],0,0,,[],112.0,0.6327053285625159,0.7743926440821857
2026-09-27,2026-09-26T23:38:00Z,Core,Sleep,0,128,observedRawSignal,6210951E-9800-5B3A-8611-FE16E658B0EA,0000,1,128,1,0,0,0,1,3,128,128,128,128,0,0.0,1.0,0.0,0,0,0,3,1,5,128,128,128,128,0,0.0,1.0,0.0,0,0,0,5,1,10,128,128.0,128,128,0,0.0,1.0,0.0,0,0,0,10,1,30,132,128.0,128,183,55,11.301917241483116,0.8333333333333334,0.16666666666666663,4.137931034482759,44,6,22,0,0,,[],0,0,,[],113.0,0.636078220277764,0.77162458338772
2026-09-27,2026-09-26T23:39:00Z,Core,Sleep,0,128,observedRawSignal,6210951E-9800-5B3A-8611-FE16E658B0EA,0000,1,128,1,0,0,0,1,3,128,128,128,128,0,0.0,1.0,0.0,0,0,0,3,1,5,128,128,128,128,0,0.0,1.0,0.0,0,0,0,5,1,10,128,128.0,128,128,0,0.0,1.0,0.0,0,0,0,10,1,30,132,128.0,128,183,55,11.301917241483116,0.8333333333333334,0.16666666666666663,4.137931034482759,44,6,23,0,0,,[],0,0,,[],114.0,0.6394390019805848,0.7688418320734595
2026-09-27,2026-09-26T23:40:00Z,Core,Sleep,0,128,observedRawSignal,6210951E-9800-5B3A-8611-FE16E658B0EA,0000,1,128,1,0,0,0,1,3,128,128,128,128,0,0.0,1.0,0.0,0,0,0,3,1,5,128,128,128,128,0,0.0,1.0,0.0,0,0,0,5,1,10,128,128.0,128,128,0,0.0,1.0,0.0,0,0,0,10,1,30,132,128.0,128,183,55,11.301917241483116,0.8333333333333334,0.16666666666666663,4.137931034482759,44,6,24,0,0,,[],0,0,,[],115.0,0.6427876096865393,0.766044443118978
2026-09-27,2026-09-26T23:41:00Z,Core,Sleep,0,133,observedRawSignal,6210951E-9800-5B3A-8611-FE16E658B0EA,0000,1,133,0,5,5,5,1,3,129.66666666666666,128,128,133,5,2.3570226039551585,0.6666666666666666,0.33333333333333337,2.5,5,1,2,1,5,129,128,128,133,5,2.0,0.8,0.19999999999999996,1.25,5,1,4,1,10,128.5,128.0,128,133,5,1.5,0.9,0.09999999999999998,0.5555555555555556,5,1,9,1,30,132.16666666666666,128.0,128,183,55,11.278544035271377,0.8,0.19999999999999996,3.413793103448276,44,6,24,0,0,,[],0,0,,[],116.0,0.6461239796429638,0.7632324697825289
2026-09-27,2026-09-26T23:42:00Z,Core,Sleep,0,132,observedRawSignal,6210951E-9800-5B3A-8611-FE16E658B0EA,0000,1,132,0,4,-1,1,1,3,131,132,128,133,5,2.160246899469287,0.3333333333333333,0.6666666666666667,3,5,2,1,1,5,129.8,128,128,133,5,2.227105745132009,0.6,0.4,1.5,5,2,3,1,10,128.9,128.0,128,133,5,1.8138357147217055,0.8,0.19999999999999996,0.6666666666666666,5,2,8,1,30,131.43333333333334,128.0,128,183,55,10.525155052961875,0.8,0.19999999999999996,3.2758620689655173,44,6,24,0,0,,[],0,0,,[],117.0,0.6494480483301837,0.7604059656000309
2026-09-27,2026-09-26T23:43:00Z,Core,Sleep,0,128,observedRawSignal,6210951E-9800-5B3A-8611-FE16E658B0EA,0000,1,128,1,0,-4,4,1,3,131,132,128,133,5,2.160246899469287,0.3333333333333333,0.6666666666666667,2.5,4,2,1,1,5,129.8,128,128,133,5,2.227105745132009,0.6,0.4,2.5,5,3,2,1,10,128.9,128.0,128,133,5,1.8138357147217055,0.8,0.19999999999999996,1.1111111111111112,5,3,7,1,30,130.73333333333332,128.0,128,183,55,10.019758258339149,0.8333333333333334,0.16666666666666663,2.2413793103448274,44,6,24,0,0,,[],0,0,,[],118.0,0.6527597524627224,0.7575649843840496
2026-09-27,2026-09-26T23:44:00Z,Core,Sleep,0,128,observedRawSignal,6210951E-9800-5B3A-8611-FE16E658B0EA,0000,1,128,1,0,0,0,1,3,129.33333333333334,128,128,132,4,1.8856180831641267,0.6666666666666666,0.33333333333333337,2,4,1,2,1,5,129.8,128,128,133,5,2.227105745132009,0.6,0.4,2.5,5,3,2,1,10,128.9,128.0,128,133,5,1.8138357147217055,0.8,0.19999999999999996,1.1111111111111112,5,3,6,1,30,128.9,128.0,128,139,11,2.494660965609021,0.8666666666666667,0.1333333333333333,0.7241379310344828,7,5,24,0,0,,[],0,0,,[],119.0,0.6560590289905072,0.754709580222772
2026-09-27,2026-09-26T23:45:00Z,Core,Sleep,0,130,observedRawSignal,6210951E-9800-5B3A-8611-FE16E658B0EA,0000,1,130,0,2,2,2,1,3,128.66666666666666,128,128,130,2,0.9428090415820634,0.6666666666666666,0.33333333333333337,1,2,1,2,1,5,130.2,130,128,133,5,2.039607805437114,0.4,0.6,1.75,4,3,2,1,10,129.1,128.0,128,133,5,1.8138357147217055,0.7,0.30000000000000004,1.3333333333333333,5,4,5,1,30,128.6,128.0,128,135,7,1.6653327995729061,0.8666666666666667,0.1333333333333333,0.6551724137931034,7,5,24,0,0,,[],0,0,,[],120.0,0.6593458151000688,0.7518398074789775
2026-09-27,2026-09-26T23:46:00Z,Core,Sleep,0,128,observedRawSignal,6210951E-9800-5B3A-8611-FE16E658B0EA,0000,1,128,1,0,-2,2,1,3,128.66666666666666,128,128,130,2,0.9428090415820634,0.6666666666666666,0.33333333333333337,2,2,2,1,1,5,129.2,128,128,132,4,1.6,0.6,0.4,2,4,3,2,1,10,129.1,128.0,128,133,5,1.8138357147217055,0.7,0.30000000000000004,1.5555555555555556,5,5,4,1,30,128.36666666666667,128.0,128,133,5,1.168569876197207,0.9,0.09999999999999998,0.4827586206896552,5,5,24,0,0,,[],0,0,,[],121.0,0.6626200482157375,0.7489557207890021
2026-09-27,2026-09-26T23:47:00Z,Core,Sleep,0,128,observedRawSignal,6210951E-9800-5B3A-8611-FE16E658B0EA,0000,1,128,1,0,0,0,1,3,128.66666666666666,128,128,130,2,0.9428090415820634,0.6666666666666666,0.33333333333333337,1,2,1,2,1,5,128.4,128,128,130,2,0.8,0.8,0.19999999999999996,1,2,2,2,1,10,129.1,128.0,128,133,5,1.8138357147217055,0.7,0.30000000000000004,1.5555555555555556,5,5,3,1,30,128.36666666666667,128.0,128,133,5,1.168569876197207,0.9,0.09999999999999998,0.4827586206896552,5,5,23,0,0,,[],0,0,,[],122.0,0.6658816660008343,0.7460573750616994
2026-09-27,2026-09-26T23:48:00Z,Core,Sleep,0,128,observedRawSignal,6210951E-9800-5B3A-8611-FE16E658B0EA,0000,1,128,1,0,0,0,1,3,128,128,128,128,0,0.0,1.0,0.0,0,0,0,3,1,5,128.4,128,128,130,2,0.8,0.8,0.19999999999999996,1,2,2,3,1,10,129.1,128.0,128,133,5,1.8138357147217055,0.7,0.30000000000000004,1.5555555555555556,5,5,3,1,30,128.36666666666667,128.0,128,133,5,1.168569876197207,0.9,0.09999999999999998,0.4827586206896552,5,5,22,0,0,,[],0,0,,[],123.0,0.6691306063588582,0.7431448254773942
2026-09-27,2026-09-26T23:49:00Z,Core,Sleep,0,128,observedRawSignal,6210951E-9800-5B3A-8611-FE16E658B0EA,0000,1,128,1,0,0,0,1,3,128,128,128,128,0,0.0,1.0,0.0,0,0,0,3,1,5,128.4,128,128,130,2,0.8,0.8,0.19999999999999996,0.5,2,1,4,1,10,129.1,128.0,128,133,5,1.8138357147217055,0.7,0.30000000000000004,1.5555555555555556,5,5,4,1,30,128.36666666666667,128.0,128,133,5,1.168569876197207,0.9,0.09999999999999998,0.4827586206896552,5,5,21,0,0,,[],0,0,,[],124.0,0.672366807434668,0.7402181274868321
2026-09-27,2026-09-26T23:50:00Z,Core,Sleep,0,128,observedRawSignal,6210951E-9800-5B3A-8611-FE16E658B0EA,0000,1,128,1,0,0,0,1,3,128,128,128,128,0,0.0,1.0,0.0,0,0,0,3,1,5,128,128,128,128,0,0.0,1.0,0.0,0,0,0,5,1,10,129.1,128.0,128,133,5,1.8138357147217055,0.7,0.30000000000000004,1,4,4,5,1,30,128.36666666666667,128.0,128,133,5,1.168569876197207,0.9,0.09999999999999998,0.4827586206896552,5,5,20,0,0,,[],0,0,,[],125.0,0.6755902076156602,0.7372773368101241
2026-09-27,2026-09-26T23:51:00Z,Core,Sleep,0,128,observedRawSignal,6210951E-9800-5B3A-8611-FE16E658B0EA,0000,1,128,1,0,0,0,1,3,128,128,128,128,0,0.0,1.0,0.0,0,0,0,3,1,5,128,128,128,128,0,0.0,1.0,0.0,0,0,0,5,1,10,128.6,128.0,128,132,4,1.2806248474865698,0.8,0.19999999999999996,0.8888888888888888,4,3,6,1,30,128.36666666666667,128.0,128,133,5,1.168569876197207,0.9,0.09999999999999998,0.4827586206896552,5,5,19,0,0,,[],0,0,,[],126.0,0.6788007455329418,0.7343225094356856
2026-09-27,2026-09-26T23:52:00Z,Core,Sleep,0,128,observedRawSignal,6210951E-9800-5B3A-8611-FE16E658B0EA,0000,1,128,1,0,0,0,1,3,128,128,128,128,0,0.0,1.0,0.0,0,0,0,3,1,5,128,128,128,128,0,0.0,1.0,0.0,0,0,0,5,1,10,128.2,128.0,128,130,2,0.6,0.9,0.09999999999999998,0.4444444444444444,2,2,7,1,30,128.36666666666667,128.0,128,133,5,1.168569876197207,0.9,0.09999999999999998,0.4827586206896552,5,5,18,0,0,,[],0,0,,[],127.0,0.6819983600624985,0.7313537016191706
2026-09-27,2026-09-26T23:53:00Z,Core,Sleep,0,128,observedRawSignal,6210951E-9800-5B3A-8611-FE16E658B0EA,0000,1,128,1,0,0,0,1,3,128,128,128,128,0,0.0,1.0,0.0,0,0,0,3,1,5,128,128,128,128,0,0.0,1.0,0.0,0,0,0,5,1,10,128.2,128.0,128,130,2,0.6,0.9,0.09999999999999998,0.4444444444444444,2,2,8,1,30,128.36666666666667,128.0,128,133,5,1.168569876197207,0.9,0.09999999999999998,0.4827586206896552,5,5,17,0,0,,[],0,0,,[],128.0,0.6851829903263591,0.7283709698824002
2026-09-27,2026-09-26T23:54:00Z,Core,Sleep,0,128,observedRawSignal,6210951E-9800-5B3A-8611-FE16E658B0EA,0000,1,128,1,0,0,0,1,3,128,128,128,128,0,0.0,1.0,0.0,0,0,0,3,1,5,128,128,128,128,0,0.0,1.0,0.0,0,0,0,5,1,10,128.2,128.0,128,130,2,0.6,0.9,0.09999999999999998,0.2222222222222222,2,1,9,1,30,128.36666666666667,128.0,128,133,5,1.168569876197207,0.9,0.09999999999999998,0.4827586206896552,5,5,16,0,0,,[],0,0,,[],129.0,0.6883545756937539,0.7253743710122877
2026-09-27,2026-09-26T23:55:00Z,Core,Sleep,0,128,observedRawSignal,6210951E-9800-5B3A-8611-FE16E658B0EA,0000,1,128,1,0,0,0,1,3,128,128,128,128,0,0.0,1.0,0.0,0,0,0,3,1,5,128,128,128,128,0,0.0,1.0,0.0,0,0,0,5,1,10,128,128.0,128,128,0,0.0,1.0,0.0,0,0,0,10,1,30,128.36666666666667,128.0,128,133,5,1.168569876197207,0.9,0.09999999999999998,0.4827586206896552,5,5,15,0,0,,[],0,0,,[],130.0,0.6915130557822693,0.7223639620597556
2026-09-27,2026-09-26T23:56:00Z,Core,Sleep,0,128,observedRawSignal,6210951E-9800-5B3A-8611-FE16E658B0EA,0000,1,128,1,0,0,0,1,3,128,128,128,128,0,0.0,1.0,0.0,0,0,0,3,1,5,128,128,128,128,0,0.0,1.0,0.0,0,0,0,5,1,10,128,128.0,128,128,0,0.0,1.0,0.0,0,0,0,10,1,30,128.36666666666667,128.0,128,133,5,1.168569876197207,0.9,0.09999999999999998,0.4827586206896552,5,5,14,0,0,,[],0,0,,[],131.0,0.6946583704589973,0.7193398003386512
2026-09-27,2026-09-26T23:57:00Z,Core,Sleep,0,128,observedRawSignal,6210951E-9800-5B3A-8611-FE16E658B0EA,0000,1,128,1,0,0,0,1,3,128,128,128,128,0,0.0,1.0,0.0,0,0,0,3,1,5,128,128,128,128,0,0.0,1.0,0.0,0,0,0,5,1,10,128,128.0,128,128,0,0.0,1.0,0.0,0,0,0,10,1,30,128.36666666666667,128.0,128,133,5,1.168569876197207,0.9,0.09999999999999998,0.4827586206896552,5,5,13,0,0,,[],0,0,,[],132.0,0.6977904598416801,0.7163019434246543
2026-09-27,2026-09-26T23:58:00Z,Core,Sleep,0,128,observedRawSignal,6210951E-9800-5B3A-8611-FE16E658B0EA,0000,1,128,1,0,0,0,1,3,128,128,128,128,0,0.0,1.0,0.0,0,0,0,3,1,5,128,128,128,128,0,0.0,1.0,0.0,0,0,0,5,1,10,128,128.0,128,128,0,0.0,1.0,0.0,0,0,0,10,1,30,128.36666666666667,128.0,128,133,5,1.168569876197207,0.9,0.09999999999999998,0.4827586206896552,5,5,13,0,0,,[],0,0,,[],133.0,0.7009092642998509,0.7132504491541816
2026-09-27,2026-09-26T23:59:00Z,Core,Sleep,0,128,observedRawSignal,6210951E-9800-5B3A-8611-FE16E658B0EA,0000,1,128,1,0,0,0,1,3,128,128,128,128,0,0.0,1.0,0.0,0,0,0,3,1,5,128,128,128,128,0,0.0,1.0,0.0,0,0,0,5,1,10,128,128.0,128,128,0,0.0,1.0,0.0,0,0,0,10,1,30,128.36666666666667,128.0,128,133,5,1.168569876197207,0.9,0.09999999999999998,0.4827586206896552,5,5,14,0,0,,[],0,0,,[],134.0,0.7040147244559684,0.7101853756232854
2026-09-27,2026-09-27T00:00:00Z,REM,Sleep,0,128,observedRawSignal,F8FDD703-AC97-5BDF-B378-814F06A209D0,0001,1,128,1,0,0,0,1,3,128,128,128,128,0,0.0,1.0,0.0,0,0,0,3,1,5,128,128,128,128,0,0.0,1.0,0.0,0,0,0,5,1,10,128,128.0,128,128,0,0.0,1.0,0.0,0,0,0,10,1,30,128.36666666666667,128.0,128,133,5,1.168569876197207,0.9,0.09999999999999998,0.4827586206896552,5,5,15,0,0,,[],0,0,,[],135.0,0.7071067811865475,0.7071067811865476
2026-09-27,2026-09-27T00:01:00Z,REM,Sleep,0,128,observedRawSignal,F8FDD703-AC97-5BDF-B378-814F06A209D0,0001,1,128,1,0,0,0,1,3,128,128,128,128,0,0.0,1.0,0.0,0,0,0,3,1,5,128,128,128,128,0,0.0,1.0,0.0,0,0,0,5,1,10,128,128.0,128,128,0,0.0,1.0,0.0,0,0,0,10,1,30,128.36666666666667,128.0,128,133,5,1.168569876197207,0.9,0.09999999999999998,0.4827586206896552,5,5,16,0,0,,[],0,0,,[],136.0,0.7101853756232853,0.7040147244559684
2026-09-27,2026-09-27T00:02:00Z,REM,Sleep,0,130,observedRawSignal,F8FDD703-AC97-5BDF-B378-814F06A209D0,0001,1,130,0,2,2,2,1,3,128.66666666666666,128,128,130,2,0.9428090415820634,0.6666666666666666,0.33333333333333337,1,2,1,2,1,5,128.4,128,128,130,2,0.8,0.8,0.19999999999999996,0.5,2,1,4,1,10,128.2,128.0,128,130,2,0.6,0.9,0.09999999999999998,0.2222222222222222,2,1,9,1,30,128.43333333333334,128.0,128,133,5,1.2023125864580957,0.8666666666666667,0.1333333333333333,0.5517241379310345,5,6,16,0,0,,[],0,0,,[],137.0,0.7132504491541816,0.7009092642998509
2026-09-27,2026-09-27T00:03:00Z,REM,Sleep,0,128,observedRawSignal,F8FDD703-AC97-5BDF-B378-814F06A209D0,0001,1,128,1,0,-2,2,1,3,128.66666666666666,128,128,130,2,0.9428090415820634,0.6666666666666666,0.33333333333333337,2,2,2,1,1,5,128.4,128,128,130,2,0.8,0.8,0.19999999999999996,1,2,2,3,1,10,128.2,128.0,128,130,2,0.6,0.9,0.09999999999999998,0.4444444444444444,2,2,8,1,30,128.43333333333334,128.0,128,133,5,1.2023125864580957,0.8666666666666667,0.1333333333333333,0.6206896551724138,5,7,16,0,0,,[],0,0,,[],138.0,0.7163019434246541,0.6977904598416802
2026-09-27,2026-09-27T00:04:00Z,REM,Sleep,0,128,observedRawSignal,F8FDD703-AC97-5BDF-B378-814F06A209D0,0001,1,128,1,0,0,0,1,3,128.66666666666666,128,128,130,2,0.9428090415820634,0.6666666666666666,0.33333333333333337,1,2,1,2,1,5,128.4,128,128,130,2,0.8,0.8,0.19999999999999996,1,2,2,2,1,10,128.2,128.0,128,130,2,0.6,0.9,0.09999999999999998,0.4444444444444444,2,2,7,1,30,128.43333333333334,128.0,128,133,5,1.2023125864580957,0.8666666666666667,0.1333333333333333,0.6206896551724138,5,7,16,0,0,,[],0,0,,[],139.0,0.7193398003386511,0.6946583704589974
2026-09-27,2026-09-27T00:05:00Z,REM,Sleep,0,140,observedRawSignal,F8FDD703-AC97-5BDF-B378-814F06A209D0,0001,1,140,0,12,12,12,1,3,132,128,128,140,12,5.656854249492381,0.6666666666666666,0.33333333333333337,6,12,1,2,1,5,130.8,128,128,140,12,4.664761515876241,0.6,0.4,4,12,3,2,1,10,129.4,128.0,128,140,12,3.5832945734337835,0.8,0.19999999999999996,1.7777777777777777,12,3,6,1,30,128.83333333333334,128.0,128,140,12,2.395597814510793,0.8333333333333334,0.16666666666666663,1.0344827586206897,12,8,16,1,1,77,"[""66c3fd827439f64239d991bf03b7fd5106c7536517c279e4df5a22a956b3918f""]",1,1,11,"[""ebb8804c0e97b7e91cac18ab584ffc997c659f874381abe291c9865610cafaef""]",140.0,0.7223639620597555,0.6915130557822694
2026-09-27,2026-09-27T00:06:00Z,REM,Sleep,0,128,observedRawSignal,F8FDD703-AC97-5BDF-B378-814F06A209D0,0001,1,128,1,0,-12,12,1,3,132,128,128,140,12,5.656854249492381,0.6666666666666666,0.33333333333333337,12,12,2,1,1,5,130.8,128,128,140,12,4.664761515876241,0.6,0.4,6.5,12,3,2,1,10,129.4,128.0,128,140,12,3.5832945734337835,0.8,0.19999999999999996,3.111111111111111,12,4,5,1,30,128.83333333333334,128.0,128,140,12,2.395597814510793,0.8333333333333334,0.16666666666666663,1.4482758620689655,12,9,16,0,0,,[],0,0,,[],141.0,0.7253743710122876,0.688354575693754
2026-09-27,2026-09-27T00:07:00Z,REM,Sleep,0,128,observedRawSignal,F8FDD703-AC97-5BDF-B378-814F06A209D0,0001,1,128,1,0,0,0,1,3,132,128,128,140,12,5.656854249492381,0.6666666666666666,0.33333333333333337,6,12,1,2,1,5,130.4,128,128,140,12,4.8,0.8,0.19999999999999996,6,12,2,2,1,10,129.4,128.0,128,140,12,3.5832945734337835,0.8,0.19999999999999996,3.111111111111111,12,4,4,1,30,128.83333333333334,128.0,128,140,12,2.395597814510793,0.8333333333333334,0.16666666666666663,1.4482758620689655,12,9,16,0,0,,[],0,0,,[],142.0,0.7283709698824004,0.6851829903263591
2026-09-27,2026-09-27T00:08:00Z,REM,Sleep,0,128,observedRawSignal,F8FDD703-AC97-5BDF-B378-814F06A209D0,0001,1,128,1,0,0,0,1,3,128,128,128,128,0,0.0,1.0,0.0,0,0,0,3,1,5,130.4,128,128,140,12,4.8,0.8,0.19999999999999996,6,12,2,3,1,10,129.4,128.0,128,140,12,3.5832945734337835,0.8,0.19999999999999996,3.111111111111111,12,4,3,1,30,128.83333333333334,128.0,128,140,12,2.395597814510793,0.8333333333333334,0.16666666666666663,1.4482758620689655,12,9,16,0,0,,[],0,0,,[],143.0,0.7313537016191705,0.6819983600624985
2026-09-27,2026-09-27T00:09:00Z,REM,Sleep,0,128,observedRawSignal,F8FDD703-AC97-5BDF-B378-814F06A209D0,0001,1,128,1,0,0,0,1,3,128,128,128,128,0,0.0,1.0,0.0,0,0,0,3,1,5,130.4,128,128,140,12,4.8,0.8,0.19999999999999996,3,12,1,4,1,10,129.4,128.0,128,140,12,3.5832945734337835,0.8,0.19999999999999996,3.111111111111111,12,4,4,1,30,128.83333333333334,128.0,128,140,12,2.395597814510793,0.8333333333333334,0.16666666666666663,1.4482758620689655,12,9,16,0,0,,[],0,0,,[],144.0,0.7343225094356854,0.6788007455329418
2026-09-27,2026-09-27T00:10:00Z,REM,Sleep,0,128,observedRawSignal,F8FDD703-AC97-5BDF-B378-814F06A209D0,0001,1,128,1,0,0,0,1,3,128,128,128,128,0,0.0,1.0,0.0,0,0,0,3,1,5,128,128,128,128,0,0.0,1.0,0.0,0,0,0,5,1,10,129.4,128.0,128,140,12,3.5832945734337835,0.8,0.19999999999999996,3.111111111111111,12,4,5,1,30,128.83333333333334,128.0,128,140,12,2.395597814510793,0.8333333333333334,0.16666666666666663,1.2758620689655173,12,8,16,0,0,,[],0,0,,[],145.0,0.7372773368101241,0.6755902076156602
2026-09-27,2026-09-27T00:11:00Z,REM,Sleep,0,128,observedRawSignal,F8FDD703-AC97-5BDF-B378-814F06A209D0,0001,1,128,1,0,0,0,1,3,128,128,128,128,0,0.0,1.0,0.0,0,0,0,3,1,5,128,128,128,128,0,0.0,1.0,0.0,0,0,0,5,1,10,129.4,128.0,128,140,12,3.5832945734337835,0.8,0.19999999999999996,2.888888888888889,12,3,6,1,30,128.66666666666666,128.0,128,140,12,2.270584848790187,0.8666666666666667,0.1333333333333333,1.2413793103448276,12,7,16,0,0,,[],0,0,,[],146.0,0.7402181274868321,0.672366807434668
2026-09-27,2026-09-27T00:12:00Z,REM,Sleep,0,128,observedRawSignal,F8FDD703-AC97-5BDF-B378-814F06A209D0,0001,1,128,1,0,0,0,1,3,128,128,128,128,0,0.0,1.0,0.0,0,0,0,3,1,5,128,128,128,128,0,0.0,1.0,0.0,0,0,0,5,1,10,129.2,128.0,128,140,12,3.6,0.9,0.09999999999999998,2.6666666666666665,12,2,7,1,30,128.53333333333333,128.0,128,140,12,2.1868292622475636,0.9,0.09999999999999998,1.103448275862069,12,6,16,0,0,,[],0,0,,[],147.0,0.7431448254773942,0.6691306063588582
2026-09-27,2026-09-27T00:13:00Z,REM,Sleep,0,128,observedRawSignal,F8FDD703-AC97-5BDF-B378-814F06A209D0,0001,1,128,1,0,0,0,1,3,128,128,128,128,0,0.0,1.0,0.0,0,0,0,3,1,5,128,128,128,128,0,0.0,1.0,0.0,0,0,0,5,1,10,129.2,128.0,128,140,12,3.6,0.9,0.09999999999999998,2.6666666666666665,12,2,8,1,30,128.53333333333333,128.0,128,140,12,2.1868292622475636,0.9,0.09999999999999998,1.103448275862069,12,6,16,0,0,,[],0,0,,[],148.0,0.7460573750616996,0.6658816660008343
2026-09-27,2026-09-27T00:14:00Z,REM,Sleep,0,128,observedRawSignal,F8FDD703-AC97-5BDF-B378-814F06A209D0,0001,1,128,1,0,0,0,1,3,128,128,128,128,0,0.0,1.0,0.0,0,0,0,3,1,5,128,128,128,128,0,0.0,1.0,0.0,0,0,0,5,1,10,129.2,128.0,128,140,12,3.6,0.9,0.09999999999999998,1.3333333333333333,12,1,9,1,30,128.53333333333333,128.0,128,140,12,2.1868292622475636,0.9,0.09999999999999998,1.0344827586206897,12,5,16,0,0,,[],0,0,,[],149.0,0.7489557207890021,0.6626200482157375
2026-09-27,2026-09-27T00:15:00Z,REM,Sleep,0,128,observedRawSignal,F8FDD703-AC97-5BDF-B378-814F06A209D0,0001,1,128,1,0,0,0,1,3,128,128,128,128,0,0.0,1.0,0.0,0,0,0,3,1,5,128,128,128,128,0,0.0,1.0,0.0,0,0,0,5,1,10,128,128.0,128,128,0,0.0,1.0,0.0,0,0,0,10,1,30,128.46666666666667,128.0,128,140,12,2.171532996653644,0.9333333333333333,0.06666666666666665,0.9655172413793104,12,4,16,0,0,,[],0,0,,[],150.0,0.7518398074789774,0.659345815100069
2026-09-27,2026-09-27T00:16:00Z,REM,Sleep,0,128,observedRawSignal,F8FDD703-AC97-5BDF-B378-814F06A209D0,0001,1,128,1,0,0,0,1,3,128,128,128,128,0,0.0,1.0,0.0,0,0,0,3,1,5,128,128,128,128,0,0.0,1.0,0.0,0,0,0,5,1,10,128,128.0,128,128,0,0.0,1.0,0.0,0,0,0,10,1,30,128.46666666666667,128.0,128,140,12,2.171532996653644,0.9333333333333333,0.06666666666666665,0.9655172413793104,12,4,15,0,0,,[],0,0,,[],151.0,0.754709580222772,0.6560590289905073
2026-09-27,2026-09-27T00:17:00Z,Deep,Sleep,0,128,observedRawSignal,F8FDD703-AC97-5BDF-B378-814F06A209D0,0001,1,128,1,0,0,0,1,3,128,128,128,128,0,0.0,1.0,0.0,0,0,0,3,1,5,128,128,128,128,0,0.0,1.0,0.0,0,0,0,5,1,10,128,128.0,128,128,0,0.0,1.0,0.0,0,0,0,10,1,30,128.46666666666667,128.0,128,140,12,2.171532996653644,0.9333333333333333,0.06666666666666665,0.9655172413793104,12,4,14,0,0,,[],0,0,,[],152.0,0.7575649843840495,0.6527597524627226
2026-09-27,2026-09-27T00:18:00Z,Deep,Sleep,0,128,observedRawSignal,F8FDD703-AC97-5BDF-B378-814F06A209D0,0001,1,128,1,0,0,0,1,3,128,128,128,128,0,0.0,1.0,0.0,0,0,0,3,1,5,128,128,128,128,0,0.0,1.0,0.0,0,0,0,5,1,10,128,128.0,128,128,0,0.0,1.0,0.0,0,0,0,10,1,30,128.46666666666667,128.0,128,140,12,2.171532996653644,0.9333333333333333,0.06666666666666665,0.9655172413793104,12,4,13,0,0,,[],0,0,,[],153.0,0.760405965600031,0.6494480483301835
2026-09-27,2026-09-27T00:19:00Z,Deep,Sleep,0,136,observedRawSignal,F8FDD703-AC97-5BDF-B378-814F06A209D0,0001,1,136,0,8,8,8,1,3,130.66666666666666,128,128,136,8,3.7712361663282534,0.6666666666666666,0.33333333333333337,4,8,1,2,1,5,129.6,128,128,136,8,3.2,0.8,0.19999999999999996,2,8,1,4,1,10,128.8,128.0,128,136,8,2.4,0.9,0.09999999999999998,0.8888888888888888,8,1,9,1,30,128.73333333333332,128.0,128,140,12,2.55516905289824,0.9,0.09999999999999998,1.2413793103448276,12,5,13,0,0,,[],0,0,,[],154.0,0.7632324697825289,0.6461239796429639
2026-09-27,2026-09-27T00:20:00Z,Deep,Sleep,0,128,observedRawSignal,F8FDD703-AC97-5BDF-B378-814F06A209D0,0001,1,128,1,0,-8,8,1,3,130.66666666666666,128,128,136,8,3.7712361663282534,0.6666666666666666,0.33333333333333337,8,8,2,1,1,5,129.6,128,128,136,8,3.2,0.8,0.19999999999999996,4,8,2,3,1,10,128.8,128.0,128,136,8,2.4,0.9,0.09999999999999998,1.7777777777777777,8,2,8,1,30,128.73333333333332,128.0,128,140,12,2.55516905289824,0.9,0.09999999999999998,1.5172413793103448,12,6,13,0,0,,[],0,0,,[],155.0,0.766044443118978,0.6427876096865394
2026-09-27,2026-09-27T00:21:00Z,Core,Sleep,0,128,observedRawSignal,F8FDD703-AC97-5BDF-B378-814F06A209D0,0001,1,128,1,0,0,0,1,3,130.66666666666666,128,128,136,8,3.7712361663282534,0.6666666666666666,0.33333333333333337,4,8,1,2,1,5,129.6,128,128,136,8,3.2,0.8,0.19999999999999996,4,8,2,2,1,10,128.8,128.0,128,136,8,2.4,0.9,0.09999999999999998,1.7777777777777777,8,2,7,1,30,128.73333333333332,128.0,128,140,12,2.55516905289824,0.9,0.09999999999999998,1.5172413793103448,12,6,13,0,0,,[],0,0,,[],156.0,0.7688418320734596,0.6394390019805847
2026-09-27,2026-09-27T00:22:00Z,Core,Sleep,0,128,observedRawSignal,F8FDD703-AC97-5BDF-B378-814F06A209D0,0001,1,128,1,0,0,0,1,3,128,128,128,128,0,0.0,1.0,0.0,0,0,0,3,1,5,129.6,128,128,136,8,3.2,0.8,0.19999999999999996,4,8,2,3,1,10,128.8,128.0,128,136,8,2.4,0.9,0.09999999999999998,1.7777777777777777,8,2,6,1,30,128.73333333333332,128.0,128,140,12,2.55516905289824,0.9,0.09999999999999998,1.5172413793103448,12,6,13,0,0,,[],0,0,,[],157.0,0.77162458338772,0.636078220277764
2026-09-27,2026-09-27T00:23:00Z,Core,Sleep,0,128,observedRawSignal,F8FDD703-AC97-5BDF-B378-814F06A209D0,0001,1,128,1,0,0,0,1,3,128,128,128,128,0,0.0,1.0,0.0,0,0,0,3,1,5,129.6,128,128,136,8,3.2,0.8,0.19999999999999996,2,8,1,4,1,10,128.8,128.0,128,136,8,2.4,0.9,0.09999999999999998,1.7777777777777777,8,2,5,1,30,128.73333333333332,128.0,128,140,12,2.55516905289824,0.9,0.09999999999999998,1.5172413793103448,12,6,13,0,0,,[],0,0,,[],158.0,0.7743926440821856,0.6327053285625162
2026-09-27,2026-09-27T00:24:00Z,Core,Sleep,0,128,observedRawSignal,F8FDD703-AC97-5BDF-B378-814F06A209D0,0001,1,128,1,0,0,0,1,3,128,128,128,128,0,0.0,1.0,0.0,0,0,0,3,1,5,128,128,128,128,0,0.0,1.0,0.0,0,0,0,5,1,10,128.8,128.0,128,136,8,2.4,0.9,0.09999999999999998,1.7777777777777777,8,2,5,1,30,128.73333333333332,128.0,128,140,12,2.55516905289824,0.9,0.09999999999999998,1.5172413793103448,12,6,13,0,0,,[],0,0,,[],159.0,0.7771459614569708,0.6293203910498375
2026-09-27,2026-09-27T00:25:00Z,Core,Sleep,0,138,observedRawSignal,F8FDD703-AC97-5BDF-B378-814F06A209D0,0001,1,138,0,10,10,10,1,3,131.33333333333334,128,128,138,10,4.714045207910317,0.6666666666666666,0.33333333333333337,5,10,1,2,1,5,130,128,128,138,10,4.0,0.8,0.19999999999999996,2.5,10,1,4,1,10,129.8,128.0,128,138,10,3.627671429443411,0.8,0.19999999999999996,2.888888888888889,10,3,5,1,30,129.06666666666666,128.0,128,140,12,3.043389922803554,0.8666666666666667,0.1333333333333333,1.8620689655172413,12,7,13,0,0,,[],0,0,,[],160.0,0.7798844830928817,0.6259234721840591
2026-09-27,2026-09-27T00:26:00Z,Core,Sleep,0,128,observedRawSignal,F8FDD703-AC97-5BDF-B378-814F06A209D0,0001,1,128,1,0,-10,10,1,3,131.33333333333334,128,128,138,10,4.714045207910317,0.6666666666666666,0.33333333333333337,10,10,2,1,1,5,130,128,128,138,10,4.0,0.8,0.19999999999999996,5,10,2,3,1,10,129.8,128.0,128,138,10,3.627671429443411,0.8,0.19999999999999996,4,10,4,5,1,30,129.06666666666666,128.0,128,140,12,3.043389922803554,0.8666666666666667,0.1333333333333333,2.206896551724138,12,8,13,0,0,,[],0,0,,[],161.0,0.7826081568524138,0.6225146366376196
2026-09-27,2026-09-27T00:27:00Z,Core,Sleep,0,128,observedRawSignal,F8FDD703-AC97-5BDF-B378-814F06A209D0,0001,1,128,1,0,0,0,1,3,131.33333333333334,128,128,138,10,4.714045207910317,0.6666666666666666,0.33333333333333337,5,10,1,2,1,5,130,128,128,138,10,4.0,0.8,0.19999999999999996,5,10,2,2,1,10,129.8,128.0,128,138,10,3.627671429443411,0.8,0.19999999999999996,4,10,4,5,1,30,129.06666666666666,128.0,128,140,12,3.043389922803554,0.8666666666666667,0.1333333333333333,2.206896551724138,12,8,13,0,0,,[],0,0,,[],162.0,0.7853169308807448,0.6190939493098341
2026-09-27,2026-09-27T00:28:00Z,Core,Sleep,0,128,observedRawSignal,F8FDD703-AC97-5BDF-B378-814F06A209D0,0001,1,128,1,0,0,0,1,3,128,128,128,128,0,0.0,1.0,0.0,0,0,0,3,1,5,130,128,128,138,10,4.0,0.8,0.19999999999999996,5,10,2,3,1,10,129.8,128.0,128,138,10,3.627671429443411,0.8,0.19999999999999996,3.111111111111111,10,3,5,1,30,129.06666666666666,128.0,128,140,12,3.043389922803554,0.8666666666666667,0.1333333333333333,2.206896551724138,12,8,13,0,0,,[],0,0,,[],163.0,0.788010753606722,0.6156614753256583
2026-09-27,2026-09-27T00:29:00Z,Core,Sleep,0,128,observedRawSignal,F8FDD703-AC97-5BDF-B378-814F06A209D0,0001,1,128,1,0,0,0,1,3,128,128,128,128,0,0.0,1.0,0.0,0,0,0,3,1,5,130,128,128,138,10,4.0,0.8,0.19999999999999996,2.5,10,1,4,1,10,129,128.0,128,138,10,3.0,0.9,0.09999999999999998,2.2222222222222223,10,2,5,1,30,129.06666666666666,128.0,128,140,12,3.043389922803554,0.8666666666666667,0.1333333333333333,2.206896551724138,12,8,13,0,0,,[],0,0,,[],164.0,0.7906895737438433,0.6122172800344493
2026-09-27,2026-09-27T00:30:00Z,REM,Sleep,0,145,observedRawSignal,F8FDD703-AC97-5BDF-B378-814F06A209D0,0001,1,145,0,17,17,17,1,3,133.66666666666666,128,128,145,17,8.013876853447538,0.6666666666666666,0.33333333333333337,8.5,17,1,2,1,5,131.4,128,128,145,17,6.8,0.8,0.19999999999999996,4.25,17,1,4,1,10,130.7,128.0,128,145,17,5.622277118748239,0.8,0.19999999999999996,4.111111111111111,17,3,4,1,30,129.63333333333333,128.0,128,145,17,4.167199965871035,0.8333333333333334,0.16666666666666663,2.793103448275862,17,9,13,0,0,,[],0,0,,[],165.0,0.7933533402912352,0.6087614290087207
2026-09-27,2026-09-27T00:31:00Z,REM,Sleep,0,138,observedRawSignal,F8FDD703-AC97-5BDF-B378-814F06A209D0,0001,1,138,0,10,-7,7,1,3,137,138,128,145,17,6.97614984548545,0.3333333333333333,0.6666666666666667,12,17,2,1,1,5,133.4,128,128,145,17,6.974238309665077,0.6,0.4,6,17,2,3,1,10,131.7,128.0,128,145,17,5.933801479658719,0.7,0.30000000000000004,4.888888888888889,17,4,4,1,30,129.96666666666667,128.0,128,145,17,4.415754622812378,0.8,0.19999999999999996,2.9655172413793105,17,9,13,0,0,,[],0,0,,[],166.0,0.796002002534622,0.6052939880428944
2026-09-27,2026-09-27T00:32:00Z,REM,Sleep,0,128,observedRawSignal,F8FDD703-AC97-5BDF-B378-814F06A209D0,0001,1,128,1,0,-10,10,1,3,137,138,128,145,17,6.97614984548545,0.3333333333333333,0.6666666666666667,8.5,10,2,1,1,5,133.4,128,128,145,17,6.974238309665077,0.6,0.4,8.5,17,3,2,1,10,131.7,128.0,128,145,17,5.933801479658719,0.7,0.30000000000000004,6,17,5,4,1,30,129.9,128.0,128,145,17,4.4298231717906456,0.8333333333333334,0.16666666666666663,3.2413793103448274,17,9,13,0,0,,[],0,0,,[],167.0,0.7986355100472928,0.6018150231520483
2026-09-27,2026-09-27T00:33:00Z,REM,Sleep,0,128,observedRawSignal,F8FDD703-AC97-5BDF-B378-814F06A209D0,0001,1,128,1,0,0,0,1,3,131.33333333333334,128,128,138,10,4.714045207910317,0.6666666666666666,0.33333333333333337,5,10,1,2,1,5,133.4,128,128,145,17,6.974238309665077,0.6,0.4,8.5,17,3,2,1,10,131.7,128.0,128,145,17,5.933801479658719,0.7,0.30000000000000004,6,17,5,4,1,30,129.9,128.0,128,145,17,4.4298231717906456,0.8333333333333334,0.16666666666666663,3.2413793103448274,17,9,13,0,0,,[],0,0,,[],168.0,0.8012538126910607,0.5983246005706591
2026-09-27,2026-09-27T00:34:00Z,REM,Sleep,0,128,observedRawSignal,F8FDD703-AC97-5BDF-B378-814F06A209D0,0001,1,128,1,0,0,0,1,3,128,128,128,128,0,0.0,1.0,0.0,0,0,0,3,1,5,133.4,128,128,145,17,6.974238309665077,0.6,0.4,4.25,10,2,3,1,10,131.7,128.0,128,145,17,5.933801479658719,0.7,0.30000000000000004,4.888888888888889,17,4,4,1,30,129.9,128.0,128,145,17,4.4298231717906456,0.8333333333333334,0.16666666666666663,2.8275862068965516,17,8,13,0,0,,[],0,0,,[],169.0,0.8038568606172173,0.5948227867513414
2026-09-27,2026-09-27T00:35:00Z,REM,Sleep,0,128,observedRawSignal,F8FDD703-AC97-5BDF-B378-814F06A209D0,0001,1,128,1,0,0,0,1,3,128,128,128,128,0,0.0,1.0,0.0,0,0,0,3,1,5,130,128,128,138,10,4.0,0.8,0.19999999999999996,2.5,10,1,4,1,10,130.7,128.0,128,145,17,5.622277118748239,0.8,0.19999999999999996,3.7777777777777777,17,3,4,1,30,129.5,128.0,128,145,17,4.02285139339416,0.8666666666666667,0.1333333333333333,2.413793103448276,17,7,13,1,1,66,"[""760137b28f39f41d0d6c15bbf9a1d9e8f7afe398e2b2daf3a0f5e1c9237cabb2""]",1,1,10,"[""173ddd42bc5fa0fdb48af0c9dc033685323e95622a539baa8e343611e135e4d2""]",170.0,0.8064446042674825,0.5913096483635825
2026-09-27,2026-09-27T00:36:00Z,REM,Sleep,0,128,observedRawSignal,F8FDD703-AC97-5BDF-B378-814F06A209D0,0001,1,128,1,0,0,0,1,3,128,128,128,128,0,0.0,1.0,0.0,0,0,0,3,1,5,128,128,128,128,0,0.0,1.0,0.0,0,0,0,5,1,10,130.7,128.0,128,145,17,5.622277118748239,0.8,0.19999999999999996,3.7777777777777777,17,3,5,1,30,129.5,128.0,128,145,17,4.02285139339416,0.8666666666666667,0.1333333333333333,2.413793103448276,17,7,12,0,0,,[],0,0,,[],171.0,0.8090169943749475,0.5877852522924731
2026-09-27,2026-09-27T00:37:00Z,Core,Sleep,0,134,observedRawSignal,F8FDD703-AC97-5BDF-B378-814F06A209D0,0001,1,134,0,6,6,6,1,3,130,128,128,134,6,2.8284271247461903,0.6666666666666666,0.33333333333333337,3,6,1,2,1,5,129.2,128,128,134,6,2.4,0.8,0.19999999999999996,1.5,6,1,4,1,10,131.3,128.0,128,145,17,5.622277118748239,0.7,0.30000000000000004,4.444444444444445,17,4,5,1,30,129.7,128.0,128,145,17,4.091861841916627,0.8333333333333334,0.16666666666666663,2.6206896551724137,17,8,11,0,0,,[],0,0,,[],172.0,0.8115739819650122,0.5842496656374345
2026-09-27,2026-09-27T00:38:00Z,Core,Sleep,0,129,observedRawSignal,F8FDD703-AC97-5BDF-B378-814F06A209D0,0001,1,129,0,1,-5,5,1,3,130.33333333333334,129,128,134,6,2.6246692913372702,0.3333333333333333,0.6666666666666667,5.5,6,2,1,1,5,129.4,128,128,134,6,2.3323807579381204,0.6,0.4,2.75,6,2,3,1,10,131.4,128.0,128,145,17,5.571355310873647,0.6,0.4,5,17,5,5,1,30,129.73333333333332,128.0,128,145,17,4.081938537291102,0.8,0.19999999999999996,2.793103448275862,17,9,10,0,0,,[],0,0,,[],173.0,0.8141155183563191,0.5807029557109399
2026-09-27,2026-09-27T00:39:00Z,Core,Sleep,0,128,observedRawSignal,F8FDD703-AC97-5BDF-B378-814F06A209D0,0001,1,128,1,0,-1,1,1,3,130.33333333333334,129,128,134,6,2.6246692913372702,0.3333333333333333,0.6666666666666667,3,5,2,1,1,5,129.4,128,128,134,6,2.3323807579381204,0.6,0.4,3,6,3,2,1,10,131.4,128.0,128,145,17,5.571355310873647,0.6,0.4,3.2222222222222223,10,5,5,1,30,129.73333333333332,128.0,128,145,17,4.081938537291102,0.8,0.19999999999999996,2.8275862068965516,17,10,9,0,0,,[],0,0,,[],174.0,0.8166415551616789,0.5771451900372336
2026-09-27,2026-09-27T00:40:00Z,Core,Sleep,0,128,observedRawSignal,F8FDD703-AC97-5BDF-B378-814F06A209D0,0001,1,128,1,0,0,0,1,3,128.33333333333334,128,128,129,1,0.4714045207910317,0.6666666666666666,0.33333333333333337,0.5,1,1,2,1,5,129.4,128,128,134,6,2.3323807579381204,0.6,0.4,3,6,3,2,1,10,129.7,128.0,128,138,10,3.2878564445547194,0.7,0.30000000000000004,2.4444444444444446,10,4,5,1,30,129.73333333333332,128.0,128,145,17,4.081938537291102,0.8,0.19999999999999996,2.8275862068965516,17,10,8,0,0,,[],0,0,,[],175.0,0.8191520442889918,0.573576436351046
2026-09-27,2026-09-27T00:41:00Z,Core,Sleep,0,134,observedRawSignal,F8FDD703-AC97-5BDF-B378-814F06A209D0,0001,1,134,0,6,6,6,1,3,130,128,128,134,6,2.8284271247461903,0.6666666666666666,0.33333333333333337,3,6,1,2,1,5,130.6,129,128,134,6,2.8,0.4,0.6,3,6,3,2,1,10,129.3,128.0,128,134,6,2.3685438564654024,0.7,0.30000000000000004,2,6,4,5,1,30,129.93333333333334,128.0,128,145,17,4.138706185378335,0.7666666666666667,0.23333333333333328,3.0344827586206895,17,11,7,0,0,,[],0,0,,[],176.0,0.8216469379421637,0.569996762596303
2026-09-27,2026-09-27T00:42:00Z,REM,Sleep,0,132,observedRawSignal,F8FDD703-AC97-5BDF-B378-814F06A209D0,0001,1,132,0,4,-2,2,1,3,131.33333333333334,132,128,134,6,2.494438257849294,0.3333333333333333,0.6666666666666667,4,6,2,1,1,5,130.2,129,128,134,6,2.4,0.4,0.6,2.25,6,3,2,1,10,129.7,128.0,128,134,6,2.451530134426253,0.6,0.4,2.2222222222222223,6,5,4,1,30,130.06666666666666,128.0,128,145,17,4.138706185378335,0.7333333333333333,0.2666666666666667,3.103448275862069,17,12,6,0,0,,[],0,0,,[],177.0,0.8241261886220157,0.5664062369248328
2026-09-27,2026-09-27T00:43:00Z,REM,Sleep,0,128,observedRawSignal,F8FDD703-AC97-5BDF-B378-814F06A209D0,0001,1,128,1,0,-4,4,1,3,131.33333333333334,132,128,134,6,2.494438257849294,0.3333333333333333,0.6666666666666667,3,4,2,1,1,5,130,128,128,134,6,2.5298221281347035,0.6,0.4,3,6,3,2,1,10,129.7,128.0,128,134,6,2.451530134426253,0.6,0.4,2.6666666666666665,6,6,3,1,30,130.06666666666666,128.0,128,145,17,4.138706185378335,0.7333333333333333,0.2666666666666667,3.2413793103448274,17,13,5,0,0,,[],0,0,,[],178.0,0.8265897491271886,0.5628049276950686
2026-09-27,2026-09-27T00:44:00Z,REM,Sleep,0,128,observedRawSignal,F8FDD703-AC97-5BDF-B378-814F06A209D0,0001,1,128,1,0,0,0,1,3,129.33333333333334,128,128,132,4,1.8856180831641267,0.6666666666666666,0.33333333333333337,2,4,1,2,1,5,130,128,128,134,6,2.5298221281347035,0.6,0.4,3,6,3,2,1,10,129.7,128.0,128,134,6,2.451530134426253,0.6,0.4,2.6666666666666665,6,6,2,1,30,130.06666666666666,128.0,128,145,17,4.138706185378335,0.7333333333333333,0.2666666666666667,3.2413793103448274,17,13,5,0,0,,[],0,0,,[],179.0,0.8290375725550417,0.5591929034707468
2026-09-27,2026-09-27T00:45:00Z,REM,Sleep,0,128,observedRawSignal,F8FDD703-AC97-5BDF-B378-814F06A209D0,0001,1,128,1,0,0,0,1,3,128,128,128,128,0,0.0,1.0,0.0,0,0,0,3,1,5,130,128,128,134,6,2.5298221281347035,0.6,0.4,1.5,4,2,3,1,10,129.7,128.0,128,134,6,2.451530134426253,0.6,0.4,2.6666666666666665,6,6,3,1,30,130.06666666666666,128.0,128,145,17,4.138706185378335,0.7333333333333333,0.2666666666666667,3.2413793103448274,17,13,5,0,0,,[],0,0,,[],180.0,0.8314696123025452,0.5555702330196023
2026-09-27,2026-09-27T00:46:00Z,REM,Sleep,0,128,observedRawSignal,F8FDD703-AC97-5BDF-B378-814F06A209D0,0001,1,128,1,0,0,0,1,3,128,128,128,128,0,0.0,1.0,0.0,0,0,0,3,1,5,128.8,128,128,132,4,1.6,0.8,0.19999999999999996,1,4,1,4,1,10,129.7,128.0,128,134,6,2.451530134426253,0.6,0.4,2,6,5,4,1,30,130.06666666666666,128.0,128,145,17,4.138706185378335,0.7333333333333333,0.2666666666666667,3.2413793103448274,17,13,5,0,0,,[],0,0,,[],181.0,0.8338858220671681,0.5519369853120583
2026-09-27,2026-09-27T00:47:00Z,REM,Sleep,0,128,observedRawSignal,F8FDD703-AC97-5BDF-B378-814F06A209D0,0001,1,128,1,0,0,0,1,3,128,128,128,128,0,0.0,1.0,0.0,0,0,0,3,1,5,128,128,128,128,0,0.0,1.0,0.0,0,0,0,5,1,10,129.1,128.0,128,134,6,2.0223748416156684,0.7,0.30000000000000004,1.4444444444444444,6,4,5,1,30,130.06666666666666,128.0,128,145,17,4.138706185378335,0.7333333333333333,0.2666666666666667,3.2413793103448274,17,13,5,0,0,,[],0,0,,[],182.0,0.8362861558477594,0.5482932295199139
2026-09-27,2026-09-27T00:48:00Z,REM,Sleep,0,144,observedRawSignal,F8FDD703-AC97-5BDF-B378-814F06A209D0,0001,1,144,0,16,16,16,1,3,133.33333333333334,128,128,144,16,7.542472332656507,0.6666666666666666,0.33333333333333337,8,16,1,2,1,5,131.2,128,128,144,16,6.4,0.8,0.19999999999999996,4,16,1,4,1,10,130.6,128.0,128,144,16,4.903060268852506,0.7,0.30000000000000004,3.111111111111111,16,4,5,1,30,130.6,128.0,128,145,17,4.813868852942853,0.7,0.30000000000000004,3.5172413793103448,17,13,5,0,0,,[],0,0,,[],183.0,0.8386705679454239,0.5446390350150271
2026-09-27,2026-09-27T00:49:00Z,REM,Sleep,0,130,observedRawSignal,F8FDD703-AC97-5BDF-B378-814F06A209D0,0001,1,130,0,2,-14,14,1,3,134,130,128,144,16,7.118052168020874,0.3333333333333333,0.6666666666666667,15,16,2,1,1,5,131.6,128,128,144,16,6.248199740725323,0.6,0.4,7.5,16,2,3,1,10,130.8,128.0,128,144,16,4.833218389437829,0.6,0.4,4.666666666666667,16,5,5,1,30,130.4,128.0,128,145,17,4.708856903042747,0.7,0.30000000000000004,3.7241379310344827,17,13,5,0,0,,[],0,0,,[],184.0,0.8410390129643924,0.540974471367994
2026-09-27,2026-09-27T00:50:00Z,REM,Sleep,0,128,observedRawSignal,F8FDD703-AC97-5BDF-B378-814F06A209D0,0001,1,128,1,0,-2,2,1,3,134,130,128,144,16,7.118052168020874,0.3333333333333333,0.6666666666666667,8,14,2,1,1,5,131.6,128,128,144,16,6.248199740725323,0.6,0.4,8,16,3,2,1,10,130.8,128.0,128,144,16,4.833218389437829,0.6,0.4,4.222222222222222,16,5,5,1,30,130.4,128.0,128,145,17,4.708856903042747,0.7,0.30000000000000004,3.793103448275862,17,14,5,0,0,,[],0,0,,[],185.0,0.8433914458128856,0.5372996083468239
2026-09-27,2026-09-27T00:51:00Z,REM,Sleep,0,128,observedRawSignal,F8FDD703-AC97-5BDF-B378-814F06A209D0,0001,1,128,1,0,0,0,1,3,128.66666666666666,128,128,130,2,0.9428090415820634,0.6666666666666666,0.33333333333333337,1,2,1,2,1,5,131.6,128,128,144,16,6.248199740725323,0.6,0.4,8,16,3,2,1,10,130.2,128.0,128,144,16,4.770744176750625,0.7,0.30000000000000004,4,16,4,5,1,30,130.4,128.0,128,145,17,4.708856903042747,0.7,0.30000000000000004,3.793103448275862,17,14,5,0,0,,[],0,0,,[],186.0,0.8457278217039733,0.5336145159156114
2026-09-27,2026-09-27T00:52:00Z,REM,Sleep,0,128,observedRawSignal,F8FDD703-AC97-5BDF-B378-814F06A209D0,0001,1,128,1,0,0,0,1,3,128,128,128,128,0,0.0,1.0,0.0,0,0,0,3,1,5,131.6,128,128,144,16,6.248199740725323,0.6,0.4,4,14,2,3,1,10,129.8,128.0,128,144,16,4.770744176750625,0.8,0.19999999999999996,3.5555555555555554,16,3,5,1,30,130.4,128.0,128,145,17,4.708856903042747,0.7,0.30000000000000004,3.793103448275862,17,14,5,0,0,,[],0,0,,[],187.0,0.848048096156426,0.5299192642332049
2026-09-27,2026-09-27T00:53:00Z,Core,Sleep,0,128,observedRawSignal,F8FDD703-AC97-5BDF-B378-814F06A209D0,0001,1,128,1,0,0,0,1,3,128,128,128,128,0,0.0,1.0,0.0,0,0,0,3,1,5,128.4,128,128,130,2,0.8,0.8,0.19999999999999996,0.5,2,1,4,1,10,129.8,128.0,128,144,16,4.770744176750625,0.8,0.19999999999999996,3.5555555555555554,16,3,4,1,30,130.4,128.0,128,145,17,4.708856903042747,0.7,0.30000000000000004,3.793103448275862,17,14,5,0,0,,[],0,0,,[],188.0,0.8503522249955628,0.5262139236518696
2026-09-27,2026-09-27T00:54:00Z,Core,Sleep,0,128,observedRawSignal,F8FDD703-AC97-5BDF-B378-814F06A209D0,0001,1,128,1,0,0,0,1,3,128,128,128,128,0,0.0,1.0,0.0,0,0,0,3,1,5,128,128,128,128,0,0.0,1.0,0.0,0,0,0,5,1,10,129.8,128.0,128,144,16,4.770744176750625,0.8,0.19999999999999996,3.5555555555555554,16,3,5,1,30,130.4,128.0,128,145,17,4.708856903042747,0.7,0.30000000000000004,3.4482758620689653,17,13,5,0,0,,[],0,0,,[],189.0,0.8526401643540922,0.5224985647159489
2026-09-27,2026-09-27T00:55:00Z,Core,Sleep,0,128,observedRawSignal,F8FDD703-AC97-5BDF-B378-814F06A209D0,0001,1,128,1,0,0,0,1,3,128,128,128,128,0,0.0,1.0,0.0,0,0,0,3,1,5,128,128,128,128,0,0.0,1.0,0.0,0,0,0,5,1,10,129.8,128.0,128,144,16,4.770744176750625,0.8,0.19999999999999996,3.5555555555555554,16,3,6,1,30,130.06666666666666,128.0,128,145,17,4.508756911709578,0.7333333333333333,0.2666666666666667,3.103448275862069,17,12,6,0,0,,[],0,0,,[],190.0,0.8549118706729465,0.5187732581605216
2026-09-27,2026-09-27T00:56:00Z,Core,Sleep,0,130,observedRawSignal,F8FDD703-AC97-5BDF-B378-814F06A209D0,0001,1,130,0,2,2,2,1,3,128.66666666666666,128,128,130,2,0.9428090415820634,0.6666666666666666,0.33333333333333337,1,2,1,2,1,5,128.4,128,128,130,2,0.8,0.8,0.19999999999999996,0.5,2,1,4,1,10,130,128.0,128,144,16,4.732863826479693,0.7,0.30000000000000004,3.7777777777777777,16,4,6,1,30,130.13333333333333,128.0,128,145,17,4.492462823688386,0.7,0.30000000000000004,3.1724137931034484,17,13,6,0,0,,[],0,0,,[],191.0,0.8571673007021122,0.5150380749100543
2026-09-27,2026-09-27T00:57:00Z,Core,Sleep,0,134,observedRawSignal,F8FDD703-AC97-5BDF-B378-814F06A209D0,0001,1,134,0,6,4,4,1,3,130.66666666666666,130,128,134,6,2.494438257849294,0.3333333333333333,0.6666666666666667,3,4,2,1,1,5,129.6,128,128,134,6,2.3323807579381204,0.6,0.4,1.5,4,2,3,1,10,130.6,128.0,128,144,16,4.82078831727758,0.6,0.4,2.4444444444444446,14,4,6,1,30,130.33333333333334,128.0,128,145,17,4.526465385804788,0.6666666666666666,0.33333333333333337,3.310344827586207,17,14,6,0,0,,[],0,0,,[],192.0,0.8594064115014527,0.511293086077052
2026-09-27,2026-09-27T00:58:00Z,REM,Sleep,0,128,observedRawSignal,F8FDD703-AC97-5BDF-B378-814F06A209D0,0001,1,128,1,0,-6,6,1,3,130.66666666666666,130,128,134,6,2.494438257849294,0.3333333333333333,0.6666666666666667,5,6,2,1,1,5,129.6,128,128,134,6,2.3323807579381204,0.6,0.4,3,6,3,2,1,10,129,128.0,128,134,6,1.8439088914585775,0.7,0.30000000000000004,1.5555555555555556,6,4,6,1,30,130.33333333333334,128.0,128,145,17,4.526465385804788,0.6666666666666666,0.33333333333333337,3.5172413793103448,17,15,6,0,0,,[],0,0,,[],193.0,0.8616291604415257,0.5075383629607042
2026-09-27,2026-09-27T00:59:00Z,REM,Sleep,0,128,observedRawSignal,F8FDD703-AC97-5BDF-B378-814F06A209D0,0001,1,128,1,0,0,0,1,3,130,128,128,134,6,2.8284271247461903,0.6666666666666666,0.33333333333333337,3,6,1,2,1,5,129.6,128,128,134,6,2.3323807579381204,0.6,0.4,3,6,3,2,1,10,128.8,128.0,128,134,6,1.833030277982336,0.8,0.19999999999999996,1.3333333333333333,6,3,6,1,30,130.33333333333334,128.0,128,145,17,4.526465385804788,0.6666666666666666,0.33333333333333337,2.9310344827586206,16,14,6,0,0,,[],0,0,,[],194.0,0.8638355052043957,0.5037739770455263
2026-09-27,2026-09-27T01:00:00Z,REM,Sleep,0,128,observedRawSignal,F8FDD703-AC97-5BDF-B378-814F06A209D0,0001,1,128,1,0,0,0,1,3,128,128,128,128,0,0.0,1.0,0.0,0,0,0,3,1,5,129.6,128,128,134,6,2.3323807579381204,0.6,0.4,2.5,6,2,3,1,10,128.8,128.0,128,134,6,1.833030277982336,0.8,0.19999999999999996,1.3333333333333333,6,3,5,1,30,129.76666666666668,128.0,128,144,16,3.6302739413009713,0.7,0.30000000000000004,2.689655172413793,16,13,6,0,0,,[],0,0,,[],195.0,0.8660254037844386,0.5000000000000001
2026-09-27,2026-09-27T01:01:00Z,REM,Sleep,0,128,observedRawSignal,F8FDD703-AC97-5BDF-B378-814F06A209D0,0001,1,128,1,0,0,0,1,3,128,128,128,128,0,0.0,1.0,0.0,0,0,0,3,1,5,129.2,128,128,134,6,2.4,0.8,0.19999999999999996,1.5,6,1,4,1,10,128.8,128.0,128,134,6,1.833030277982336,0.8,0.19999999999999996,1.3333333333333333,6,3,4,1,30,129.43333333333334,128.0,128,144,16,3.303365287433744,0.7333333333333333,0.2666666666666667,2.3448275862068964,16,12,6,0,0,,[],0,0,,[],196.0,0.8681988144891423,0.49621650367520814
2026-09-27,2026-09-27T01:02:00Z,REM,Sleep,0,142,observedRawSignal,F8FDD703-AC97-5BDF-B378-814F06A209D0,0001,1,142,0,14,14,14,1,3,132.66666666666666,128,128,142,14,6.599663291074443,0.6666666666666666,0.33333333333333337,7,14,1,2,1,5,130.8,128,128,142,14,5.6,0.8,0.19999999999999996,3.5,14,1,4,1,10,130.2,128.0,128,142,14,4.331281565541543,0.7,0.30000000000000004,2.888888888888889,14,4,4,1,30,129.9,128.0,128,144,16,3.9862262855989496,0.7,0.30000000000000004,2.8275862068965516,16,13,6,0,0,,[],0,0,,[],197.0,0.8703556959398997,0.4924235601034671
2026-09-27,2026-09-27T01:03:00Z,REM,Sleep,0,128,observedRawSignal,F8FDD703-AC97-5BDF-B378-814F06A209D0,0001,1,128,1,0,-14,14,1,3,132.66666666666666,128,128,142,14,6.599663291074443,0.6666666666666666,0.33333333333333337,14,14,2,1,1,5,130.8,128,128,142,14,5.6,0.8,0.19999999999999996,7,14,2,3,1,10,130.2,128.0,128,142,14,4.331281565541543,0.7,0.30000000000000004,4.444444444444445,14,5,4,1,30,129.9,128.0,128,144,16,3.9862262855989496,0.7,0.30000000000000004,3.310344827586207,16,14,6,0,0,,[],0,0,,[],198.0,0.8724960070727971,0.48862124149695496
2026-09-27,2026-09-27T01:04:00Z,REM,Sleep,0,128,observedRawSignal,F8FDD703-AC97-5BDF-B378-814F06A209D0,0001,1,128,1,0,0,0,1,3,132.66666666666666,128,128,142,14,6.599663291074443,0.6666666666666666,0.33333333333333337,7,14,1,2,1,5,130.8,128,128,142,14,5.6,0.8,0.19999999999999996,7,14,2,2,1,10,130.2,128.0,128,142,14,4.331281565541543,0.7,0.30000000000000004,4.444444444444445,14,5,4,1,30,129.9,128.0,128,144,16,3.9862262855989496,0.7,0.30000000000000004,3.310344827586207,16,14,6,0,0,,[],0,0,,[],199.0,0.8746197071393957,0.4848096202463371
2026-09-27,2026-09-27T01:05:00Z,REM,Sleep,0,128,observedRawSignal,F8FDD703-AC97-5BDF-B378-814F06A209D0,0001,1,128,1,0,0,0,1,3,128,128,128,128,0,0.0,1.0,0.0,0,0,0,3,1,5,130.8,128,128,142,14,5.6,0.8,0.19999999999999996,7,14,2,3,1,10,130.2,128.0,128,142,14,4.331281565541543,0.7,0.30000000000000004,4.222222222222222,14,4,4,1,30,129.9,128.0,128,144,16,3.9862262855989496,0.7,0.30000000000000004,3.310344827586207,16,14,6,1,1,71,"[""da0a542ef01b52443422c405470ce64229ffe177fb2addeb52bd1a31ea3f3ae5""]",1,1,10,"[""ef7f11233545d6313d861cb5e00088feb1acfa711a1775b6d64746054f0994c8""]",200.0,0.8767267557075077,0.48098876891938774
2026-09-27,2026-09-27T01:06:00Z,REM,Sleep,0,128,observedRawSignal,F8FDD703-AC97-5BDF-B378-814F06A209D0,0001,1,128,1,0,0,0,1,3,128,128,128,128,0,0.0,1.0,0.0,0,0,0,3,1,5,130.8,128,128,142,14,5.6,0.8,0.19999999999999996,3.5,14,1,4,1,10,130,128.0,128,142,14,4.381780460041329,0.8,0.19999999999999996,3.7777777777777777,14,3,4,1,30,129.9,128.0,128,144,16,3.9862262855989496,0.7,0.30000000000000004,3.103448275862069,16,13,6,0,0,,[],0,0,,[],201.0,0.8788171126619654,0.4771587602596084
2026-09-27,2026-09-27T01:07:00Z,REM,Sleep,0,128,observedRawSignal,F8FDD703-AC97-5BDF-B378-814F06A209D0,0001,1,128,1,0,0,0,1,3,128,128,128,128,0,0.0,1.0,0.0,0,0,0,3,1,5,128,128,128,128,0,0.0,1.0,0.0,0,0,0,5,1,10,129.4,128.0,128,142,14,4.2,0.9,0.09999999999999998,3.111111111111111,14,2,5,1,30,129.7,128.0,128,144,16,3.925557285278104,0.7333333333333333,0.2666666666666667,2.9310344827586206,16,12,6,0,0,,[],0,0,,[],202.0,0.8808907382053855,0.4733196671848434
2026-09-27,2026-09-27T01:08:00Z,REM,Sleep,0,128,observedRawSignal,F8FDD703-AC97-5BDF-B378-814F06A209D0,0001,1,128,1,0,0,0,1,3,128,128,128,128,0,0.0,1.0,0.0,0,0,0,3,1,5,128,128,128,128,0,0.0,1.0,0.0,0,0,0,5,1,10,129.4,128.0,128,142,14,4.2,0.9,0.09999999999999998,3.111111111111111,14,2,6,1,30,129.66666666666666,128.0,128,144,16,3.935592571505451,0.7666666666666667,0.23333333333333328,2.896551724137931,16,11,6,0,0,,[],0,0,,[],203.0,0.8829475928589269,0.46947156278589086
2026-09-27,2026-09-27T01:09:00Z,Core,Sleep,0,128,observedRawSignal,F8FDD703-AC97-5BDF-B378-814F06A209D0,0001,1,128,1,0,0,0,1,3,128,128,128,128,0,0.0,1.0,0.0,0,0,0,3,1,5,128,128,128,128,0,0.0,1.0,0.0,0,0,0,5,1,10,129.4,128.0,128,142,14,4.2,0.9,0.09999999999999998,3.111111111111111,14,2,7,1,30,129.66666666666666,128.0,128,144,16,3.935592571505451,0.7666666666666667,0.23333333333333328,2.896551724137931,16,11,7,0,0,,[],0,0,,[],204.0,0.8849876374630418,0.4656145203251115
2026-09-27,2026-09-27T01:10:00Z,Core,Sleep,0,139,observedRawSignal,F8FDD703-AC97-5BDF-B378-814F06A209D0,0001,1,139,0,11,11,11,1,3,131.66666666666666,128,128,139,11,5.185449728701348,0.6666666666666666,0.33333333333333337,5.5,11,1,2,1,5,130.2,128,128,139,11,4.4,0.8,0.19999999999999996,2.75,11,1,4,1,10,130.5,128.0,128,142,14,5.044799302251775,0.8,0.19999999999999996,4.333333333333333,14,3,7,1,30,130.03333333333333,128.0,128,144,16,4.2621069385405566,0.7333333333333333,0.2666666666666667,3.0689655172413794,16,11,7,0,0,,[],0,0,,[],205.0,0.8870108331782216,0.4617486132350341
2026-09-27,2026-09-27T01:11:00Z,Core,Sleep,0,128,observedRawSignal,F8FDD703-AC97-5BDF-B378-814F06A209D0,0001,1,128,1,0,-11,11,1,3,131.66666666666666,128,128,139,11,5.185449728701348,0.6666666666666666,0.33333333333333337,11,11,2,1,1,5,130.2,128,128,139,11,4.4,0.8,0.19999999999999996,5.5,11,2,3,1,10,130.5,128.0,128,142,14,5.044799302251775,0.8,0.19999999999999996,4,14,3,7,1,30,129.83333333333334,128.0,128,144,16,4.211756033875762,0.7666666666666667,0.23333333333333328,3.3793103448275863,16,11,7,0,0,,[],0,0,,[],206.0,0.8890171414857364,0.45787391511695674
2026-09-27,2026-09-27T01:12:00Z,Core,Sleep,0,128,observedRawSignal,F8FDD703-AC97-5BDF-B378-814F06A209D0,0001,1,128,1,0,0,0,1,3,131.66666666666666,128,128,139,11,5.185449728701348,0.6666666666666666,0.33333333333333337,5.5,11,1,2,1,5,130.2,128,128,139,11,4.4,0.8,0.19999999999999996,5.5,11,2,2,1,10,129.1,128.0,128,139,11,3.3,0.9,0.09999999999999998,2.4444444444444446,11,2,7,1,30,129.7,128.0,128,144,16,4.204362813395945,0.8,0.19999999999999996,3.2413793103448274,16,10,7,0,0,,[],0,0,,[],207.0,0.8910065241883679,0.45399049973954686
2026-09-27,2026-09-27T01:13:00Z,Core,Sleep,0,128,observedRawSignal,F8FDD703-AC97-5BDF-B378-814F06A209D0,0001,1,128,1,0,0,0,1,3,128,128,128,128,0,0.0,1.0,0.0,0,0,0,3,1,5,130.2,128,128,139,11,4.4,0.8,0.19999999999999996,5.5,11,2,3,1,10,129.1,128.0,128,139,11,3.3,0.9,0.09999999999999998,2.4444444444444446,11,2,6,1,30,129.7,128.0,128,144,16,4.204362813395945,0.8,0.19999999999999996,3.2413793103448274,16,10,7,0,0,,[],0,0,,[],208.0,0.8929789434111369,0.45009844103743507
2026-09-27,2026-09-27T01:14:00Z,REM,Sleep,0,128,observedRawSignal,F8FDD703-AC97-5BDF-B378-814F06A209D0,0001,1,128,1,0,0,0,1,3,128,128,128,128,0,0.0,1.0,0.0,0,0,0,3,1,5,130.2,128,128,139,11,4.4,0.8,0.19999999999999996,2.75,11,1,4,1,10,129.1,128.0,128,139,11,3.3,0.9,0.09999999999999998,2.4444444444444446,11,2,5,1,30,129.7,128.0,128,144,16,4.204362813395945,0.8,0.19999999999999996,3.2413793103448274,16,10,7,0,0,,[],0,0,,[],209.0,0.8949343616020251,0.4461978131098087
2026-09-27,2026-09-27T01:15:00Z,REM,Sleep,0,128,observedRawSignal,F8FDD703-AC97-5BDF-B378-814F06A209D0,0001,1,128,1,0,0,0,1,3,128,128,128,128,0,0.0,1.0,0.0,0,0,0,3,1,5,128,128,128,128,0,0.0,1.0,0.0,0,0,0,5,1,10,129.1,128.0,128,139,11,3.3,0.9,0.09999999999999998,2.4444444444444446,11,2,5,1,30,129.7,128.0,128,144,16,4.204362813395945,0.8,0.19999999999999996,3.2413793103448274,16,10,7,0,0,,[],0,0,,[],210.0,0.8968727415326884,0.44228869021900125
2026-09-27,2026-09-27T01:16:00Z,REM,Sleep,0,128,observedRawSignal,F8FDD703-AC97-5BDF-B378-814F06A209D0,0001,1,128,1,0,0,0,1,3,128,128,128,128,0,0.0,1.0,0.0,0,0,0,3,1,5,128,128,128,128,0,0.0,1.0,0.0,0,0,0,5,1,10,129.1,128.0,128,139,11,3.3,0.9,0.09999999999999998,2.4444444444444446,11,2,6,1,30,129.7,128.0,128,144,16,4.204362813395945,0.8,0.19999999999999996,3.2413793103448274,16,10,7,0,0,,[],0,0,,[],211.0,0.8987940462991669,0.43837114678907746
2026-09-27,2026-09-27T01:17:00Z,REM,Sleep,0,139,observedRawSignal,F8FDD703-AC97-5BDF-B378-814F06A209D0,0001,1,139,0,11,11,11,1,3,131.66666666666666,128,128,139,11,5.185449728701348,0.6666666666666666,0.33333333333333337,5.5,11,1,2,1,5,130.2,128,128,139,11,4.4,0.8,0.19999999999999996,2.75,11,1,4,1,10,130.2,128.0,128,139,11,4.4,0.8,0.19999999999999996,3.6666666666666665,11,3,6,1,30,130.06666666666666,128.0,128,144,16,4.508756911709578,0.7666666666666667,0.23333333333333328,3.0689655172413794,14,10,7,0,0,,[],0,0,,[],212.0,0.9006982393225879,0.43444525740441714
2026-09-27,2026-09-27T01:18:00Z,REM,Sleep,0,128,observedRawSignal,F8FDD703-AC97-5BDF-B378-814F06A209D0,0001,1,128,1,0,-11,11,1,3,131.66666666666666,128,128,139,11,5.185449728701348,0.6666666666666666,0.33333333333333337,11,11,2,1,1,5,130.2,128,128,139,11,4.4,0.8,0.19999999999999996,5.5,11,2,3,1,10,130.2,128.0,128,139,11,4.4,0.8,0.19999999999999996,4.888888888888889,11,4,6,1,30,129.53333333333333,128.0,128,142,14,3.7034518432883066,0.8,0.19999999999999996,2.9655172413793105,14,10,7,0,0,,[],0,0,,[],213.0,0.9025852843498605,0.43051109680829525
2026-09-27,2026-09-27T01:19:00Z,REM,Sleep,0,137,observedRawSignal,F8FDD703-AC97-5BDF-B378-814F06A209D0,0001,1,137,0,9,9,9,1,3,134.66666666666666,137,128,139,11,4.784233364802441,0.3333333333333333,0.6666666666666667,10,11,2,1,1,5,132,128,128,139,11,4.9396356140913875,0.6,0.4,7.75,11,3,2,1,10,131.1,128.0,128,139,11,4.763402145525822,0.7,0.30000000000000004,4.666666666666667,11,4,6,1,30,129.76666666666668,128.0,128,142,14,3.9385558549070017,0.8,0.19999999999999996,3.206896551724138,14,10,7,0,0,,[],0,0,,[],214.0,0.9044551454543679,0.4265687399014585
2026-09-27,2026-09-27T01:20:00Z,REM,Sleep,0,128,observedRawSignal,F8FDD703-AC97-5BDF-B378-814F06A209D0,0001,1,128,1,0,-9,9,1,3,131,128,128,137,9,4.242640687119285,0.6666666666666666,0.33333333333333337,9,9,2,1,1,5,132,128,128,139,11,4.9396356140913875,0.6,0.4,10,11,4,1,1,10,130,128.0,128,139,11,4.024922359499621,0.8,0.19999999999999996,4.444444444444445,11,4,6,1,30,129.76666666666668,128.0,128,142,14,3.9385558549070017,0.8,0.19999999999999996,3.5172413793103448,14,11,7,0,0,,[],0,0,,[],215.0,0.9063077870366499,0.42261826174069944
2026-09-27,2026-09-27T01:21:00Z,REM,Sleep,0,128,observedRawSignal,F8FDD703-AC97-5BDF-B378-814F06A209D0,0001,1,128,1,0,0,0,1,3,131,128,128,137,9,4.242640687119285,0.6666666666666666,0.33333333333333337,4.5,9,1,2,1,5,132,128,128,139,11,4.9396356140913875,0.6,0.4,7.25,11,3,2,1,10,130,128.0,128,139,11,4.024922359499621,0.8,0.19999999999999996,4.444444444444445,11,4,5,1,30,129.76666666666668,128.0,128,142,14,3.9385558549070017,0.8,0.19999999999999996,3.5172413793103448,14,11,7,0,0,,[],0,0,,[],216.0,0.9081431738250813,0.41865973753742813
2026-09-27,2026-09-27T01:22:00Z,REM,Sleep,0,140,observedRawSignal,F8FDD703-AC97-5BDF-B378-814F06A209D0,0001,1,140,0,12,12,12,1,3,132,128,128,140,12,5.656854249492381,0.6666666666666666,0.33333333333333337,6,12,1,2,1,5,132.2,128,128,140,12,5.230678732248808,0.6,0.4,7.5,12,3,2,1,10,131.2,128.0,128,140,12,4.935585071701226,0.7,0.30000000000000004,5.777777777777778,12,5,4,1,30,130.16666666666666,128.0,128,142,14,4.3288438281934924,0.7666666666666667,0.23333333333333328,3.9310344827586206,14,12,7,0,0,,[],0,0,,[],217.0,0.9099612708765432,0.4146932426562389
2026-09-27,2026-09-27T01:23:00Z,REM,Sleep,0,135,observedRawSignal,F8FDD703-AC97-5BDF-B378-814F06A209D0,0001,1,135,0,7,-5,5,1,3,134.33333333333334,135,128,140,12,4.9216076867444665,0.3333333333333333,0.6666666666666667,8.5,12,2,1,1,5,133.6,135,128,140,12,4.841487374764082,0.4,0.6,6.5,12,3,2,1,10,131.9,128.0,128,140,12,4.928488612140643,0.6,0.4,6.333333333333333,12,6,3,1,30,130.4,128.0,128,142,14,4.393935214209089,0.7333333333333333,0.2666666666666667,4.103448275862069,14,13,7,0,0,,[],0,0,,[],218.0,0.9117620435770886,0.4107188526134772
2026-09-27,2026-09-27T01:24:00Z,REM,Sleep,0,143,observedRawSignal,F8FDD703-AC97-5BDF-B378-814F06A209D0,0001,1,143,0,15,8,8,1,3,139.33333333333334,140,135,143,8,3.2998316455372216,0.0,1.0,6.5,8,2,0,1,5,134.8,135,128,143,15,6.11228271597445,0.4,0.6,6.25,12,3,2,1,10,133.4,131.5,128,143,15,5.7306195127577615,0.5,0.5,7.222222222222222,12,7,2,1,30,130.9,128.0,128,143,15,4.914943200756919,0.7,0.30000000000000004,4.379310344827586,14,14,7,0,0,,[],0,0,,[],219.0,0.9135454576426009,0.4067366430758002
2026-09-27,2026-09-27T01:25:00Z,REM,Sleep,0,128,observedRawSignal,F8FDD703-AC97-5BDF-B378-814F06A209D0,0001,1,128,1,0,-15,15,1,3,135.33333333333334,135,128,143,15,6.128258770283412,0.3333333333333333,0.6666666666666667,11.5,15,2,1,1,5,134.8,135,128,143,15,6.11228271597445,0.4,0.6,10,15,4,1,1,10,133.4,131.5,128,143,15,5.7306195127577615,0.5,0.5,8.88888888888889,15,8,2,1,30,130.9,128.0,128,143,15,4.914943200756919,0.7,0.30000000000000004,4.827586206896552,15,14,7,0,0,,[],0,0,,[],220.0,0.9153114791194471,0.40274668985873724
2026-09-27,2026-09-27T01:26:00Z,REM,Sleep,0,128,observedRawSignal,F8FDD703-AC97-5BDF-B378-814F06A209D0,0001,1,128,1,0,0,0,1,3,133,128,128,143,15,7.0710678118654755,0.6666666666666666,0.33333333333333337,7.5,15,1,2,1,5,134.8,135,128,143,15,6.11228271597445,0.4,0.6,7,15,3,2,1,10,133.4,131.5,128,143,15,5.7306195127577615,0.5,0.5,7.666666666666667,15,7,2,1,30,130.83333333333334,128.0,128,143,15,4.940197926759165,0.7333333333333333,0.2666666666666667,4.689655172413793,15,13,7,0,0,,[],0,0,,[],221.0,0.917060074385124,0.39874906892524625
2026-09-27,2026-09-27T01:27:00Z,REM,Sleep,0,128,observedRawSignal,F8FDD703-AC97-5BDF-B378-814F06A209D0,0001,1,128,1,0,0,0,1,3,128,128,128,128,0,0.0,1.0,0.0,0,0,0,3,1,5,132.4,128,128,143,15,5.9531504264548865,0.6,0.4,5.75,15,2,3,1,10,132.3,128.0,128,143,15,5.604462507680822,0.6,0.4,6.444444444444445,15,6,3,1,30,130.63333333333333,128.0,128,143,15,4.929390316143457,0.7666666666666667,0.23333333333333328,4.482758620689655,15,12,7,0,0,,[],0,0,,[],222.0,0.9187912101488983,0.39474385638426734
2026-09-27,2026-09-27T01:28:00Z,REM,Sleep,0,128,observedRawSignal,F8FDD703-AC97-5BDF-B378-814F06A209D0,0001,1,128,1,0,0,0,1,3,128,128,128,128,0,0.0,1.0,0.0,0,0,0,3,1,5,131,128,128,143,15,6.0,0.8,0.19999999999999996,3.75,15,1,4,1,10,132.3,128.0,128,143,15,5.604462507680822,0.6,0.4,5.444444444444445,15,5,4,1,30,130.63333333333333,128.0,128,143,15,4.929390316143457,0.7666666666666667,0.23333333333333328,4.482758620689655,15,12,7,0,0,,[],0,0,,[],223.0,0.9205048534524403,0.39073112848927394
2026-09-27,2026-09-27T01:29:00Z,REM,Sleep,0,128,observedRawSignal,F8FDD703-AC97-5BDF-B378-814F06A209D0,0001,1,128,1,0,0,0,1,3,128,128,128,128,0,0.0,1.0,0.0,0,0,0,3,1,5,128,128,128,128,0,0.0,1.0,0.0,0,0,0,5,1,10,131.4,128.0,128,143,15,5.499090833947008,0.7,0.30000000000000004,4.444444444444445,15,4,5,1,30,130.63333333333333,128.0,128,143,15,4.929390316143457,0.7666666666666667,0.23333333333333328,4.482758620689655,15,12,7,0,0,,[],0,0,,[],224.0,0.9222009716704518,0.3867109616368206
2026-09-27,2026-09-27T01:30:00Z,Awake,Awake,1,0,zeroUninterpreted,F8FDD703-AC97-5BDF-B378-814F06A209D0,0001,0,,,,,,0,2,,,,,,,,,,,,,0,4,,,,,,,,,,,,,0,9,,,,,,,,,,,,,0,29,,,,,,,,,,,,,0,0,,[],0,0,,[],225.0,0.9238795325112867,0.38268343236508984
2026-09-27,2026-09-27T01:31:00Z,Awake,Awake,1,0,zeroUninterpreted,F8FDD703-AC97-5BDF-B378-814F06A209D0,0001,0,,,,,,0,1,,,,,,,,,,,,,0,3,,,,,,,,,,,,,0,8,,,,,,,,,,,,,0,28,,,,,,,,,,,,,0,0,,[],0,0,,[],226.0,0.9255405040175664,0.37864861735243305
2026-09-27,2026-09-27T01:32:00Z,Awake,Awake,1,0,zeroUninterpreted,F8FDD703-AC97-5BDF-B378-814F06A209D0,0001,0,,,,,,0,0,,,,,,,,,,,,,0,2,,,,,,,,,,,,,0,7,,,,,,,,,,,,,0,27,,,,,,,,,,,,,0,0,,[],0,0,,[],227.0,0.9271838545667874,0.37460659341591196
2026-09-27,2026-09-27T01:33:00Z,Awake,Awake,1,0,zeroUninterpreted,F8FDD703-AC97-5BDF-B378-814F06A209D0,0001,0,,,,,,0,0,,,,,,,,,,,,,0,1,,,,,,,,,,,,,0,6,,,,,,,,,,,,,0,26,,,,,,,,,,,,,0,0,,[],0,0,,[],228.0,0.9288095528719242,0.3705574375098362
2026-09-27,2026-09-27T01:34:00Z,Awake,Awake,1,0,zeroUninterpreted,F8FDD703-AC97-5BDF-B378-814F06A209D0,0001,0,,,,,,0,0,,,,,,,,,,,,,0,0,,,,,,,,,,,,,0,5,,,,,,,,,,,,,0,25,,,,,,,,,,,,,0,0,,[],0,0,,[],229.0,0.9304175679820246,0.3665012267242973
2026-09-27,2026-09-27T01:35:00Z,Awake,Awake,1,0,zeroUninterpreted,F8FDD703-AC97-5BDF-B378-814F06A209D0,0001,0,,,,,,0,0,,,,,,,,,,,,,0,0,,,,,,,,,,,,,0,4,,,,,,,,,,,,,0,24,,,,,,,,,,,,,1,1,66,"[""7370bfa96d6f96f668fabcfc3b16b6ffc5b698b23670b71338ba2d75fbe0ca2b""]",1,1,13,"[""0bb4740b524c21f906fa6b0d0dd947791a702d289bb155bc56579d12d8b5fe3b""]",230.0,0.9320078692827984,0.3624380382837017
2026-09-27,2026-09-27T01:36:00Z,Awake,Awake,1,0,zeroUninterpreted,F8FDD703-AC97-5BDF-B378-814F06A209D0,0001,0,,,,,,0,0,,,,,,,,,,,,,0,0,,,,,,,,,,,,,0,3,,,,,,,,,,,,,0,23,,,,,,,,,,,,,0,0,,[],0,0,,[],231.0,0.9335804264972017,0.3583679495453004
2026-09-27,2026-09-27T01:37:00Z,Awake,Awake,1,0,zeroUninterpreted,F8FDD703-AC97-5BDF-B378-814F06A209D0,0001,0,,,,,,0,0,,,,,,,,,,,,,0,0,,,,,,,,,,,,,0,2,,,,,,,,,,,,,0,22,,,,,,,,,,,,,0,0,,[],0,0,,[],232.0,0.9351352096860117,0.3542910379977158
2026-09-27,2026-09-27T01:38:00Z,Awake,Awake,1,0,zeroUninterpreted,F8FDD703-AC97-5BDF-B378-814F06A209D0,0001,0,,,,,,0,0,,,,,,,,,,,,,0,0,,,,,,,,,,,,,0,1,,,,,,,,,,,,,0,21,,,,,,,,,,,,,0,0,,[],0,0,,[],233.0,0.9366721892483976,0.35020738125946743
2026-09-27,2026-09-27T01:39:00Z,Awake,Awake,1,0,zeroUninterpreted,F8FDD703-AC97-5BDF-B378-814F06A209D0,0001,0,,,,,,0,0,,,,,,,,,,,,,0,0,,,,,,,,,,,,,0,0,,,,,,,,,,,,,0,20,,,,,,,,,,,,,0,0,,[],0,0,,[],234.0,0.9381913359224842,0.346117057077493
2026-09-27,2026-09-27T01:40:00Z,Awake,Awake,1,139,observedRawSignal,F8FDD703-AC97-5BDF-B378-814F06A209D0,0001,1,139,0,11,,,0,1,,,,,,,,,,,,,0,1,,,,,,,,,,,,,0,1,,,,,,,,,,,,,0,20,,,,,,,,,,,,,0,0,,[],0,0,,[],235.0,0.9396926207859083,0.3420201433256688
2026-09-27,2026-09-27T01:41:00Z,Awake,Awake,1,132,observedRawSignal,F8FDD703-AC97-5BDF-B378-814F06A209D0,0001,1,132,0,4,-7,7,0,2,,,,,,,,,,,,,0,2,,,,,,,,,,,,,0,2,,,,,,,,,,,,,0,20,,,,,,,,,,,,,0,0,,[],0,0,,[],236.0,0.9411760152563706,0.3379167180033271
2026-09-27,2026-09-27T01:42:00Z,Awake,Awake,1,128,observedRawSignal,F8FDD703-AC97-5BDF-B378-814F06A209D0,0001,1,128,1,0,-4,4,1,3,133,132,128,139,11,4.546060565661952,0.3333333333333333,0.6666666666666667,5.5,7,2,1,0,3,,,,,,,,,,,,,0,3,,,,,,,,,,,,,0,20,,,,,,,,,,,,,0,0,,[],0,0,,[],237.0,0.9426414910921783,0.3338068592337711
2026-09-27,2026-09-27T01:43:00Z,Awake,Awake,1,132,observedRawSignal,F8FDD703-AC97-5BDF-B378-814F06A209D0,0001,1,132,0,4,4,4,1,3,130.66666666666666,132,128,132,4,1.8856180831641267,0.3333333333333333,0.6666666666666667,4,4,2,1,0,4,,,,,,,,,,,,,0,4,,,,,,,,,,,,,0,20,,,,,,,,,,,,,0,0,,[],0,0,,[],238.0,0.9440890203927842,0.3296906452627873
2026-09-27,2026-09-27T01:44:00Z,Awake,Awake,1,134,observedRawSignal,F8FDD703-AC97-5BDF-B378-814F06A209D0,0001,1,134,0,6,2,2,1,3,131.33333333333334,132,128,134,6,2.494438257849294,0.3333333333333333,0.6666666666666667,3,4,2,1,1,5,133,132,128,139,11,3.5777087639996634,0.2,0.8,4.25,7,4,1,0,5,,,,,,,,,,,,,0,20,,,,,,,,,,,,,0,0,,[],0,0,,[],239.0,0.9455185755993167,0.32556815445715676
2026-09-27,2026-09-27T01:45:00Z,Awake,Awake,1,128,observedRawSignal,F8FDD703-AC97-5BDF-B378-814F06A209D0,0001,1,128,1,0,-6,6,1,3,131.33333333333334,132,128,134,6,2.494438257849294,0.3333333333333333,0.6666666666666667,4,6,2,1,1,5,130.8,132,128,134,6,2.4,0.4,0.6,4,6,4,1,0,6,,,,,,,,,,,,,0,20,,,,,,,,,,,,,0,0,,[],0,0,,[],240.0,0.9469301294951057,0.3214394653031615
2026-09-27,2026-09-27T01:46:00Z,Awake,Awake,1,128,observedRawSignal,F8FDD703-AC97-5BDF-B378-814F06A209D0,0001,1,128,1,0,0,0,1,3,130,128,128,134,6,2.8284271247461903,0.6666666666666666,0.33333333333333337,3,6,1,2,1,5,130,128,128,134,6,2.5298221281347035,0.6,0.4,3,6,3,2,0,7,,,,,,,,,,,,,0,20,,,,,,,,,,,,,0,0,,[],0,0,,[],241.0,0.9483236552061993,0.3173046564050921
2026-09-27,2026-09-27T01:47:00Z,Awake,Awake,1,139,observedRawSignal,F8FDD703-AC97-5BDF-B378-814F06A209D0,0001,1,139,0,11,11,11,1,3,131.66666666666666,128,128,139,11,5.185449728701348,0.6666666666666666,0.33333333333333337,5.5,11,1,2,1,5,132.2,132,128,139,11,4.1182520563948,0.4,0.6,4.75,11,3,2,0,8,,,,,,,,,,,,,0,20,,,,,,,,,,,,,0,0,,[],0,0,,[],242.0,0.949699126201877,0.31316380648374953
2026-09-27,2026-09-27T01:48:00Z,Awake,Awake,1,128,observedRawSignal,F8FDD703-AC97-5BDF-B378-814F06A209D0,0001,1,128,1,0,-11,11,1,3,131.66666666666666,128,128,139,11,5.185449728701348,0.6666666666666666,0.33333333333333337,11,11,2,1,1,5,131.4,128,128,139,11,4.454211490264018,0.6,0.4,7,11,3,2,0,9,,,,,,,,,,,,,0,20,,,,,,,,,,,,,0,0,,[],0,0,,[],243.0,0.9510565162951535,0.30901699437494745
2026-09-27,2026-09-27T01:49:00Z,Core,Sleep,0,128,observedRawSignal,F8FDD703-AC97-5BDF-B378-814F06A209D0,0001,1,128,1,0,0,0,1,3,131.66666666666666,128,128,139,11,5.185449728701348,0.6666666666666666,0.33333333333333337,5.5,11,1,2,1,5,130.2,128,128,139,11,4.4,0.8,0.19999999999999996,5.5,11,2,2,1,10,131.6,130.0,128,139,11,4.24735211631906,0.5,0.5,5,11,7,2,0,20,,,,,,,,,,,,,0,0,,[],0,0,,[],244.0,0.9523957996432784,0.3048642990280109
2026-09-27,2026-09-27T01:50:00Z,Core,Sleep,0,128,observedRawSignal,F8FDD703-AC97-5BDF-B378-814F06A209D0,0001,1,128,1,0,0,0,1,3,128,128,128,128,0,0.0,1.0,0.0,0,0,0,3,1,5,130.2,128,128,139,11,4.4,0.8,0.19999999999999996,5.5,11,2,3,1,10,130.5,128.0,128,139,11,3.556683848755748,0.6,0.4,4.222222222222222,11,6,3,0,20,,,,,,,,,,,,,0,0,,[],0,0,,[],245.0,0.9537169507482269,0.3007057995042733
2026-09-27,2026-09-27T01:51:00Z,Core,Sleep,0,128,observedRawSignal,F8FDD703-AC97-5BDF-B378-814F06A209D0,0001,1,128,1,0,0,0,1,3,128,128,128,128,0,0.0,1.0,0.0,0,0,0,3,1,5,130.2,128,128,139,11,4.4,0.8,0.19999999999999996,2.75,11,1,4,1,10,130.1,128.0,128,139,11,3.5902646142032486,0.7,0.30000000000000004,3.7777777777777777,11,5,4,0,20,,,,,,,,,,,,,0,0,,[],0,0,,[],246.0,0.9550199444571865,0.29654157497557115
2026-09-27,2026-09-27T01:52:00Z,Core,Sleep,0,128,observedRawSignal,F8FDD703-AC97-5BDF-B378-814F06A209D0,0001,1,128,1,0,0,0,1,3,128,128,128,128,0,0.0,1.0,0.0,0,0,0,3,1,5,128,128,128,128,0,0.0,1.0,0.0,0,0,0,5,1,10,130.1,128.0,128,139,11,3.5902646142032486,0.7,0.30000000000000004,3.3333333333333335,11,4,5,0,20,,,,,,,,,,,,,0,0,,[],0,0,,[],247.0,0.9563047559630354,0.29237170472273677
2026-09-27,2026-09-27T01:53:00Z,Core,Sleep,0,128,observedRawSignal,F8FDD703-AC97-5BDF-B378-814F06A209D0,0001,1,128,1,0,0,0,1,3,128,128,128,128,0,0.0,1.0,0.0,0,0,0,3,1,5,128,128,128,128,0,0.0,1.0,0.0,0,0,0,5,1,10,129.7,128.0,128,139,11,3.5791060336346563,0.8,0.19999999999999996,3.111111111111111,11,3,6,0,20,,,,,,,,,,,,,0,0,,[],0,0,,[],248.0,0.9575713608048144,0.2881962681340894
2026-09-27,2026-09-27T01:54:00Z,REM,Sleep,0,128,observedRawSignal,F8FDD703-AC97-5BDF-B378-814F06A209D0,0001,1,128,1,0,0,0,1,3,128,128,128,128,0,0.0,1.0,0.0,0,0,0,3,1,5,128,128,128,128,0,0.0,1.0,0.0,0,0,0,5,1,10,129.1,128.0,128,139,11,3.3,0.9,0.09999999999999998,2.4444444444444446,11,2,7,0,20,,,,,,,,,,,,,0,0,,[],0,0,,[],249.0,0.958819734868193,0.28401534470392253
2026-09-27,2026-09-27T01:55:00Z,REM,Sleep,0,128,observedRawSignal,F8FDD703-AC97-5BDF-B378-814F06A209D0,0001,1,128,1,0,0,0,1,3,128,128,128,128,0,0.0,1.0,0.0,0,0,0,3,1,5,128,128,128,128,0,0.0,1.0,0.0,0,0,0,5,1,10,129.1,128.0,128,139,11,3.3,0.9,0.09999999999999998,2.4444444444444446,11,2,8,0,20,,,,,,,,,,,,,0,0,,[],0,0,,[],250.0,0.9600498543859287,0.27982901403099203
2026-09-27,2026-09-27T01:56:00Z,Core,Sleep,0,128,observedRawSignal,F8FDD703-AC97-5BDF-B378-814F06A209D0,0001,1,128,1,0,0,0,1,3,128,128,128,128,0,0.0,1.0,0.0,0,0,0,3,1,5,128,128,128,128,0,0.0,1.0,0.0,0,0,0,5,1,10,129.1,128.0,128,139,11,3.3,0.9,0.09999999999999998,1.2222222222222223,11,1,9,0,20,,,,,,,,,,,,,0,0,,[],0,0,,[],251.0,0.9612616959383189,0.27563735581699916
2026-09-27,2026-09-27T01:57:00Z,Core,Sleep,0,128,observedRawSignal,F8FDD703-AC97-5BDF-B378-814F06A209D0,0001,1,128,1,0,0,0,1,3,128,128,128,128,0,0.0,1.0,0.0,0,0,0,3,1,5,128,128,128,128,0,0.0,1.0,0.0,0,0,0,5,1,10,128,128.0,128,128,0,0.0,1.0,0.0,0,0,0,10,0,20,,,,,,,,,,,,,0,0,,[],0,0,,[],252.0,0.9624552364536473,0.2714404498650743
2026-09-27,2026-09-27T01:58:00Z,Core,Sleep,0,128,observedRawSignal,F8FDD703-AC97-5BDF-B378-814F06A209D0,0001,1,128,1,0,0,0,1,3,128,128,128,128,0,0.0,1.0,0.0,0,0,0,3,1,5,128,128,128,128,0,0.0,1.0,0.0,0,0,0,5,1,10,128,128.0,128,128,0,0.0,1.0,0.0,0,0,0,10,0,20,,,,,,,,,,,,,0,0,,[],0,0,,[],253.0,0.963630453208623,0.26723837607825696
2026-09-27,2026-09-27T01:59:00Z,Core,Sleep,0,133,observedRawSignal,F8FDD703-AC97-5BDF-B378-814F06A209D0,0001,1,133,0,5,5,5,1,3,129.66666666666666,128,128,133,5,2.3570226039551585,0.6666666666666666,0.33333333333333337,2.5,5,1,2,1,5,129,128,128,133,5,2.0,0.8,0.19999999999999996,1.25,5,1,4,1,10,128.5,128.0,128,133,5,1.5,0.9,0.09999999999999998,0.5555555555555556,5,1,9,0,20,,,,,,,,,,,,,0,0,,[],0,0,,[],254.0,0.9647873238288129,0.26303121445797495
2026-09-27,2026-09-27T02:00:00Z,Core,Sleep,0,128,observedRawSignal,F8FDD703-AC97-5BDF-B378-814F06A209D0,0001,1,128,1,0,-5,5,1,3,129.66666666666666,128,128,133,5,2.3570226039551585,0.6666666666666666,0.33333333333333337,5,5,2,1,1,5,129,128,128,133,5,2.0,0.8,0.19999999999999996,2.5,5,2,3,1,10,128.5,128.0,128,133,5,1.5,0.9,0.09999999999999998,1.1111111111111112,5,2,8,0,21,,,,,,,,,,,,,0,0,,[],0,0,,[],255.0,0.9659258262890683,0.25881904510252074
2026-09-27,2026-09-27T02:01:00Z,Core,Sleep,0,128,observedRawSignal,F8FDD703-AC97-5BDF-B378-814F06A209D0,0001,1,128,1,0,0,0,1,3,129.66666666666666,128,128,133,5,2.3570226039551585,0.6666666666666666,0.33333333333333337,2.5,5,1,2,1,5,129,128,128,133,5,2.0,0.8,0.19999999999999996,2.5,5,2,2,1,10,128.5,128.0,128,133,5,1.5,0.9,0.09999999999999998,1.1111111111111112,5,2,7,0,22,,,,,,,,,,,,,0,0,,[],0,0,,[],256.0,0.9670459389139431,0.2546019482055276
2026-09-27,2026-09-27T02:02:00Z,Core,Sleep,0,128,observedRawSignal,F8FDD703-AC97-5BDF-B378-814F06A209D0,0001,1,128,1,0,0,0,1,3,128,128,128,128,0,0.0,1.0,0.0,0,0,0,3,1,5,129,128,128,133,5,2.0,0.8,0.19999999999999996,2.5,5,2,3,1,10,128.5,128.0,128,133,5,1.5,0.9,0.09999999999999998,1.1111111111111112,5,2,6,0,23,,,,,,,,,,,,,0,0,,[],0,0,,[],257.0,0.9681476403781077,0.2503800040544415
2026-09-27,2026-09-27T02:03:00Z,Core,Sleep,0,128,observedRawSignal,F8FDD703-AC97-5BDF-B378-814F06A209D0,0001,1,128,1,0,0,0,1,3,128,128,128,128,0,0.0,1.0,0.0,0,0,0,3,1,5,129,128,128,133,5,2.0,0.8,0.19999999999999996,1.25,5,1,4,1,10,128.5,128.0,128,133,5,1.5,0.9,0.09999999999999998,1.1111111111111112,5,2,5,0,24,,,,,,,,,,,,,0,0,,[],0,0,,[],258.0,0.9692309097067544,0.24615329302899316
2026-09-27,2026-09-27T02:04:00Z,Core,Sleep,0,128,observedRawSignal,F8FDD703-AC97-5BDF-B378-814F06A209D0,0001,1,128,1,0,0,0,1,3,128,128,128,128,0,0.0,1.0,0.0,0,0,0,3,1,5,128,128,128,128,0,0.0,1.0,0.0,0,0,0,5,1,10,128.5,128.0,128,133,5,1.5,0.9,0.09999999999999998,1.1111111111111112,5,2,5,0,25,,,,,,,,,,,,,0,0,,[],0,0,,[],259.0,0.9702957262759965,0.2419218955996679
2026-09-27,2026-09-27T02:05:00Z,Core,Sleep,0,128,observedRawSignal,F8FDD703-AC97-5BDF-B378-814F06A209D0,0001,1,128,1,0,0,0,1,3,128,128,128,128,0,0.0,1.0,0.0,0,0,0,3,1,5,128,128,128,128,0,0.0,1.0,0.0,0,0,0,5,1,10,128.5,128.0,128,133,5,1.5,0.9,0.09999999999999998,1.1111111111111112,5,2,6,0,26,,,,,,,,,,,,,1,1,74,"[""a4336addd73d057e5e48e08a4a55d905dcd91d9377461b494fe0ae0a5c543ecc""]",1,1,11,"[""5699f16f161535a387c860a281508c5e1b59ace1d7712aead6fc30bbff745012""]",260.0,0.9713420698132614,0.2376858923261731
2026-09-27,2026-09-27T02:06:00Z,Core,Sleep,0,136,observedRawSignal,F8FDD703-AC97-5BDF-B378-814F06A209D0,0001,1,136,0,8,8,8,1,3,130.66666666666666,128,128,136,8,3.7712361663282534,0.6666666666666666,0.33333333333333337,4,8,1,2,1,5,129.6,128,128,136,8,3.2,0.8,0.19999999999999996,2,8,1,4,1,10,129.3,128.0,128,136,8,2.6851443164195103,0.8,0.19999999999999996,2,8,3,6,0,27,,,,,,,,,,,,,0,0,,[],0,0,,[],261.0,0.9723699203976766,0.23344536385590547
2026-09-27,2026-09-27T02:07:00Z,Core,Sleep,0,128,observedRawSignal,F8FDD703-AC97-5BDF-B378-814F06A209D0,0001,1,128,1,0,-8,8,1,3,130.66666666666666,128,128,136,8,3.7712361663282534,0.6666666666666666,0.33333333333333337,8,8,2,1,1,5,129.6,128,128,136,8,3.2,0.8,0.19999999999999996,4,8,2,3,1,10,129.3,128.0,128,136,8,2.6851443164195103,0.8,0.19999999999999996,2.888888888888889,8,4,6,0,28,,,,,,,,,,,,,0,0,,[],0,0,,[],262.0,0.9733792584604485,0.22920039092241426
2026-09-27,2026-09-27T02:08:00Z,Core,Sleep,0,128,observedRawSignal,F8FDD703-AC97-5BDF-B378-814F06A209D0,0001,1,128,1,0,0,0,1,3,130.66666666666666,128,128,136,8,3.7712361663282534,0.6666666666666666,0.33333333333333337,4,8,1,2,1,5,129.6,128,128,136,8,3.2,0.8,0.19999999999999996,4,8,2,2,1,10,129.3,128.0,128,136,8,2.6851443164195103,0.8,0.19999999999999996,2.3333333333333335,8,3,6,0,29,,,,,,,,,,,,,0,0,,[],0,0,,[],263.0,0.9743700647852352,0.22495105434386492
2026-09-27,2026-09-27T02:09:00Z,Core,Sleep,0,128,observedRawSignal,F8FDD703-AC97-5BDF-B378-814F06A209D0,0001,1,128,1,0,0,0,1,3,128,128,128,128,0,0.0,1.0,0.0,0,0,0,3,1,5,129.6,128,128,136,8,3.2,0.8,0.19999999999999996,4,8,2,3,1,10,128.8,128.0,128,136,8,2.4,0.9,0.09999999999999998,1.7777777777777777,8,2,6,1,30,129.63333333333333,128.0,128,139,11,3.2607088527223986,0.7666666666666667,0.23333333333333328,2.4482758620689653,11,11,11,0,0,,[],0,0,,[],264.0,0.9753423205085127,0.22069743502150108
2026-09-27,2026-09-27T02:10:00Z,Core,Sleep,0,128,observedRawSignal,F8FDD703-AC97-5BDF-B378-814F06A209D0,0001,1,128,1,0,0,0,1,3,128,128,128,128,0,0.0,1.0,0.0,0,0,0,3,1,5,129.6,128,128,136,8,3.2,0.8,0.19999999999999996,2,8,1,4,1,10,128.8,128.0,128,136,8,2.4,0.9,0.09999999999999998,1.7777777777777777,8,2,5,1,30,129.26666666666668,128.0,128,139,11,2.768071932270226,0.8,0.19999999999999996,2.206896551724138,11,10,11,0,0,,[],0,0,,[],265.0,0.9762960071199334,0.2164396139381029
2026-09-27,2026-09-27T02:11:00Z,Core,Sleep,0,128,observedRawSignal,F8FDD703-AC97-5BDF-B378-814F06A209D0,0001,1,128,1,0,0,0,1,3,128,128,128,128,0,0.0,1.0,0.0,0,0,0,3,1,5,128,128,128,128,0,0.0,1.0,0.0,0,0,0,5,1,10,128.8,128.0,128,136,8,2.4,0.9,0.09999999999999998,1.7777777777777777,8,2,5,1,30,129.13333333333333,128.0,128,139,11,2.729265265394496,0.8333333333333334,0.16666666666666663,2.0689655172413794,11,9,11,0,0,,[],0,0,,[],266.0,0.9772311064626789,0.21217767215644634
2026-09-27,2026-09-27T02:12:00Z,Core,Sleep,0,132,observedRawSignal,F8FDD703-AC97-5BDF-B378-814F06A209D0,0001,1,132,0,4,4,4,1,3,129.33333333333334,128,128,132,4,1.8856180831641267,0.6666666666666666,0.33333333333333337,2,4,1,2,1,5,128.8,128,128,132,4,1.6,0.8,0.19999999999999996,1,4,1,4,1,10,129.2,128.0,128,136,8,2.5612496949731396,0.8,0.19999999999999996,2.2222222222222223,8,3,5,1,30,129.26666666666668,128.0,128,139,11,2.768071932270226,0.8,0.19999999999999996,2.0689655172413794,11,9,11,0,0,,[],0,0,,[],267.0,0.9781476007338056,0.20791169081775945
2026-09-27,2026-09-27T02:13:00Z,Core,Sleep,0,128,observedRawSignal,F8FDD703-AC97-5BDF-B378-814F06A209D0,0001,1,128,1,0,-4,4,1,3,129.33333333333334,128,128,132,4,1.8856180831641267,0.6666666666666666,0.33333333333333337,4,4,2,1,1,5,128.8,128,128,132,4,1.6,0.8,0.19999999999999996,2,4,2,3,1,10,129.2,128.0,128,136,8,2.5612496949731396,0.8,0.19999999999999996,2.6666666666666665,8,4,5,1,30,129.13333333333333,128.0,128,139,11,2.729265265394496,0.8333333333333334,0.16666666666666663,2.1379310344827585,11,9,11,0,0,,[],0,0,,[],268.0,0.9790454724845838,0.20364175114017766
2026-09-27,2026-09-27T02:14:00Z,Core,Sleep,0,128,observedRawSignal,F8FDD703-AC97-5BDF-B378-814F06A209D0,0001,1,128,1,0,0,0,1,3,129.33333333333334,128,128,132,4,1.8856180831641267,0.6666666666666666,0.33333333333333337,2,4,1,2,1,5,128.8,128,128,132,4,1.6,0.8,0.19999999999999996,2,4,2,2,1,10,129.2,128.0,128,136,8,2.5612496949731396,0.8,0.19999999999999996,2.6666666666666665,8,4,5,1,30,128.93333333333334,128.0,128,139,11,2.581128091014125,0.8666666666666667,0.1333333333333333,1.9310344827586208,11,8,11,0,0,,[],0,0,,[],269.0,0.9799247046208296,0.1993679344171974
2026-09-27,2026-09-27T02:15:00Z,Core,Sleep,0,128,observedRawSignal,F8FDD703-AC97-5BDF-B378-814F06A209D0,0001,1,128,1,0,0,0,1,3,128,128,128,128,0,0.0,1.0,0.0,0,0,0,3,1,5,128.8,128,128,132,4,1.6,0.8,0.19999999999999996,2,4,2,3,1,10,129.2,128.0,128,136,8,2.5612496949731396,0.8,0.19999999999999996,1.7777777777777777,8,3,5,1,30,128.93333333333334,128.0,128,139,11,2.581128091014125,0.8666666666666667,0.1333333333333333,1.9310344827586208,11,8,11,0,0,,[],0,0,,[],270.0,0.9807852804032304,0.19509032201612833
2026-09-27,2026-09-27T02:16:00Z,Core,Sleep,0,128,observedRawSignal,F8FDD703-AC97-5BDF-B378-814F06A209D0,0001,1,128,1,0,0,0,1,3,128,128,128,128,0,0.0,1.0,0.0,0,0,0,3,1,5,128.8,128,128,132,4,1.6,0.8,0.19999999999999996,1,4,1,4,1,10,128.4,128.0,128,132,4,1.2,0.9,0.09999999999999998,0.8888888888888888,4,2,5,1,30,128.93333333333334,128.0,128,139,11,2.581128091014125,0.8666666666666667,0.1333333333333333,1.5517241379310345,11,7,11,0,0,,[],0,0,,[],271.0,0.981627183447664,0.19080899537654492
2026-09-27,2026-09-27T02:17:00Z,Core,Sleep,0,128,observedRawSignal,F8FDD703-AC97-5BDF-B378-814F06A209D0,0001,1,128,1,0,0,0,1,3,128,128,128,128,0,0.0,1.0,0.0,0,0,0,3,1,5,128,128,128,128,0,0.0,1.0,0.0,0,0,0,5,1,10,128.4,128.0,128,132,4,1.2,0.9,0.09999999999999998,0.8888888888888888,4,2,5,1,30,128.56666666666666,128.0,128,136,8,1.7829438827088442,0.9,0.09999999999999998,1.1724137931034482,8,6,11,0,0,,[],0,0,,[],272.0,0.9824503977255098,0.18652403600873457
2026-09-27,2026-09-27T02:18:00Z,Core,Sleep,0,128,observedRawSignal,F8FDD703-AC97-5BDF-B378-814F06A209D0,0001,1,128,1,0,0,0,1,3,128,128,128,128,0,0.0,1.0,0.0,0,0,0,3,1,5,128,128,128,128,0,0.0,1.0,0.0,0,0,0,5,1,10,128.4,128.0,128,132,4,1.2,0.9,0.09999999999999998,0.8888888888888888,4,2,6,1,30,128.56666666666666,128.0,128,136,8,1.7829438827088442,0.9,0.09999999999999998,1.1724137931034482,8,6,10,0,0,,[],0,0,,[],273.0,0.9832549075639546,0.18223552549214744
2026-09-27,2026-09-27T02:19:00Z,Core,Sleep,0,128,observedRawSignal,F8FDD703-AC97-5BDF-B378-814F06A209D0,0001,1,128,1,0,0,0,1,3,128,128,128,128,0,0.0,1.0,0.0,0,0,0,3,1,5,128,128,128,128,0,0.0,1.0,0.0,0,0,0,5,1,10,128.4,128.0,128,132,4,1.2,0.9,0.09999999999999998,0.8888888888888888,4,2,7,1,30,128.56666666666666,128.0,128,136,8,1.7829438827088442,0.9,0.09999999999999998,1.1724137931034482,8,6,9,0,0,,[],0,0,,[],274.0,0.9840406976462909,0.1779435454738418
2026-09-27,2026-09-27T02:20:00Z,Core,Sleep,0,147,observedRawSignal,F8FDD703-AC97-5BDF-B378-814F06A209D0,0001,1,147,0,19,19,19,1,3,134.33333333333334,128,128,147,19,8.956685895029603,0.6666666666666666,0.33333333333333337,9.5,19,1,2,1,5,131.8,128,128,147,19,7.6,0.8,0.19999999999999996,4.75,19,1,4,1,10,130.3,128.0,128,147,19,5.692978130996114,0.8,0.19999999999999996,3,19,3,7,1,30,129.2,128.0,128,147,19,3.7541088600802897,0.8666666666666667,0.1333333333333333,1.8275862068965518,19,7,8,0,0,,[],0,0,,[],275.0,0.984807753012208,0.17364817766693041
2026-09-27,2026-09-27T02:21:00Z,Core,Sleep,0,128,observedRawSignal,F8FDD703-AC97-5BDF-B378-814F06A209D0,0001,1,128,1,0,-19,19,1,3,134.33333333333334,128,128,147,19,8.956685895029603,0.6666666666666666,0.33333333333333337,19,19,2,1,1,5,131.8,128,128,147,19,7.6,0.8,0.19999999999999996,9.5,19,2,3,1,10,130.3,128.0,128,147,19,5.692978130996114,0.8,0.19999999999999996,4.666666666666667,19,3,7,1,30,129.2,128.0,128,147,19,3.7541088600802897,0.8666666666666667,0.1333333333333333,2.4827586206896552,19,8,7,0,0,,[],0,0,,[],276.0,0.9855560590580777,0.16934950384902475
2026-09-27,2026-09-27T02:22:00Z,Core,Sleep,0,128,observedRawSignal,F8FDD703-AC97-5BDF-B378-814F06A209D0,0001,1,128,1,0,0,0,1,3,134.33333333333334,128,128,147,19,8.956685895029603,0.6666666666666666,0.33333333333333337,9.5,19,1,2,1,5,131.8,128,128,147,19,7.6,0.8,0.19999999999999996,9.5,19,2,2,1,10,129.9,128.0,128,147,19,5.7,0.9,0.09999999999999998,4.222222222222222,19,2,7,1,30,129.2,128.0,128,147,19,3.7541088600802897,0.8666666666666667,0.1333333333333333,2.4827586206896552,19,8,7,0,0,,[],0,0,,[],277.0,0.9862856015372313,0.16504760586067782
2026-09-27,2026-09-27T02:23:00Z,Core,Sleep,0,128,observedRawSignal,F8FDD703-AC97-5BDF-B378-814F06A209D0,0001,1,128,1,0,0,0,1,3,128,128,128,128,0,0.0,1.0,0.0,0,0,0,3,1,5,131.8,128,128,147,19,7.6,0.8,0.19999999999999996,9.5,19,2,3,1,10,129.9,128.0,128,147,19,5.7,0.9,0.09999999999999998,4.222222222222222,19,2,6,1,30,129.2,128.0,128,147,19,3.7541088600802897,0.8666666666666667,0.1333333333333333,2.4827586206896552,19,8,7,0,0,,[],0,0,,[],278.0,0.9869963665602319,0.1607425656038261
2026-09-27,2026-09-27T02:24:00Z,Core,Sleep,0,145,observedRawSignal,F8FDD703-AC97-5BDF-B378-814F06A209D0,0001,1,145,0,17,17,17,1,3,133.66666666666666,128,128,145,17,8.013876853447538,0.6666666666666666,0.33333333333333337,8.5,17,1,2,1,5,135.2,128,128,147,19,8.840814442120138,0.6,0.4,9,19,2,3,1,10,131.6,128.0,128,147,19,7.213875518748574,0.8,0.19999999999999996,6.111111111111111,19,3,5,1,30,129.76666666666668,128.0,128,147,19,4.695269487000246,0.8333333333333334,0.16666666666666663,3.0689655172413794,19,9,7,0,0,,[],0,0,,[],279.0,0.9876883405951378,0.15643446504023092
2026-09-27,2026-09-27T02:25:00Z,Core,Sleep,0,132,observedRawSignal,F8FDD703-AC97-5BDF-B378-814F06A209D0,0001,1,132,0,4,-13,13,1,3,135,132,128,145,17,7.2571803523590805,0.3333333333333333,0.6666666666666667,15,17,2,1,1,5,132.2,128,128,145,17,6.584831053261731,0.6,0.4,7.5,17,2,3,1,10,132,128.0,128,147,19,7.113367697511496,0.7,0.30000000000000004,7.555555555555555,19,4,4,1,30,129.9,128.0,128,147,19,4.7,0.8,0.19999999999999996,3.5172413793103448,19,10,7,0,0,,[],0,0,,[],280.0,0.9883615104677607,0.1521233861899168
2026-09-27,2026-09-27T02:26:00Z,Core,Sleep,0,128,observedRawSignal,F8FDD703-AC97-5BDF-B378-814F06A209D0,0001,1,128,1,0,-4,4,1,3,135,132,128,145,17,7.2571803523590805,0.3333333333333333,0.6666666666666667,8.5,13,2,1,1,5,132.2,128,128,145,17,6.584831053261731,0.6,0.4,8.5,17,3,2,1,10,132,128.0,128,147,19,7.113367697511496,0.7,0.30000000000000004,8,19,5,3,1,30,129.9,128.0,128,147,19,4.7,0.8,0.19999999999999996,3.6551724137931036,19,11,7,0,0,,[],0,0,,[],281.0,0.9890158633619168,0.14780941112961077
2026-09-27,2026-09-27T02:27:00Z,Core,Sleep,0,128,observedRawSignal,F8FDD703-AC97-5BDF-B378-814F06A209D0,0001,1,128,1,0,0,0,1,3,129.33333333333334,128,128,132,4,1.8856180831641267,0.6666666666666666,0.33333333333333337,2,4,1,2,1,5,132.2,128,128,145,17,6.584831053261731,0.6,0.4,8.5,17,3,2,1,10,132,128.0,128,147,19,7.113367697511496,0.7,0.30000000000000004,8,19,5,3,1,30,129.9,128.0,128,147,19,4.7,0.8,0.19999999999999996,3.6551724137931036,19,11,7,0,0,,[],0,0,,[],282.0,0.9896513868196702,0.1434926219911793
2026-09-27,2026-09-27T02:28:00Z,Core,Sleep,0,128,observedRawSignal,F8FDD703-AC97-5BDF-B378-814F06A209D0,0001,1,128,1,0,0,0,1,3,128,128,128,128,0,0.0,1.0,0.0,0,0,0,3,1,5,132.2,128,128,145,17,6.584831053261731,0.6,0.4,4.25,13,2,3,1,10,132,128.0,128,147,19,7.113367697511496,0.7,0.30000000000000004,8,19,5,3,1,30,129.9,128.0,128,147,19,4.7,0.8,0.19999999999999996,3.4827586206896552,19,10,7,0,0,,[],0,0,,[],283.0,0.9902680687415703,0.1391731009600657
2026-09-27,2026-09-27T02:29:00Z,Core,Sleep,0,128,observedRawSignal,F8FDD703-AC97-5BDF-B378-814F06A209D0,0001,1,128,1,0,0,0,1,3,128,128,128,128,0,0.0,1.0,0.0,0,0,0,3,1,5,128.8,128,128,132,4,1.6,0.8,0.19999999999999996,1,4,1,4,1,10,132,128.0,128,147,19,7.113367697511496,0.7,0.30000000000000004,5.888888888888889,19,4,4,1,30,129.73333333333332,128.0,128,147,19,4.675705532026393,0.8333333333333334,0.16666666666666663,3.310344827586207,19,9,7,0,0,,[],0,0,,[],284.0,0.9908658973868822,0.13485093027372308
2026-09-27,2026-09-27T02:30:00Z,Core,Sleep,0,137,observedRawSignal,F8FDD703-AC97-5BDF-B378-814F06A209D0,0001,1,137,0,9,9,9,1,3,131,128,128,137,9,4.242640687119285,0.6666666666666666,0.33333333333333337,4.5,9,1,2,1,5,129.8,128,128,137,9,3.6,0.8,0.19999999999999996,2.25,9,1,4,1,10,131,128.0,128,145,17,5.440588203494177,0.7,0.30000000000000004,4.777777777777778,17,4,4,1,30,130.03333333333333,128.0,128,147,19,4.8406840655244405,0.8,0.19999999999999996,3.6206896551724137,19,10,7,0,0,,[],0,0,,[],285.0,0.9914448613738104,0.1305261922200517
2026-09-27,2026-09-27T02:31:00Z,Core,Sleep,0,130,observedRawSignal,F8FDD703-AC97-5BDF-B378-814F06A209D0,0001,1,130,0,2,-7,7,1,3,131.66666666666666,130,128,137,9,3.858612300930075,0.3333333333333333,0.6666666666666667,8,9,2,1,1,5,130.2,128,128,137,9,3.4871191548325386,0.6,0.4,4,9,2,3,1,10,131.2,128.0,128,145,17,5.362835071116769,0.6,0.4,5.555555555555555,17,5,4,1,30,130.1,128.0,128,147,19,4.825971404805461,0.7666666666666667,0.23333333333333328,3.8620689655172415,19,11,7,0,0,,[],0,0,,[],286.0,0.992004949679715,0.12619896913582973
2026-09-27,2026-09-27T02:32:00Z,Core,Sleep,0,128,observedRawSignal,F8FDD703-AC97-5BDF-B378-814F06A209D0,0001,1,128,1,0,-2,2,1,3,131.66666666666666,130,128,137,9,3.858612300930075,0.3333333333333333,0.6666666666666667,4.5,7,2,1,1,5,130.2,128,128,137,9,3.4871191548325386,0.6,0.4,4.5,9,3,2,1,10,131.2,128.0,128,145,17,5.362835071116769,0.6,0.4,5.777777777777778,17,6,4,1,30,130.1,128.0,128,147,19,4.825971404805461,0.7666666666666667,0.23333333333333328,3.9310344827586206,19,12,7,0,0,,[],0,0,,[],287.0,0.992546151641322,0.12186934340514749
2026-09-27,2026-09-27T02:33:00Z,Core,Sleep,0,128,observedRawSignal,F8FDD703-AC97-5BDF-B378-814F06A209D0,0001,1,128,1,0,0,0,1,3,128.66666666666666,128,128,130,2,0.9428090415820634,0.6666666666666666,0.33333333333333337,1,2,1,2,1,5,130.2,128,128,137,9,3.4871191548325386,0.6,0.4,4.5,9,3,2,1,10,131.2,128.0,128,145,17,5.362835071116769,0.6,0.4,3.888888888888889,13,5,4,1,30,130.1,128.0,128,147,19,4.825971404805461,0.7666666666666667,0.23333333333333328,3.9310344827586206,19,12,7,0,0,,[],0,0,,[],288.0,0.9930684569549263,0.1175373974578377
2026-09-27,2026-09-27T02:34:00Z,Core,Sleep,0,128,observedRawSignal,F8FDD703-AC97-5BDF-B378-814F06A209D0,0001,1,128,1,0,0,0,1,3,128,128,128,128,0,0.0,1.0,0.0,0,0,0,3,1,5,130.2,128,128,137,9,3.4871191548325386,0.6,0.4,2.25,7,2,3,1,10,129.5,128.0,128,137,9,2.80178514522438,0.7,0.30000000000000004,2.4444444444444446,9,4,4,1,30,130.1,128.0,128,147,19,4.825971404805461,0.7666666666666667,0.23333333333333328,3.9310344827586206,19,12,7,0,0,,[],0,0,,[],289.0,0.9935718556765875,0.11320321376790661
2026-09-27,2026-09-27T02:35:00Z,Core,Sleep,0,144,observedRawSignal,F8FDD703-AC97-5BDF-B378-814F06A209D0,0001,1,144,0,16,16,16,1,3,133.33333333333334,128,128,144,16,7.542472332656507,0.6666666666666666,0.33333333333333337,8,16,1,2,1,5,131.6,128,128,144,16,6.248199740725323,0.6,0.4,4.5,16,2,3,1,10,130.7,128.0,128,144,16,5.1778373863998475,0.7,0.30000000000000004,3.7777777777777777,16,4,4,1,30,130.63333333333333,128.0,128,147,19,5.412844805542543,0.7333333333333333,0.2666666666666667,4.206896551724138,19,12,7,1,1,77,"[""68c70575e06a08a9e69a0c69a3bc8e7d16c4a977aca721f250f98286603ad28d""]",1,1,10,"[""0c7b4283398217923cb2b83daa6982f60c36af17933a55f4269e57a721464f79""]",290.0,0.9940563382223196,0.10886687485196474
2026-09-27,2026-09-27T02:36:00Z,REM,Sleep,0,128,observedRawSignal,F8FDD703-AC97-5BDF-B378-814F06A209D0,0001,1,128,1,0,-16,16,1,3,133.33333333333334,128,128,144,16,7.542472332656507,0.6666666666666666,0.33333333333333337,16,16,2,1,1,5,131.2,128,128,144,16,6.4,0.8,0.19999999999999996,8,16,2,3,1,10,130.7,128.0,128,144,16,5.1778373863998475,0.7,0.30000000000000004,5.555555555555555,16,5,3,1,30,130.36666666666667,128.0,128,147,19,5.3384350599111805,0.7666666666666667,0.23333333333333328,4.482758620689655,19,12,7,0,0,,[],0,0,,[],291.0,0.9945218953682733,0.10452846326765346
2026-09-27,2026-09-27T02:37:00Z,REM,Sleep,0,128,observedRawSignal,F8FDD703-AC97-5BDF-B378-814F06A209D0,0001,1,128,1,0,0,0,1,3,133.33333333333334,128,128,144,16,7.542472332656507,0.6666666666666666,0.33333333333333337,8,16,1,2,1,5,131.2,128,128,144,16,6.4,0.8,0.19999999999999996,8,16,2,2,1,10,130.7,128.0,128,144,16,5.1778373863998475,0.7,0.30000000000000004,5.555555555555555,16,5,3,1,30,130.36666666666667,128.0,128,147,19,5.3384350599111805,0.7666666666666667,0.23333333333333328,4.482758620689655,19,12,7,0,0,,[],0,0,,[],292.0,0.9949685182509117,0.10018806161207654
2026-09-27,2026-09-27T02:38:00Z,REM,Sleep,0,128,observedRawSignal,F8FDD703-AC97-5BDF-B378-814F06A209D0,0001,1,128,1,0,0,0,1,3,128,128,128,128,0,0.0,1.0,0.0,0,0,0,3,1,5,131.2,128,128,144,16,6.4,0.8,0.19999999999999996,8,16,2,3,1,10,130.7,128.0,128,144,16,5.1778373863998475,0.7,0.30000000000000004,5.555555555555555,16,5,3,1,30,130.36666666666667,128.0,128,147,19,5.3384350599111805,0.7666666666666667,0.23333333333333328,4.482758620689655,19,12,7,0,0,,[],0,0,,[],293.0,0.9953961983671787,0.09584575252022408
2026-09-27,2026-09-27T02:39:00Z,REM,Sleep,0,132,observedRawSignal,F8FDD703-AC97-5BDF-B378-814F06A209D0,0001,1,132,0,4,4,4,1,3,129.33333333333334,128,128,132,4,1.8856180831641267,0.6666666666666666,0.33333333333333337,2,4,1,2,1,5,132,128,128,144,16,6.196773353931867,0.6,0.4,5,16,2,3,1,10,131.1,128.0,128,144,16,5.107837115648854,0.6,0.4,5,16,5,3,1,30,130.5,128.0,128,147,19,5.32760108616752,0.7333333333333333,0.2666666666666667,4.620689655172414,19,13,7,0,0,,[],0,0,,[],294.0,0.9958049275746618,0.09150161866340252
2026-09-27,2026-09-27T02:40:00Z,REM,Sleep,0,141,observedRawSignal,F8FDD703-AC97-5BDF-B378-814F06A209D0,0001,1,141,0,13,9,9,1,3,133.66666666666666,132,128,141,13,5.436502143433364,0.3333333333333333,0.6666666666666667,6.5,9,2,1,1,5,131.4,128,128,141,13,5.043808085167397,0.6,0.4,3.25,9,2,3,1,10,131.5,128.0,128,144,16,5.678908345800274,0.6,0.4,5.222222222222222,16,5,3,1,30,130.93333333333334,128.0,128,147,19,5.626919425602451,0.7,0.30000000000000004,4.931034482758621,19,14,7,0,0,,[],0,0,,[],295.0,0.9961946980917455,0.08715574274765814
2026-09-27,2026-09-27T02:41:00Z,REM,Sleep,0,130,observedRawSignal,F8FDD703-AC97-5BDF-B378-814F06A209D0,0001,1,130,0,2,-11,11,1,3,134.33333333333334,132,130,141,11,4.784233364802441,0.0,1.0,10,11,2,0,1,5,131.8,130,128,141,13,4.833218389437829,0.4,0.6,6,11,3,2,1,10,131.5,128.0,128,144,16,5.678908345800274,0.6,0.4,6.222222222222222,16,5,3,1,30,131,128.0,128,147,19,5.60357029044876,0.6666666666666666,0.33333333333333337,5.172413793103448,19,14,7,0,0,,[],0,0,,[],296.0,0.9965655024977614,0.08280820751220458
2026-09-27,2026-09-27T02:42:00Z,REM,Sleep,0,128,observedRawSignal,F8FDD703-AC97-5BDF-B378-814F06A209D0,0001,1,128,1,0,-2,2,1,3,133,130,128,141,13,5.715476066494082,0.3333333333333333,0.6666666666666667,6.5,11,2,1,1,5,131.8,130,128,141,13,4.833218389437829,0.4,0.6,6.5,11,4,1,1,10,131.5,128.0,128,144,16,5.678908345800274,0.6,0.4,6.444444444444445,16,6,3,1,30,130.86666666666667,128.0,128,147,19,5.625734519943942,0.7,0.30000000000000004,5.103448275862069,19,14,7,0,0,,[],0,0,,[],297.0,0.996917333733128,0.078459095727845
2026-09-27,2026-09-27T02:43:00Z,REM,Sleep,0,128,observedRawSignal,F8FDD703-AC97-5BDF-B378-814F06A209D0,0001,1,128,1,0,0,0,1,3,128.66666666666666,128,128,130,2,0.9428090415820634,0.6666666666666666,0.33333333333333337,1,2,1,2,1,5,131.8,130,128,141,13,4.833218389437829,0.4,0.6,5.5,11,3,2,1,10,131.5,128.0,128,144,16,5.678908345800274,0.6,0.4,6.444444444444445,16,6,3,1,30,130.86666666666667,128.0,128,147,19,5.625734519943942,0.7,0.30000000000000004,5.103448275862069,19,14,6,0,0,,[],0,0,,[],298.0,0.9972501850994857,0.07410849019539913
2026-09-27,2026-09-27T02:44:00Z,REM,Sleep,0,128,observedRawSignal,F8FDD703-AC97-5BDF-B378-814F06A209D0,0001,1,128,1,0,0,0,1,3,128,128,128,128,0,0.0,1.0,0.0,0,0,0,3,1,5,131,128,128,141,13,5.059644256269407,0.6,0.4,3.25,11,2,3,1,10,131.5,128.0,128,144,16,5.678908345800274,0.6,0.4,4.666666666666667,16,5,3,1,30,130.86666666666667,128.0,128,147,19,5.625734519943942,0.7,0.30000000000000004,5.103448275862069,19,14,5,0,0,,[],0,0,,[],299.0,0.9975640502598242,0.06975647374412546
2026-09-27,2026-09-27T02:45:00Z,REM,Sleep,0,128,observedRawSignal,F8FDD703-AC97-5BDF-B378-814F06A209D0,0001,1,128,1,0,0,0,1,3,128,128,128,128,0,0.0,1.0,0.0,0,0,0,3,1,5,128.4,128,128,130,2,0.8,0.8,0.19999999999999996,0.5,2,1,4,1,10,129.9,128.0,128,141,13,3.9102429592034302,0.7,0.30000000000000004,2.888888888888889,11,4,4,1,30,130.86666666666667,128.0,128,147,19,5.625734519943942,0.7,0.30000000000000004,5.103448275862069,19,14,4,0,0,,[],0,0,,[],300.0,0.9978589232386035,0.06540312923014305
2026-09-27,2026-09-27T02:46:00Z,REM,Sleep,0,128,observedRawSignal,F8FDD703-AC97-5BDF-B378-814F06A209D0,0001,1,128,1,0,0,0,1,3,128,128,128,128,0,0.0,1.0,0.0,0,0,0,3,1,5,128,128,128,128,0,0.0,1.0,0.0,0,0,0,5,1,10,129.9,128.0,128,141,13,3.9102429592034302,0.7,0.30000000000000004,2.888888888888889,11,4,5,1,30,130.86666666666667,128.0,128,147,19,5.625734519943942,0.7,0.30000000000000004,5.103448275862069,19,14,5,0,0,,[],0,0,,[],301.0,0.9981347984218669,0.06104853953485691
2026-09-27,2026-09-27T02:47:00Z,Core,Sleep,0,128,observedRawSignal,F8FDD703-AC97-5BDF-B378-814F06A209D0,0001,1,128,1,0,0,0,1,3,128,128,128,128,0,0.0,1.0,0.0,0,0,0,3,1,5,128,128,128,128,0,0.0,1.0,0.0,0,0,0,5,1,10,129.9,128.0,128,141,13,3.9102429592034302,0.7,0.30000000000000004,2.888888888888889,11,4,6,1,30,130.86666666666667,128.0,128,147,19,5.625734519943942,0.7,0.30000000000000004,5.103448275862069,19,14,6,0,0,,[],0,0,,[],302.0,0.9983916705573488,0.05669278756337759
2026-09-27,2026-09-27T02:48:00Z,Core,Sleep,0,128,observedRawSignal,F8FDD703-AC97-5BDF-B378-814F06A209D0,0001,1,128,1,0,0,0,1,3,128,128,128,128,0,0.0,1.0,0.0,0,0,0,3,1,5,128,128,128,128,0,0.0,1.0,0.0,0,0,0,5,1,10,129.9,128.0,128,141,13,3.9102429592034302,0.7,0.30000000000000004,2.4444444444444446,11,3,7,1,30,130.86666666666667,128.0,128,147,19,5.625734519943942,0.7,0.30000000000000004,5.103448275862069,19,14,7,0,0,,[],0,0,,[],303.0,0.9986295347545738,0.052335956242943966
2026-09-27,2026-09-27T02:49:00Z,Core,Sleep,0,128,observedRawSignal,F8FDD703-AC97-5BDF-B378-814F06A209D0,0001,1,128,1,0,0,0,1,3,128,128,128,128,0,0.0,1.0,0.0,0,0,0,3,1,5,128,128,128,128,0,0.0,1.0,0.0,0,0,0,5,1,10,129.5,128.0,128,141,13,3.8794329482541645,0.8,0.19999999999999996,1.4444444444444444,11,2,8,1,30,130.86666666666667,128.0,128,147,19,5.625734519943942,0.7,0.30000000000000004,4.448275862068965,19,13,8,0,0,,[],0,0,,[],304.0,0.9988483864849507,0.04797812852134391
2026-09-27,2026-09-27T02:50:00Z,Core,Sleep,0,129,observedRawSignal,F8FDD703-AC97-5BDF-B378-814F06A209D0,0001,1,129,0,1,1,1,1,3,128.33333333333334,128,128,129,1,0.4714045207910317,0.6666666666666666,0.33333333333333337,0.5,1,1,2,1,5,128.2,128,128,129,1,0.4,0.8,0.19999999999999996,0.25,1,1,4,1,10,128.3,128.0,128,130,2,0.6403124237432849,0.8,0.19999999999999996,0.3333333333333333,2,2,8,1,30,130.26666666666668,128.0,128,145,17,4.767482447674967,0.7,0.30000000000000004,3.8275862068965516,17,13,8,0,0,,[],0,0,,[],305.0,0.9990482215818578,0.04361938736533623
2026-09-27,2026-09-27T02:51:00Z,Core,Sleep,0,129,observedRawSignal,F8FDD703-AC97-5BDF-B378-814F06A209D0,0001,1,129,0,1,0,0,1,3,128.66666666666666,129,128,129,1,0.4714045207910317,0.3333333333333333,0.6666666666666667,0.5,1,1,1,1,5,128.4,128,128,129,1,0.4898979485566356,0.6,0.4,0.25,1,1,3,1,10,128.2,128.0,128,129,1,0.4,0.8,0.19999999999999996,0.1111111111111111,1,1,8,1,30,130.3,128.0,128,145,17,4.754997371187496,0.6666666666666666,0.33333333333333337,3.8275862068965516,17,13,8,0,0,,[],0,0,,[],306.0,0.9992290362407229,0.039259815759068666
2026-09-27,2026-09-27T02:52:00Z,REM,Sleep,0,128,observedRawSignal,F8FDD703-AC97-5BDF-B378-814F06A209D0,0001,1,128,1,0,-1,1,1,3,128.66666666666666,129,128,129,1,0.4714045207910317,0.3333333333333333,0.6666666666666667,0.5,1,1,1,1,5,128.4,128,128,129,1,0.4898979485566356,0.6,0.4,0.5,1,2,2,1,10,128.2,128.0,128,129,1,0.4,0.8,0.19999999999999996,0.2222222222222222,1,2,7,1,30,130.3,128.0,128,145,17,4.754997371187496,0.6666666666666666,0.33333333333333337,3.8620689655172415,17,14,8,0,0,,[],0,0,,[],307.0,0.9993908270190958,0.03489949670250108
2026-09-27,2026-09-27T02:53:00Z,REM,Sleep,0,128,observedRawSignal,F8FDD703-AC97-5BDF-B378-814F06A209D0,0001,1,128,1,0,0,0,1,3,128.33333333333334,128,128,129,1,0.4714045207910317,0.6666666666666666,0.33333333333333337,0.5,1,1,2,1,5,128.4,128,128,129,1,0.4898979485566356,0.6,0.4,0.5,1,2,2,1,10,128.2,128.0,128,129,1,0.4,0.8,0.19999999999999996,0.2222222222222222,1,2,6,1,30,130.3,128.0,128,145,17,4.754997371187496,0.6666666666666666,0.33333333333333337,3.2758620689655173,16,13,8,0,0,,[],0,0,,[],308.0,0.9995335908367129,0.03053851320982282
2026-09-27,2026-09-27T02:54:00Z,REM,Sleep,0,128,observedRawSignal,F8FDD703-AC97-5BDF-B378-814F06A209D0,0001,1,128,1,0,0,0,1,3,128,128,128,128,0,0.0,1.0,0.0,0,0,0,3,1,5,128.4,128,128,129,1,0.4898979485566356,0.6,0.4,0.25,1,1,3,1,10,128.2,128.0,128,129,1,0.4,0.8,0.19999999999999996,0.2222222222222222,1,2,5,1,30,129.73333333333332,128.0,128,144,16,3.906689419728963,0.7,0.30000000000000004,2.8275862068965516,16,12,8,0,0,,[],0,0,,[],309.0,0.9996573249755573,0.02617694830787314
2026-09-27,2026-09-27T02:55:00Z,REM,Sleep,0,128,observedRawSignal,F8FDD703-AC97-5BDF-B378-814F06A209D0,0001,1,128,1,0,0,0,1,3,128,128,128,128,0,0.0,1.0,0.0,0,0,0,3,1,5,128.2,128,128,129,1,0.4,0.8,0.19999999999999996,0.25,1,1,4,1,10,128.2,128.0,128,129,1,0.4,0.8,0.19999999999999996,0.2222222222222222,1,2,4,1,30,129.6,128.0,128,144,16,3.8952963087977444,0.7333333333333333,0.2666666666666667,2.689655172413793,16,11,8,0,0,,[],0,0,,[],310.0,0.9997620270799091,0.02181488503456116
2026-09-27,2026-09-27T02:56:00Z,REM,Sleep,0,138,observedRawSignal,F8FDD703-AC97-5BDF-B378-814F06A209D0,0001,1,138,0,10,10,10,1,3,131.33333333333334,128,128,138,10,4.714045207910317,0.6666666666666666,0.33333333333333337,5,10,1,2,1,5,130,128,128,138,10,4.0,0.8,0.19999999999999996,2.5,10,1,4,1,10,129.2,128.0,128,138,10,2.9597297173897483,0.7,0.30000000000000004,1.3333333333333333,10,3,4,1,30,129.93333333333334,128.0,128,144,16,4.162798204199777,0.7,0.30000000000000004,3.0344827586206895,16,12,8,0,0,,[],0,0,,[],311.0,0.9998476951563913,0.017452406437283376
2026-09-27,2026-09-27T02:57:00Z,REM,Sleep,0,128,observedRawSignal,F8FDD703-AC97-5BDF-B378-814F06A209D0,0001,1,128,1,0,-10,10,1,3,131.33333333333334,128,128,138,10,4.714045207910317,0.6666666666666666,0.33333333333333337,10,10,2,1,1,5,130,128,128,138,10,4.0,0.8,0.19999999999999996,5,10,2,3,1,10,129.2,128.0,128,138,10,2.9597297173897483,0.7,0.30000000000000004,2.4444444444444446,10,4,4,1,30,129.93333333333334,128.0,128,144,16,4.162798204199777,0.7,0.30000000000000004,3.3793103448275863,16,13,8,0,0,,[],0,0,,[],312.0,0.999914327574007,0.013089595571344575
2026-09-27,2026-09-27T02:58:00Z,Core,Sleep,0,128,observedRawSignal,F8FDD703-AC97-5BDF-B378-814F06A209D0,0001,1,128,1,0,0,0,1,3,131.33333333333334,128,128,138,10,4.714045207910317,0.6666666666666666,0.33333333333333337,5,10,1,2,1,5,130,128,128,138,10,4.0,0.8,0.19999999999999996,5,10,2,2,1,10,129.2,128.0,128,138,10,2.9597297173897483,0.7,0.30000000000000004,2.4444444444444446,10,4,4,1,30,129.93333333333334,128.0,128,144,16,4.162798204199777,0.7,0.30000000000000004,3.3793103448275863,16,13,8,0,0,,[],0,0,,[],313.0,0.9999619230641713,0.008726535498373897
2026-09-27,2026-09-27T02:59:00Z,Core,Sleep,0,130,observedRawSignal,F8FDD703-AC97-5BDF-B378-814F06A209D0,0001,1,130,0,2,2,2,1,3,128.66666666666666,128,128,130,2,0.9428090415820634,0.6666666666666666,0.33333333333333337,1,2,1,2,1,5,130.4,128,128,138,10,3.878143885933063,0.6,0.4,5.5,10,3,2,1,10,129.4,128.0,128,138,10,2.939387691339814,0.6,0.4,2.5555555555555554,10,4,4,1,30,130,128.0,128,144,16,4.147288270665544,0.6666666666666666,0.33333333333333337,3.1379310344827585,16,13,8,0,0,,[],0,0,,[],314.0,0.9999904807207345,0.004363309284746804
2026-09-27,2026-09-27T03:00:00Z,Core,Sleep,0,161,observedRawSignal,5F7AA24D-8872-518F-83CD-1D375020A9D9,0002,1,161,0,33,31,31,1,3,139.66666666666666,130,128,161,33,15.107025591499546,0.3333333333333333,0.6666666666666667,16.5,31,2,1,1,5,137,130,128,161,33,12.553883861180173,0.4,0.6,10.75,31,3,2,1,10,132.6,128.0,128,161,33,9.911609354691095,0.6,0.4,6,31,5,4,1,30,130.8,128.0,128,161,33,6.8527366796047255,0.6666666666666666,0.33333333333333337,3.9655172413793105,31,13,8,0,0,,[],0,0,,[],315.0,1.0,6.123233995736766e-17
2026-09-27,2026-09-27T03:01:00Z,Core,Sleep,0,128,observedRawSignal,5F7AA24D-8872-518F-83CD-1D375020A9D9,0002,1,128,1,0,-33,33,1,3,139.66666666666666,130,128,161,33,15.107025591499546,0.3333333333333333,0.6666666666666667,32,33,2,1,1,5,135,128,128,161,33,13.023056476879765,0.6,0.4,16.5,33,3,2,1,10,132.5,128.0,128,161,33,9.95238664843765,0.7,0.30000000000000004,9.555555555555555,33,5,4,1,30,130.73333333333332,128.0,128,161,33,6.869902150362519,0.7,0.30000000000000004,5.0344827586206895,33,13,8,0,0,,[],0,0,,[],316.0,0.9999904807207345,-0.00436330928474646
2026-09-27,2026-09-27T03:02:00Z,Core,Sleep,0,128,observedRawSignal,5F7AA24D-8872-518F-83CD-1D375020A9D9,0002,1,128,1,0,0,0,1,3,139,128,128,161,33,15.556349186104045,0.6666666666666666,0.33333333333333337,16.5,33,1,2,1,5,135,128,128,161,33,13.023056476879765,0.6,0.4,16.5,33,3,2,1,10,132.5,128.0,128,161,33,9.95238664843765,0.7,0.30000000000000004,9.555555555555555,33,5,3,1,30,130.73333333333332,128.0,128,161,33,6.869902150362519,0.7,0.30000000000000004,5.0344827586206895,33,13,8,0,0,,[],0,0,,[],317.0,0.9999619230641713,-0.008726535498373775
2026-09-27,2026-09-27T03:03:00Z,Core,Sleep,0,128,observedRawSignal,5F7AA24D-8872-518F-83CD-1D375020A9D9,0002,1,128,1,0,0,0,1,3,128,128,128,128,0,0.0,1.0,0.0,0,0,0,3,1,5,135,128,128,161,33,13.023056476879765,0.6,0.4,16,33,2,3,1,10,132.5,128.0,128,161,33,9.95238664843765,0.7,0.30000000000000004,9.555555555555555,33,5,3,1,30,130.73333333333332,128.0,128,161,33,6.869902150362519,0.7,0.30000000000000004,5.0344827586206895,33,13,8,0,0,,[],0,0,,[],318.0,0.999914327574007,-0.013089595571344452
2026-09-27,2026-09-27T03:04:00Z,Core,Sleep,0,128,observedRawSignal,5F7AA24D-8872-518F-83CD-1D375020A9D9,0002,1,128,1,0,0,0,1,3,128,128,128,128,0,0.0,1.0,0.0,0,0,0,3,1,5,134.6,128,128,161,33,13.2,0.8,0.19999999999999996,8.25,33,1,4,1,10,132.5,128.0,128,161,33,9.95238664843765,0.7,0.30000000000000004,9.555555555555555,33,5,4,1,30,130.73333333333332,128.0,128,161,33,6.869902150362519,0.7,0.30000000000000004,4.482758620689655,33,12,8,0,0,,[],0,0,,[],319.0,0.9998476951563913,-0.017452406437283477
2026-09-27,2026-09-27T03:05:00Z,Core,Sleep,0,128,observedRawSignal,5F7AA24D-8872-518F-83CD-1D375020A9D9,0002,1,128,1,0,0,0,1,3,128,128,128,128,0,0.0,1.0,0.0,0,0,0,3,1,5,128,128,128,128,0,0.0,1.0,0.0,0,0,0,5,1,10,132.5,128.0,128,161,33,9.95238664843765,0.7,0.30000000000000004,8.444444444444445,33,4,5,1,30,130.2,128.0,128,161,33,6.425988899253821,0.7333333333333333,0.2666666666666667,3.9310344827586206,33,11,8,1,1,63,"[""57d7839e4d01f5783292e2295d1ec029f2a80de4427c65e157c024257d59de65""]",1,1,10,"[""8ffb160adc562a90a85c997a514ada808f0f4ae8f0d1d12419a45a07d98f055c""]",320.0,0.9997620270799091,-0.021814885034561256
2026-09-27,2026-09-27T03:06:00Z,Core,Sleep,0,132,observedRawSignal,5F7AA24D-8872-518F-83CD-1D375020A9D9,0002,1,132,0,4,4,4,1,3,129.33333333333334,128,128,132,4,1.8856180831641267,0.6666666666666666,0.33333333333333337,2,4,1,2,1,5,128.8,128,128,132,4,1.6,0.8,0.19999999999999996,1,4,1,4,1,10,131.9,128.0,128,161,33,9.782126558167196,0.7,0.30000000000000004,7.777777777777778,33,4,5,1,30,130.33333333333334,128.0,128,161,33,6.420453428086074,0.7,0.30000000000000004,4.068965517241379,33,12,8,0,0,,[],0,0,,[],321.0,0.9996573249755573,-0.026176948307873017
2026-09-27,2026-09-27T03:07:00Z,Core,Sleep,0,128,observedRawSignal,5F7AA24D-8872-518F-83CD-1D375020A9D9,0002,1,128,1,0,-4,4,1,3,129.33333333333334,128,128,132,4,1.8856180831641267,0.6666666666666666,0.33333333333333337,4,4,2,1,1,5,128.8,128,128,132,4,1.6,0.8,0.19999999999999996,2,4,2,3,1,10,131.9,128.0,128,161,33,9.782126558167196,0.7,0.30000000000000004,8.222222222222221,33,5,5,1,30,130.33333333333334,128.0,128,161,33,6.420453428086074,0.7,0.30000000000000004,4.206896551724138,33,13,8,0,0,,[],0,0,,[],322.0,0.9995335908367129,-0.030538513209822697
2026-09-27,2026-09-27T03:08:00Z,Core,Sleep,0,128,observedRawSignal,5F7AA24D-8872-518F-83CD-1D375020A9D9,0002,1,128,1,0,0,0,1,3,129.33333333333334,128,128,132,4,1.8856180831641267,0.6666666666666666,0.33333333333333337,2,4,1,2,1,5,128.8,128,128,132,4,1.6,0.8,0.19999999999999996,2,4,2,2,1,10,131.9,128.0,128,161,33,9.782126558167196,0.7,0.30000000000000004,8,33,4,5,1,30,130.33333333333334,128.0,128,161,33,6.420453428086074,0.7,0.30000000000000004,4.068965517241379,33,12,8,0,0,,[],0,0,,[],323.0,0.9993908270190958,-0.03489949670250073
2026-09-27,2026-09-27T03:09:00Z,Core,Sleep,0,128,observedRawSignal,5F7AA24D-8872-518F-83CD-1D375020A9D9,0002,1,128,1,0,0,0,1,3,128,128,128,128,0,0.0,1.0,0.0,0,0,0,3,1,5,128.8,128,128,132,4,1.6,0.8,0.19999999999999996,2,4,2,3,1,10,131.7,128.0,128,161,33,9.839207285142436,0.8,0.19999999999999996,4.555555555555555,33,3,5,1,30,130.2,128.0,128,161,33,6.425988899253821,0.7333333333333333,0.2666666666666667,3.7586206896551726,33,11,8,0,0,,[],0,0,,[],324.0,0.9992290362407229,-0.03925981575906855
2026-09-27,2026-09-27T03:10:00Z,Core,Sleep,0,128,observedRawSignal,5F7AA24D-8872-518F-83CD-1D375020A9D9,0002,1,128,1,0,0,0,1,3,128,128,128,128,0,0.0,1.0,0.0,0,0,0,3,1,5,128.8,128,128,132,4,1.6,0.8,0.19999999999999996,1,4,1,4,1,10,128.4,128.0,128,132,4,1.2,0.9,0.09999999999999998,0.8888888888888888,4,2,5,1,30,129.76666666666668,128.0,128,161,33,6.11382767903127,0.7666666666666667,0.23333333333333328,3.3793103448275863,33,10,8,0,0,,[],0,0,,[],325.0,0.9990482215818578,-0.04361938736533589
2026-09-27,2026-09-27T03:11:00Z,Core,Sleep,0,128,observedRawSignal,5F7AA24D-8872-518F-83CD-1D375020A9D9,0002,1,128,1,0,0,0,1,3,128,128,128,128,0,0.0,1.0,0.0,0,0,0,3,1,5,128,128,128,128,0,0.0,1.0,0.0,0,0,0,5,1,10,128.4,128.0,128,132,4,1.2,0.9,0.09999999999999998,0.8888888888888888,4,2,5,1,30,129.7,128.0,128,161,33,6.12181890181886,0.8,0.19999999999999996,3.310344827586207,33,9,8,0,0,,[],0,0,,[],326.0,0.9988483864849507,-0.04797812852134401
2026-09-27,2026-09-27T03:12:00Z,REM,Sleep,0,128,observedRawSignal,5F7AA24D-8872-518F-83CD-1D375020A9D9,0002,1,128,1,0,0,0,1,3,128,128,128,128,0,0.0,1.0,0.0,0,0,0,3,1,5,128,128,128,128,0,0.0,1.0,0.0,0,0,0,5,1,10,128.4,128.0,128,132,4,1.2,0.9,0.09999999999999998,0.8888888888888888,4,2,6,1,30,129.7,128.0,128,161,33,6.12181890181886,0.8,0.19999999999999996,3.310344827586207,33,9,7,0,0,,[],0,0,,[],327.0,0.9986295347545738,-0.05233595624294362
2026-09-27,2026-09-27T03:13:00Z,REM,Sleep,0,128,observedRawSignal,5F7AA24D-8872-518F-83CD-1D375020A9D9,0002,1,128,1,0,0,0,1,3,128,128,128,128,0,0.0,1.0,0.0,0,0,0,3,1,5,128,128,128,128,0,0.0,1.0,0.0,0,0,0,5,1,10,128.4,128.0,128,132,4,1.2,0.9,0.09999999999999998,0.8888888888888888,4,2,7,1,30,129.7,128.0,128,161,33,6.12181890181886,0.8,0.19999999999999996,3.310344827586207,33,9,7,0,0,,[],0,0,,[],328.0,0.9983916705573488,-0.05669278756337747
2026-09-27,2026-09-27T03:14:00Z,REM,Sleep,0,128,observedRawSignal,5F7AA24D-8872-518F-83CD-1D375020A9D9,0002,1,128,1,0,0,0,1,3,128,128,128,128,0,0.0,1.0,0.0,0,0,0,3,1,5,128,128,128,128,0,0.0,1.0,0.0,0,0,0,5,1,10,128.4,128.0,128,132,4,1.2,0.9,0.09999999999999998,0.8888888888888888,4,2,8,1,30,129.7,128.0,128,161,33,6.12181890181886,0.8,0.19999999999999996,3.310344827586207,33,9,8,0,0,,[],0,0,,[],329.0,0.9981347984218669,-0.061048539534857005
2026-09-27,2026-09-27T03:15:00Z,REM,Sleep,0,128,observedRawSignal,5F7AA24D-8872-518F-83CD-1D375020A9D9,0002,1,128,1,0,0,0,1,3,128,128,128,128,0,0.0,1.0,0.0,0,0,0,3,1,5,128,128,128,128,0,0.0,1.0,0.0,0,0,0,5,1,10,128.4,128.0,128,132,4,1.2,0.9,0.09999999999999998,0.4444444444444444,4,1,9,1,30,129.7,128.0,128,161,33,6.12181890181886,0.8,0.19999999999999996,3.310344827586207,33,9,9,0,0,,[],0,0,,[],330.0,0.9978589232386035,-0.06540312923014292
2026-09-27,2026-09-27T03:16:00Z,REM,Sleep,0,128,observedRawSignal,5F7AA24D-8872-518F-83CD-1D375020A9D9,0002,1,128,1,0,0,0,1,3,128,128,128,128,0,0.0,1.0,0.0,0,0,0,3,1,5,128,128,128,128,0,0.0,1.0,0.0,0,0,0,5,1,10,128,128.0,128,128,0,0.0,1.0,0.0,0,0,0,10,1,30,129.7,128.0,128,161,33,6.12181890181886,0.8,0.19999999999999996,3.310344827586207,33,9,10,0,0,,[],0,0,,[],331.0,0.9975640502598242,-0.06975647374412533
2026-09-27,2026-09-27T03:17:00Z,REM,Sleep,0,128,observedRawSignal,5F7AA24D-8872-518F-83CD-1D375020A9D9,0002,1,128,1,0,0,0,1,3,128,128,128,128,0,0.0,1.0,0.0,0,0,0,3,1,5,128,128,128,128,0,0.0,1.0,0.0,0,0,0,5,1,10,128,128.0,128,128,0,0.0,1.0,0.0,0,0,0,10,1,30,129.7,128.0,128,161,33,6.12181890181886,0.8,0.19999999999999996,3.310344827586207,33,9,11,0,0,,[],0,0,,[],332.0,0.9972501850994857,-0.07410849019539922
2026-09-27,2026-09-27T03:18:00Z,REM,Sleep,0,128,observedRawSignal,5F7AA24D-8872-518F-83CD-1D375020A9D9,0002,1,128,1,0,0,0,1,3,128,128,128,128,0,0.0,1.0,0.0,0,0,0,3,1,5,128,128,128,128,0,0.0,1.0,0.0,0,0,0,5,1,10,128,128.0,128,128,0,0.0,1.0,0.0,0,0,0,10,1,30,129.7,128.0,128,161,33,6.12181890181886,0.8,0.19999999999999996,3.310344827586207,33,9,12,0,0,,[],0,0,,[],333.0,0.996917333733128,-0.07845909572784487
2026-09-27,2026-09-27T03:19:00Z,REM,Sleep,0,128,observedRawSignal,5F7AA24D-8872-518F-83CD-1D375020A9D9,0002,1,128,1,0,0,0,1,3,128,128,128,128,0,0.0,1.0,0.0,0,0,0,3,1,5,128,128,128,128,0,0.0,1.0,0.0,0,0,0,5,1,10,128,128.0,128,128,0,0.0,1.0,0.0,0,0,0,10,1,30,129.7,128.0,128,161,33,6.12181890181886,0.8,0.19999999999999996,3.2758620689655173,33,8,13,0,0,,[],0,0,,[],334.0,0.9965655024977614,-0.08280820751220423
2026-09-27,2026-09-27T03:20:00Z,REM,Sleep,0,128,observedRawSignal,5F7AA24D-8872-518F-83CD-1D375020A9D9,0002,1,128,1,0,0,0,1,3,128,128,128,128,0,0.0,1.0,0.0,0,0,0,3,1,5,128,128,128,128,0,0.0,1.0,0.0,0,0,0,5,1,10,128,128.0,128,128,0,0.0,1.0,0.0,0,0,0,10,1,30,129.66666666666666,128.0,128,161,33,6.128258770283412,0.8333333333333334,0.16666666666666663,3.2758620689655173,33,8,14,0,0,,[],0,0,,[],335.0,0.9961946980917455,-0.08715574274765824
2026-09-27,2026-09-27T03:21:00Z,REM,Sleep,0,128,observedRawSignal,5F7AA24D-8872-518F-83CD-1D375020A9D9,0002,1,128,1,0,0,0,1,3,128,128,128,128,0,0.0,1.0,0.0,0,0,0,3,1,5,128,128,128,128,0,0.0,1.0,0.0,0,0,0,5,1,10,128,128.0,128,128,0,0.0,1.0,0.0,0,0,0,10,1,30,129.63333333333333,128.0,128,161,33,6.134510756549557,0.8666666666666667,0.1333333333333333,3.2413793103448274,33,7,15,0,0,,[],0,0,,[],336.0,0.9958049275746618,-0.09150161866340217
2026-09-27,2026-09-27T03:22:00Z,REM,Sleep,0,140,observedRawSignal,5F7AA24D-8872-518F-83CD-1D375020A9D9,0002,1,140,0,12,12,12,1,3,132,128,128,140,12,5.656854249492381,0.6666666666666666,0.33333333333333337,6,12,1,2,1,5,130.4,128,128,140,12,4.8,0.8,0.19999999999999996,3,12,1,4,1,10,129.2,128.0,128,140,12,3.6,0.9,0.09999999999999998,1.3333333333333333,12,1,9,1,30,130.03333333333333,128.0,128,161,33,6.400434013061579,0.8333333333333334,0.16666666666666663,3.6551724137931036,33,8,15,0,0,,[],0,0,,[],337.0,0.9953961983671789,-0.09584575252022395
2026-09-27,2026-09-27T03:23:00Z,REM,Sleep,0,128,observedRawSignal,5F7AA24D-8872-518F-83CD-1D375020A9D9,0002,1,128,1,0,-12,12,1,3,132,128,128,140,12,5.656854249492381,0.6666666666666666,0.33333333333333337,12,12,2,1,1,5,130.4,128,128,140,12,4.8,0.8,0.19999999999999996,6,12,2,3,1,10,129.2,128.0,128,140,12,3.6,0.9,0.09999999999999998,2.6666666666666665,12,2,8,1,30,130.03333333333333,128.0,128,161,33,6.400434013061579,0.8333333333333334,0.16666666666666663,4.068965517241379,33,9,15,0,0,,[],0,0,,[],338.0,0.9949685182509117,-0.10018806161207598
2026-09-27,2026-09-27T03:24:00Z,REM,Sleep,0,128,observedRawSignal,5F7AA24D-8872-518F-83CD-1D375020A9D9,0002,1,128,1,0,0,0,1,3,132,128,128,140,12,5.656854249492381,0.6666666666666666,0.33333333333333337,6,12,1,2,1,5,130.4,128,128,140,12,4.8,0.8,0.19999999999999996,6,12,2,2,1,10,129.2,128.0,128,140,12,3.6,0.9,0.09999999999999998,2.6666666666666665,12,2,7,1,30,130.03333333333333,128.0,128,161,33,6.400434013061579,0.8333333333333334,0.16666666666666663,4.068965517241379,33,9,15,0,0,,[],0,0,,[],339.0,0.9945218953682734,-0.10452846326765333
2026-09-27,2026-09-27T03:25:00Z,REM,Sleep,0,136,observedRawSignal,5F7AA24D-8872-518F-83CD-1D375020A9D9,0002,1,136,0,8,8,8,1,3,130.66666666666666,128,128,136,8,3.7712361663282534,0.6666666666666666,0.33333333333333337,4,8,1,2,1,5,132,128,128,140,12,5.059644256269407,0.6,0.4,8,12,3,2,1,10,130,128.0,128,140,12,4.09878030638384,0.8,0.19999999999999996,3.5555555555555554,12,3,6,1,30,130.3,128.0,128,161,33,6.476367294504947,0.8,0.19999999999999996,4,33,9,15,0,0,,[],0,0,,[],340.0,0.9940563382223196,-0.10886687485196461
2026-09-27,2026-09-27T03:26:00Z,REM,Sleep,0,128,observedRawSignal,5F7AA24D-8872-518F-83CD-1D375020A9D9,0002,1,128,1,0,-8,8,1,3,130.66666666666666,128,128,136,8,3.7712361663282534,0.6666666666666666,0.33333333333333337,8,8,2,1,1,5,132,128,128,140,12,5.059644256269407,0.6,0.4,7,12,3,2,1,10,130,128.0,128,140,12,4.09878030638384,0.8,0.19999999999999996,4.444444444444445,12,4,5,1,30,129.96666666666667,128.0,128,161,33,6.3271021978645345,0.8333333333333334,0.16666666666666663,3.9310344827586206,33,9,15,0,0,,[],0,0,,[],341.0,0.9935718556765875,-0.11320321376790671
2026-09-27,2026-09-27T03:27:00Z,REM,Sleep,0,128,observedRawSignal,5F7AA24D-8872-518F-83CD-1D375020A9D9,0002,1,128,1,0,0,0,1,3,130.66666666666666,128,128,136,8,3.7712361663282534,0.6666666666666666,0.33333333333333337,4,8,1,2,1,5,129.6,128,128,136,8,3.2,0.8,0.19999999999999996,4,8,2,2,1,10,130,128.0,128,140,12,4.09878030638384,0.8,0.19999999999999996,4.444444444444445,12,4,4,1,30,129.96666666666667,128.0,128,161,33,6.3271021978645345,0.8333333333333334,0.16666666666666663,3.9310344827586206,33,9,15,0,0,,[],0,0,,[],342.0,0.9930684569549263,-0.1175373974578378
2026-09-27,2026-09-27T03:28:00Z,REM,Sleep,0,128,observedRawSignal,5F7AA24D-8872-518F-83CD-1D375020A9D9,0002,1,128,1,0,0,0,1,3,128,128,128,128,0,0.0,1.0,0.0,0,0,0,3,1,5,129.6,128,128,136,8,3.2,0.8,0.19999999999999996,4,8,2,3,1,10,130,128.0,128,140,12,4.09878030638384,0.8,0.19999999999999996,4.444444444444445,12,4,3,1,30,129.96666666666667,128.0,128,161,33,6.3271021978645345,0.8333333333333334,0.16666666666666663,3.8620689655172415,33,8,15,0,0,,[],0,0,,[],343.0,0.9925461516413221,-0.12186934340514737
2026-09-27,2026-09-27T03:29:00Z,REM,Sleep,0,128,observedRawSignal,5F7AA24D-8872-518F-83CD-1D375020A9D9,0002,1,128,1,0,0,0,1,3,128,128,128,128,0,0.0,1.0,0.0,0,0,0,3,1,5,129.6,128,128,136,8,3.2,0.8,0.19999999999999996,2,8,1,4,1,10,130,128.0,128,140,12,4.09878030638384,0.8,0.19999999999999996,4.444444444444445,12,4,4,1,30,129.9,128.0,128,161,33,6.336928803976471,0.8666666666666667,0.1333333333333333,2.793103448275862,33,7,15,0,0,,[],0,0,,[],344.0,0.992004949679715,-0.1261989691358298
2026-09-27,2026-09-27T03:30:00Z,REM,Sleep,0,128,observedRawSignal,5F7AA24D-8872-518F-83CD-1D375020A9D9,0002,1,128,1,0,0,0,1,3,128,128,128,128,0,0.0,1.0,0.0,0,0,0,3,1,5,128,128,128,128,0,0.0,1.0,0.0,0,0,0,5,1,10,130,128.0,128,140,12,4.09878030638384,0.8,0.19999999999999996,4.444444444444445,12,4,5,1,30,128.8,128.0,128,140,12,2.6127890589687235,0.9,0.09999999999999998,1.6551724137931034,12,6,15,0,0,,[],0,0,,[],345.0,0.9914448613738105,-0.13052619222005138
2026-09-27,2026-09-27T03:31:00Z,Core,Sleep,0,139,observedRawSignal,5F7AA24D-8872-518F-83CD-1D375020A9D9,0002,1,139,0,11,11,11,1,3,131.66666666666666,128,128,139,11,5.185449728701348,0.6666666666666666,0.33333333333333337,5.5,11,1,2,1,5,130.2,128,128,139,11,4.4,0.8,0.19999999999999996,2.75,11,1,4,1,10,131.1,128.0,128,140,12,4.825971404805461,0.7,0.30000000000000004,4.333333333333333,12,4,5,1,30,129.16666666666666,128.0,128,140,12,3.1841621957571333,0.8666666666666667,0.1333333333333333,2.0344827586206895,12,7,15,0,0,,[],0,0,,[],346.0,0.9908658973868822,-0.13485093027372297
2026-09-27,2026-09-27T03:32:00Z,Core,Sleep,0,132,observedRawSignal,5F7AA24D-8872-518F-83CD-1D375020A9D9,0002,1,132,0,4,-7,7,1,3,133,132,128,139,11,4.546060565661952,0.3333333333333333,0.6666666666666667,9,11,2,1,1,5,131,128,128,139,11,4.2895221179054435,0.6,0.4,4.5,11,2,3,1,10,130.3,128.0,128,139,11,3.8483762809787714,0.7,0.30000000000000004,3.7777777777777777,11,4,5,1,30,129.3,128.0,128,140,12,3.216105305075276,0.8333333333333334,0.16666666666666663,2.2758620689655173,12,8,15,0,0,,[],0,0,,[],347.0,0.9902680687415704,-0.13917310096006535
2026-09-27,2026-09-27T03:33:00Z,Core,Sleep,0,128,observedRawSignal,5F7AA24D-8872-518F-83CD-1D375020A9D9,0002,1,128,1,0,-4,4,1,3,133,132,128,139,11,4.546060565661952,0.3333333333333333,0.6666666666666667,5.5,7,2,1,1,5,131,128,128,139,11,4.2895221179054435,0.6,0.4,5.5,11,3,2,1,10,130.3,128.0,128,139,11,3.8483762809787714,0.7,0.30000000000000004,4.222222222222222,11,5,5,1,30,129.3,128.0,128,140,12,3.216105305075276,0.8333333333333334,0.16666666666666663,2.413793103448276,12,9,15,0,0,,[],0,0,,[],348.0,0.9896513868196702,-0.14349262199117918
2026-09-27,2026-09-27T03:34:00Z,Core,Sleep,0,130,observedRawSignal,5F7AA24D-8872-518F-83CD-1D375020A9D9,0002,1,130,0,2,2,2,1,3,130,130,128,132,4,1.632993161855452,0.3333333333333333,0.6666666666666667,3,4,2,1,1,5,131.4,130,128,139,11,4.079215610874228,0.4,0.6,6,11,4,1,1,10,130.5,128.0,128,139,11,3.774917217635375,0.6,0.4,3.5555555555555554,11,5,5,1,30,129.36666666666667,128.0,128,140,12,3.2091881977984538,0.8,0.19999999999999996,2.4827586206896552,12,10,15,0,0,,[],0,0,,[],349.0,0.9890158633619168,-0.14780941112961044
2026-09-27,2026-09-27T03:35:00Z,Core,Sleep,0,137,observedRawSignal,5F7AA24D-8872-518F-83CD-1D375020A9D9,0002,1,137,0,9,7,7,1,3,131.66666666666666,130,128,137,9,3.858612300930075,0.3333333333333333,0.6666666666666667,4.5,7,2,1,1,5,133.2,132,128,139,11,4.166533331199932,0.2,0.8,5,7,4,1,1,10,130.6,128.0,128,139,11,3.9293765408777,0.6,0.4,3.4444444444444446,11,5,5,1,30,129.66666666666666,128.0,128,140,12,3.476907949441413,0.7666666666666667,0.23333333333333328,2.586206896551724,12,10,15,1,1,67,"[""859987063124e67ad476ec19476e2c48bed6fd362889fcc5c72cfc5ccdb42f05""]",1,1,13,"[""26abff890cbbe0fd070465d0ecaaad6c52083ae28c3cdf571991d5e638ab8c8e""]",350.0,0.9883615104677607,-0.1521233861899167
2026-09-27,2026-09-27T03:36:00Z,Core,Sleep,0,130,observedRawSignal,5F7AA24D-8872-518F-83CD-1D375020A9D9,0002,1,130,0,2,-7,7,1,3,132.33333333333334,130,130,137,7,3.2998316455372216,0.0,1.0,7,7,2,0,1,5,131.4,130,128,137,9,3.0724582991474434,0.2,0.8,5,7,4,1,1,10,130.8,129.0,128,139,11,3.8418745424597094,0.5,0.5,4.222222222222222,11,6,4,1,30,129.6,128.0,128,140,12,3.450603811895342,0.7666666666666667,0.23333333333333328,2.689655172413793,12,10,15,0,0,,[],0,0,,[],351.0,0.9876883405951377,-0.15643446504023104
2026-09-27,2026-09-27T03:37:00Z,Core,Sleep,0,128,observedRawSignal,5F7AA24D-8872-518F-83CD-1D375020A9D9,0002,1,128,1,0,-2,2,1,3,131.66666666666666,130,128,137,9,3.858612300930075,0.3333333333333333,0.6666666666666667,4.5,7,2,1,1,5,130.6,130,128,137,9,3.3226495451672298,0.4,0.6,4.5,7,4,1,1,10,130.8,129.0,128,139,11,3.8418745424597094,0.5,0.5,4.444444444444445,11,7,3,1,30,129.6,128.0,128,140,12,3.450603811895342,0.7666666666666667,0.23333333333333328,2.7586206896551726,12,11,14,0,0,,[],0,0,,[],352.0,0.9869963665602319,-0.160742565603826
2026-09-27,2026-09-27T03:38:00Z,Core,Sleep,0,128,observedRawSignal,5F7AA24D-8872-518F-83CD-1D375020A9D9,0002,1,128,1,0,0,0,1,3,128.66666666666666,128,128,130,2,0.9428090415820634,0.6666666666666666,0.33333333333333337,1,2,1,2,1,5,130.6,130,128,137,9,3.3226495451672298,0.4,0.6,4,7,3,2,1,10,130.8,129.0,128,139,11,3.8418745424597094,0.5,0.5,4.444444444444445,11,7,2,1,30,129.6,128.0,128,140,12,3.450603811895342,0.7666666666666667,0.23333333333333328,2.7586206896551726,12,11,13,0,0,,[],0,0,,[],353.0,0.9862856015372314,-0.1650476058606777
2026-09-27,2026-09-27T03:39:00Z,Core,Sleep,0,128,observedRawSignal,5F7AA24D-8872-518F-83CD-1D375020A9D9,0002,1,128,1,0,0,0,1,3,128,128,128,128,0,0.0,1.0,0.0,0,0,0,3,1,5,130.2,128,128,137,9,3.4871191548325386,0.6,0.4,2.25,7,2,3,1,10,130.8,129.0,128,139,11,3.8418745424597094,0.5,0.5,4.444444444444445,11,7,3,1,30,129.6,128.0,128,140,12,3.450603811895342,0.7666666666666667,0.23333333333333328,2.7586206896551726,12,11,12,0,0,,[],0,0,,[],354.0,0.9855560590580777,-0.1693495038490244
2026-09-27,2026-09-27T03:40:00Z,Core,Sleep,0,134,observedRawSignal,5F7AA24D-8872-518F-83CD-1D375020A9D9,0002,1,134,0,6,6,6,1,3,130,128,128,134,6,2.8284271247461903,0.6666666666666666,0.33333333333333337,3,6,1,2,1,5,129.6,128,128,134,6,2.3323807579381204,0.6,0.4,2,6,2,3,1,10,131.4,130.0,128,139,11,3.826225293941798,0.4,0.6,3.888888888888889,7,7,3,1,30,129.8,128.0,128,140,12,3.5251477510406093,0.7333333333333333,0.2666666666666667,2.9655172413793105,12,12,11,0,0,,[],0,0,,[],355.0,0.984807753012208,-0.1736481776669303
2026-09-27,2026-09-27T03:41:00Z,Core,Sleep,0,128,observedRawSignal,5F7AA24D-8872-518F-83CD-1D375020A9D9,0002,1,128,1,0,-6,6,1,3,130,128,128,134,6,2.8284271247461903,0.6666666666666666,0.33333333333333337,6,6,2,1,1,5,129.2,128,128,134,6,2.4,0.8,0.19999999999999996,3,6,2,3,1,10,130.3,129.0,128,137,9,2.968164415931166,0.5,0.5,3.7777777777777777,7,7,3,1,30,129.8,128.0,128,140,12,3.5251477510406093,0.7333333333333333,0.2666666666666667,3.1724137931034484,12,13,10,0,0,,[],0,0,,[],356.0,0.9840406976462909,-0.17794354547384167
2026-09-27,2026-09-27T03:42:00Z,REM,Sleep,0,128,observedRawSignal,5F7AA24D-8872-518F-83CD-1D375020A9D9,0002,1,128,1,0,0,0,1,3,130,128,128,134,6,2.8284271247461903,0.6666666666666666,0.33333333333333337,3,6,1,2,1,5,129.2,128,128,134,6,2.4,0.8,0.19999999999999996,3,6,2,2,1,10,129.9,128.0,128,137,9,2.9816103031751147,0.6,0.4,3.3333333333333335,7,6,3,1,30,129.8,128.0,128,140,12,3.5251477510406093,0.7333333333333333,0.2666666666666667,3.1724137931034484,12,13,9,0,0,,[],0,0,,[],357.0,0.9832549075639546,-0.18223552549214753
2026-09-27,2026-09-27T03:43:00Z,REM,Sleep,0,134,observedRawSignal,5F7AA24D-8872-518F-83CD-1D375020A9D9,0002,1,134,0,6,6,6,1,3,130,128,128,134,6,2.8284271247461903,0.6666666666666666,0.33333333333333337,3,6,1,2,1,5,130.4,128,128,134,6,2.939387691339814,0.6,0.4,4.5,6,3,2,1,10,130.5,129.0,128,137,9,3.1384709652950433,0.5,0.5,3.7777777777777777,7,6,3,1,30,130,128.0,128,140,12,3.5870136139505613,0.7,0.30000000000000004,3.3793103448275863,12,14,8,0,0,,[],0,0,,[],358.0,0.9824503977255098,-0.18652403600873443
2026-09-27,2026-09-27T03:44:00Z,REM,Sleep,0,128,observedRawSignal,5F7AA24D-8872-518F-83CD-1D375020A9D9,0002,1,128,1,0,-6,6,1,3,130,128,128,134,6,2.8284271247461903,0.6666666666666666,0.33333333333333337,6,6,2,1,1,5,130.4,128,128,134,6,2.939387691339814,0.6,0.4,4.5,6,3,2,1,10,130.3,128.0,128,137,9,3.2264531609803355,0.6,0.4,3.6666666666666665,7,6,3,1,30,130,128.0,128,140,12,3.5870136139505613,0.7,0.30000000000000004,3.586206896551724,12,15,7,0,0,,[],0,0,,[],359.0,0.981627183447664,-0.1908089953765448
2026-09-27,2026-09-27T03:45:00Z,REM,Sleep,0,128,observedRawSignal,5F7AA24D-8872-518F-83CD-1D375020A9D9,0002,1,128,1,0,0,0,1,3,130,128,128,134,6,2.8284271247461903,0.6666666666666666,0.33333333333333337,3,6,1,2,1,5,129.2,128,128,134,6,2.4,0.8,0.19999999999999996,3,6,2,2,1,10,129.4,128.0,128,134,6,2.3748684174075834,0.7,0.30000000000000004,2.888888888888889,6,5,3,1,30,130,128.0,128,140,12,3.5870136139505613,0.7,0.30000000000000004,3.586206896551724,12,15,6,0,0,,[],0,0,,[],360.0,0.9807852804032305,-0.19509032201612797
2026-09-27,2026-09-27T03:46:00Z,REM,Sleep,0,128,observedRawSignal,5F7AA24D-8872-518F-83CD-1D375020A9D9,0002,1,128,1,0,0,0,1,3,128,128,128,128,0,0.0,1.0,0.0,0,0,0,3,1,5,129.2,128,128,134,6,2.4,0.8,0.19999999999999996,3,6,2,3,1,10,129.2,128.0,128,134,6,2.4,0.8,0.19999999999999996,2.6666666666666665,6,4,3,1,30,130,128.0,128,140,12,3.5870136139505613,0.7,0.30000000000000004,3.586206896551724,12,15,5,0,0,,[],0,0,,[],361.0,0.9799247046208296,-0.19936793441719708
2026-09-27,2026-09-27T03:47:00Z,REM,Sleep,0,128,observedRawSignal,5F7AA24D-8872-518F-83CD-1D375020A9D9,0002,1,128,1,0,0,0,1,3,128,128,128,128,0,0.0,1.0,0.0,0,0,0,3,1,5,129.2,128,128,134,6,2.4,0.8,0.19999999999999996,1.5,6,1,4,1,10,129.2,128.0,128,134,6,2.4,0.8,0.19999999999999996,2.6666666666666665,6,4,4,1,30,130,128.0,128,140,12,3.5870136139505613,0.7,0.30000000000000004,3.586206896551724,12,15,5,0,0,,[],0,0,,[],362.0,0.9790454724845838,-0.20364175114017755
2026-09-27,2026-09-27T03:48:00Z,REM,Sleep,0,128,observedRawSignal,5F7AA24D-8872-518F-83CD-1D375020A9D9,0002,1,128,1,0,0,0,1,3,128,128,128,128,0,0.0,1.0,0.0,0,0,0,3,1,5,128,128,128,128,0,0.0,1.0,0.0,0,0,0,5,1,10,129.2,128.0,128,134,6,2.4,0.8,0.19999999999999996,2.6666666666666665,6,4,5,1,30,130,128.0,128,140,12,3.5870136139505613,0.7,0.30000000000000004,3.586206896551724,12,15,5,0,0,,[],0,0,,[],363.0,0.9781476007338057,-0.20791169081775912
2026-09-27,2026-09-27T03:49:00Z,REM,Sleep,0,128,observedRawSignal,5F7AA24D-8872-518F-83CD-1D375020A9D9,0002,1,128,1,0,0,0,1,3,128,128,128,128,0,0.0,1.0,0.0,0,0,0,3,1,5,128,128,128,128,0,0.0,1.0,0.0,0,0,0,5,1,10,129.2,128.0,128,134,6,2.4,0.8,0.19999999999999996,2,6,3,6,1,30,130,128.0,128,140,12,3.5870136139505613,0.7,0.30000000000000004,3.586206896551724,12,15,6,0,0,,[],0,0,,[],364.0,0.9772311064626789,-0.21217767215644623
2026-09-27,2026-09-27T03:50:00Z,REM,Sleep,0,128,observedRawSignal,5F7AA24D-8872-518F-83CD-1D375020A9D9,0002,1,128,1,0,0,0,1,3,128,128,128,128,0,0.0,1.0,0.0,0,0,0,3,1,5,128,128,128,128,0,0.0,1.0,0.0,0,0,0,5,1,10,128.6,128.0,128,134,6,1.8,0.9,0.09999999999999998,1.3333333333333333,6,2,7,1,30,130,128.0,128,140,12,3.5870136139505613,0.7,0.30000000000000004,3.586206896551724,12,15,7,0,0,,[],0,0,,[],365.0,0.9762960071199334,-0.2164396139381028
2026-09-27,2026-09-27T03:51:00Z,REM,Sleep,0,128,observedRawSignal,5F7AA24D-8872-518F-83CD-1D375020A9D9,0002,1,128,1,0,0,0,1,3,128,128,128,128,0,0.0,1.0,0.0,0,0,0,3,1,5,128,128,128,128,0,0.0,1.0,0.0,0,0,0,5,1,10,128.6,128.0,128,134,6,1.8,0.9,0.09999999999999998,1.3333333333333333,6,2,8,1,30,130,128.0,128,140,12,3.5870136139505613,0.7,0.30000000000000004,3.1724137931034484,12,14,8,0,0,,[],0,0,,[],366.0,0.9753423205085127,-0.22069743502150116
2026-09-27,2026-09-27T03:52:00Z,REM,Sleep,0,128,observedRawSignal,5F7AA24D-8872-518F-83CD-1D375020A9D9,0002,1,128,1,0,0,0,1,3,128,128,128,128,0,0.0,1.0,0.0,0,0,0,3,1,5,128,128,128,128,0,0.0,1.0,0.0,0,0,0,5,1,10,128.6,128.0,128,134,6,1.8,0.9,0.09999999999999998,0.6666666666666666,6,1,9,1,30,129.6,128.0,128,139,11,3.083288287959247,0.7333333333333333,0.2666666666666667,2.7586206896551726,11,13,9,0,0,,[],0,0,,[],367.0,0.9743700647852352,-0.2249510543438648
2026-09-27,2026-09-27T03:53:00Z,REM,Sleep,0,128,observedRawSignal,5F7AA24D-8872-518F-83CD-1D375020A9D9,0002,1,128,1,0,0,0,1,3,128,128,128,128,0,0.0,1.0,0.0,0,0,0,3,1,5,128,128,128,128,0,0.0,1.0,0.0,0,0,0,5,1,10,128,128.0,128,128,0,0.0,1.0,0.0,0,0,0,10,1,30,129.6,128.0,128,139,11,3.083288287959247,0.7333333333333333,0.2666666666666667,2.7586206896551726,11,13,10,0,0,,[],0,0,,[],368.0,0.9733792584604485,-0.22920039092241415
2026-09-27,2026-09-27T03:54:00Z,REM,Sleep,0,128,observedRawSignal,5F7AA24D-8872-518F-83CD-1D375020A9D9,0002,1,128,1,0,0,0,1,3,128,128,128,128,0,0.0,1.0,0.0,0,0,0,3,1,5,128,128,128,128,0,0.0,1.0,0.0,0,0,0,5,1,10,128,128.0,128,128,0,0.0,1.0,0.0,0,0,0,10,1,30,129.6,128.0,128,139,11,3.083288287959247,0.7333333333333333,0.2666666666666667,2.4827586206896552,11,12,11,0,0,,[],0,0,,[],369.0,0.9723699203976767,-0.23344536385590514
2026-09-27,2026-09-27T03:55:00Z,Deep,Sleep,0,128,observedRawSignal,5F7AA24D-8872-518F-83CD-1D375020A9D9,0002,1,128,1,0,0,0,1,3,128,128,128,128,0,0.0,1.0,0.0,0,0,0,3,1,5,128,128,128,128,0,0.0,1.0,0.0,0,0,0,5,1,10,128,128.0,128,128,0,0.0,1.0,0.0,0,0,0,10,1,30,129.33333333333334,128.0,128,139,11,2.8557933320805193,0.7666666666666667,0.23333333333333328,2.206896551724138,11,11,12,0,0,,[],0,0,,[],370.0,0.9713420698132614,-0.237685892326173
2026-09-27,2026-09-27T03:56:00Z,Deep,Sleep,0,143,observedRawSignal,5F7AA24D-8872-518F-83CD-1D375020A9D9,0002,1,143,0,15,15,15,1,3,133,128,128,143,15,7.0710678118654755,0.6666666666666666,0.33333333333333337,7.5,15,1,2,1,5,131,128,128,143,15,6.0,0.8,0.19999999999999996,3.75,15,1,4,1,10,129.5,128.0,128,143,15,4.5,0.9,0.09999999999999998,1.6666666666666667,15,1,9,1,30,129.83333333333334,128.0,128,143,15,3.751296072322501,0.7333333333333333,0.2666666666666667,2.7241379310344827,15,12,12,0,0,,[],0,0,,[],371.0,0.9702957262759965,-0.24192189559966779
2026-09-27,2026-09-27T03:57:00Z,Deep,Sleep,0,128,observedRawSignal,5F7AA24D-8872-518F-83CD-1D375020A9D9,0002,1,128,1,0,-15,15,1,3,133,128,128,143,15,7.0710678118654755,0.6666666666666666,0.33333333333333337,15,15,2,1,1,5,131,128,128,143,15,6.0,0.8,0.19999999999999996,7.5,15,2,3,1,10,129.5,128.0,128,143,15,4.5,0.9,0.09999999999999998,3.3333333333333335,15,2,8,1,30,129.83333333333334,128.0,128,143,15,3.751296072322501,0.7333333333333333,0.2666666666666667,3.2413793103448274,15,13,12,0,0,,[],0,0,,[],372.0,0.9692309097067544,-0.24615329302899305
2026-09-27,2026-09-27T03:58:00Z,Core,Sleep,0,128,observedRawSignal,5F7AA24D-8872-518F-83CD-1D375020A9D9,0002,1,128,1,0,0,0,1,3,133,128,128,143,15,7.0710678118654755,0.6666666666666666,0.33333333333333337,7.5,15,1,2,1,5,131,128,128,143,15,6.0,0.8,0.19999999999999996,7.5,15,2,2,1,10,129.5,128.0,128,143,15,4.5,0.9,0.09999999999999998,3.3333333333333335,15,2,7,1,30,129.83333333333334,128.0,128,143,15,3.751296072322501,0.7333333333333333,0.2666666666666667,3.2413793103448274,15,13,12,0,0,,[],0,0,,[],373.0,0.9681476403781077,-0.2503800040544414
2026-09-27,2026-09-27T03:59:00Z,Core,Sleep,0,131,observedRawSignal,5F7AA24D-8872-518F-83CD-1D375020A9D9,0002,1,131,0,3,3,3,1,3,129,128,128,131,3,1.4142135623730951,0.6666666666666666,0.33333333333333337,1.5,3,1,2,1,5,131.6,128,128,143,15,5.817215828899595,0.6,0.4,8.25,15,3,2,1,10,129.8,128.0,128,143,15,4.48998886412873,0.8,0.19999999999999996,3.6666666666666665,15,3,6,1,30,129.93333333333334,128.0,128,143,15,3.74106342575952,0.7,0.30000000000000004,3.3448275862068964,15,14,12,0,0,,[],0,0,,[],374.0,0.9670459389139432,-0.2546019482055275
2026-09-27,2026-09-27T04:00:00Z,Core,Sleep,0,128,observedRawSignal,5F7AA24D-8872-518F-83CD-1D375020A9D9,0002,1,128,1,0,-3,3,1,3,129,128,128,131,3,1.4142135623730951,0.6666666666666666,0.33333333333333337,3,3,2,1,1,5,131.6,128,128,143,15,5.817215828899595,0.6,0.4,5.25,15,3,2,1,10,129.8,128.0,128,143,15,4.48998886412873,0.8,0.19999999999999996,4,15,4,5,1,30,129.93333333333334,128.0,128,143,15,3.74106342575952,0.7,0.30000000000000004,3.0689655172413794,15,14,12,0,0,,[],0,0,,[],375.0,0.9659258262890683,-0.25881904510252085
2026-09-27,2026-09-27T04:01:00Z,Core,Sleep,0,128,observedRawSignal,5F7AA24D-8872-518F-83CD-1D375020A9D9,0002,1,128,1,0,0,0,1,3,129,128,128,131,3,1.4142135623730951,0.6666666666666666,0.33333333333333337,1.5,3,1,2,1,5,128.6,128,128,131,3,1.2,0.8,0.19999999999999996,1.5,3,2,2,1,10,129.8,128.0,128,143,15,4.48998886412873,0.8,0.19999999999999996,4,15,4,4,1,30,129.56666666666666,128.0,128,143,15,3.353439362140839,0.7333333333333333,0.2666666666666667,2.8275862068965516,15,13,12,0,0,,[],0,0,,[],376.0,0.964787323828813,-0.2630312144579746
2026-09-27,2026-09-27T04:02:00Z,Core,Sleep,0,128,observedRawSignal,5F7AA24D-8872-518F-83CD-1D375020A9D9,0002,1,128,1,0,0,0,1,3,128,128,128,128,0,0.0,1.0,0.0,0,0,0,3,1,5,128.6,128,128,131,3,1.2,0.8,0.19999999999999996,1.5,3,2,3,1,10,129.8,128.0,128,143,15,4.48998886412873,0.8,0.19999999999999996,4,15,4,3,1,30,129.43333333333334,128.0,128,143,15,3.3334999958335416,0.7666666666666667,0.23333333333333328,2.689655172413793,15,12,12,0,0,,[],0,0,,[],377.0,0.963630453208623,-0.26723837607825685
2026-09-27,2026-09-27T04:03:00Z,Core,Sleep,0,128,observedRawSignal,5F7AA24D-8872-518F-83CD-1D375020A9D9,0002,1,128,1,0,0,0,1,3,128,128,128,128,0,0.0,1.0,0.0,0,0,0,3,1,5,128.6,128,128,131,3,1.2,0.8,0.19999999999999996,0.75,3,1,4,1,10,129.8,128.0,128,143,15,4.48998886412873,0.8,0.19999999999999996,4,15,4,4,1,30,129.43333333333334,128.0,128,143,15,3.3334999958335416,0.7666666666666667,0.23333333333333328,2.6206896551724137,15,11,12,0,0,,[],0,0,,[],378.0,0.9624552364536473,-0.2714404498650742
2026-09-27,2026-09-27T04:04:00Z,Core,Sleep,0,128,observedRawSignal,5F7AA24D-8872-518F-83CD-1D375020A9D9,0002,1,128,1,0,0,0,1,3,128,128,128,128,0,0.0,1.0,0.0,0,0,0,3,1,5,128,128,128,128,0,0.0,1.0,0.0,0,0,0,5,1,10,129.8,128.0,128,143,15,4.48998886412873,0.8,0.19999999999999996,4,15,4,5,1,30,129.36666666666667,128.0,128,143,15,3.341490020268736,0.8,0.19999999999999996,2.3793103448275863,15,10,12,0,0,,[],0,0,,[],379.0,0.9612616959383189,-0.27563735581699905
2026-09-27,2026-09-27T04:05:00Z,Core,Sleep,0,128,observedRawSignal,5F7AA24D-8872-518F-83CD-1D375020A9D9,0002,1,128,1,0,0,0,1,3,128,128,128,128,0,0.0,1.0,0.0,0,0,0,3,1,5,128,128,128,128,0,0.0,1.0,0.0,0,0,0,5,1,10,129.8,128.0,128,143,15,4.48998886412873,0.8,0.19999999999999996,2.3333333333333335,15,3,6,1,30,129.06666666666666,128.0,128,143,15,3.032417444145109,0.8333333333333334,0.16666666666666663,2.1379310344827585,15,9,12,1,1,69,"[""c90ac1c24d3a499cca0591184b3c37ecd4cafa1db6766cd02e237f4c5bb32d78""]",1,1,10,"[""fc1be627285c170dd251aaa6215c3947a0e586c891682b5c1fd1d8eb2fbe267b""]",380.0,0.9600498543859287,-0.2798290140309919
2026-09-27,2026-09-27T04:06:00Z,Core,Sleep,0,128,observedRawSignal,5F7AA24D-8872-518F-83CD-1D375020A9D9,0002,1,128,1,0,0,0,1,3,128,128,128,128,0,0.0,1.0,0.0,0,0,0,3,1,5,128,128,128,128,0,0.0,1.0,0.0,0,0,0,5,1,10,128.3,128.0,128,131,3,0.9,0.9,0.09999999999999998,0.6666666666666666,3,2,7,1,30,129,128.0,128,143,15,3.03315017762062,0.8666666666666667,0.1333333333333333,2.0689655172413794,15,8,12,0,0,,[],0,0,,[],381.0,0.958819734868193,-0.28401534470392265
2026-09-27,2026-09-27T04:07:00Z,Core,Sleep,0,128,observedRawSignal,5F7AA24D-8872-518F-83CD-1D375020A9D9,0002,1,128,1,0,0,0,1,3,128,128,128,128,0,0.0,1.0,0.0,0,0,0,3,1,5,128,128,128,128,0,0.0,1.0,0.0,0,0,0,5,1,10,128.3,128.0,128,131,3,0.9,0.9,0.09999999999999998,0.6666666666666666,3,2,8,1,30,129,128.0,128,143,15,3.03315017762062,0.8666666666666667,0.1333333333333333,2.0689655172413794,15,8,12,0,0,,[],0,0,,[],382.0,0.9575713608048144,-0.2881962681340895
2026-09-27,2026-09-27T04:08:00Z,REM,Sleep,0,128,observedRawSignal,5F7AA24D-8872-518F-83CD-1D375020A9D9,0002,1,128,1,0,0,0,1,3,128,128,128,128,0,0.0,1.0,0.0,0,0,0,3,1,5,128,128,128,128,0,0.0,1.0,0.0,0,0,0,5,1,10,128.3,128.0,128,131,3,0.9,0.9,0.09999999999999998,0.3333333333333333,3,1,9,1,30,129,128.0,128,143,15,3.03315017762062,0.8666666666666667,0.1333333333333333,2.0689655172413794,15,8,12,0,0,,[],0,0,,[],383.0,0.9563047559630355,-0.29237170472273666
2026-09-27,2026-09-27T04:09:00Z,REM,Sleep,0,128,observedRawSignal,5F7AA24D-8872-518F-83CD-1D375020A9D9,0002,1,128,1,0,0,0,1,3,128,128,128,128,0,0.0,1.0,0.0,0,0,0,3,1,5,128,128,128,128,0,0.0,1.0,0.0,0,0,0,5,1,10,128,128.0,128,128,0,0.0,1.0,0.0,0,0,0,10,1,30,129,128.0,128,143,15,3.03315017762062,0.8666666666666667,0.1333333333333333,1.8620689655172413,15,7,12,0,0,,[],0,0,,[],384.0,0.9550199444571866,-0.29654157497557104
2026-09-27,2026-09-27T04:10:00Z,REM,Sleep,0,128,observedRawSignal,5F7AA24D-8872-518F-83CD-1D375020A9D9,0002,1,128,1,0,0,0,1,3,128,128,128,128,0,0.0,1.0,0.0,0,0,0,3,1,5,128,128,128,128,0,0.0,1.0,0.0,0,0,0,5,1,10,128,128.0,128,128,0,0.0,1.0,0.0,0,0,0,10,1,30,128.8,128.0,128,143,15,2.891366458960192,0.9,0.09999999999999998,1.6551724137931034,15,6,12,0,0,,[],0,0,,[],385.0,0.9537169507482269,-0.30070579950427295
2026-09-27,2026-09-27T04:11:00Z,REM,Sleep,0,128,observedRawSignal,5F7AA24D-8872-518F-83CD-1D375020A9D9,0002,1,128,1,0,0,0,1,3,128,128,128,128,0,0.0,1.0,0.0,0,0,0,3,1,5,128,128,128,128,0,0.0,1.0,0.0,0,0,0,5,1,10,128,128.0,128,128,0,0.0,1.0,0.0,0,0,0,10,1,30,128.8,128.0,128,143,15,2.891366458960192,0.9,0.09999999999999998,1.6551724137931034,15,6,12,0,0,,[],0,0,,[],386.0,0.9523957996432784,-0.30486429902801077
2026-09-27,2026-09-27T04:12:00Z,REM,Sleep,0,128,observedRawSignal,5F7AA24D-8872-518F-83CD-1D375020A9D9,0002,1,128,1,0,0,0,1,3,128,128,128,128,0,0.0,1.0,0.0,0,0,0,3,1,5,128,128,128,128,0,0.0,1.0,0.0,0,0,0,5,1,10,128,128.0,128,128,0,0.0,1.0,0.0,0,0,0,10,1,30,128.8,128.0,128,143,15,2.891366458960192,0.9,0.09999999999999998,1.4482758620689655,15,5,13,0,0,,[],0,0,,[],387.0,0.9510565162951536,-0.30901699437494734
2026-09-27,2026-09-27T04:13:00Z,REM,Sleep,0,128,observedRawSignal,5F7AA24D-8872-518F-83CD-1D375020A9D9,0002,1,128,1,0,0,0,1,3,128,128,128,128,0,0.0,1.0,0.0,0,0,0,3,1,5,128,128,128,128,0,0.0,1.0,0.0,0,0,0,5,1,10,128,128.0,128,128,0,0.0,1.0,0.0,0,0,0,10,1,30,128.6,128.0,128,143,15,2.727636339397171,0.9333333333333333,0.06666666666666665,1.2413793103448276,15,4,14,0,0,,[],0,0,,[],388.0,0.9496991262018769,-0.31316380648374964
2026-09-27,2026-09-27T04:14:00Z,REM,Sleep,0,128,observedRawSignal,5F7AA24D-8872-518F-83CD-1D375020A9D9,0002,1,128,1,0,0,0,1,3,128,128,128,128,0,0.0,1.0,0.0,0,0,0,3,1,5,128,128,128,128,0,0.0,1.0,0.0,0,0,0,5,1,10,128,128.0,128,128,0,0.0,1.0,0.0,0,0,0,10,1,30,128.6,128.0,128,143,15,2.727636339397171,0.9333333333333333,0.06666666666666665,1.2413793103448276,15,4,15,0,0,,[],0,0,,[],389.0,0.9483236552061994,-0.317304656405092
2026-09-27,2026-09-27T04:15:00Z,REM,Sleep,0,128,observedRawSignal,5F7AA24D-8872-518F-83CD-1D375020A9D9,0002,1,128,1,0,0,0,1,3,128,128,128,128,0,0.0,1.0,0.0,0,0,0,3,1,5,128,128,128,128,0,0.0,1.0,0.0,0,0,0,5,1,10,128,128.0,128,128,0,0.0,1.0,0.0,0,0,0,10,1,30,128.6,128.0,128,143,15,2.727636339397171,0.9333333333333333,0.06666666666666665,1.2413793103448276,15,4,16,0,0,,[],0,0,,[],390.0,0.9469301294951057,-0.3214394653031616
2026-09-27,2026-09-27T04:16:00Z,REM,Sleep,0,128,observedRawSignal,5F7AA24D-8872-518F-83CD-1D375020A9D9,0002,1,128,1,0,0,0,1,3,128,128,128,128,0,0.0,1.0,0.0,0,0,0,3,1,5,128,128,128,128,0,0.0,1.0,0.0,0,0,0,5,1,10,128,128.0,128,128,0,0.0,1.0,0.0,0,0,0,10,1,30,128.6,128.0,128,143,15,2.727636339397171,0.9333333333333333,0.06666666666666665,1.2413793103448276,15,4,17,0,0,,[],0,0,,[],391.0,0.9455185755993168,-0.3255681544571564
2026-09-27,2026-09-27T04:17:00Z,REM,Sleep,0,128,observedRawSignal,5F7AA24D-8872-518F-83CD-1D375020A9D9,0002,1,128,1,0,0,0,1,3,128,128,128,128,0,0.0,1.0,0.0,0,0,0,3,1,5,128,128,128,128,0,0.0,1.0,0.0,0,0,0,5,1,10,128,128.0,128,128,0,0.0,1.0,0.0,0,0,0,10,1,30,128.6,128.0,128,143,15,2.727636339397171,0.9333333333333333,0.06666666666666665,1.2413793103448276,15,4,18,0,0,,[],0,0,,[],392.0,0.9440890203927843,-0.3296906452627872
2026-09-27,2026-09-27T04:18:00Z,REM,Sleep,0,128,observedRawSignal,5F7AA24D-8872-518F-83CD-1D375020A9D9,0002,1,128,1,0,0,0,1,3,128,128,128,128,0,0.0,1.0,0.0,0,0,0,3,1,5,128,128,128,128,0,0.0,1.0,0.0,0,0,0,5,1,10,128,128.0,128,128,0,0.0,1.0,0.0,0,0,0,10,1,30,128.6,128.0,128,143,15,2.727636339397171,0.9333333333333333,0.06666666666666665,1.2413793103448276,15,4,19,0,0,,[],0,0,,[],393.0,0.9426414910921783,-0.333806859233771
2026-09-27,2026-09-27T04:19:00Z,REM,Sleep,0,128,observedRawSignal,5F7AA24D-8872-518F-83CD-1D375020A9D9,0002,1,128,1,0,0,0,1,3,128,128,128,128,0,0.0,1.0,0.0,0,0,0,3,1,5,128,128,128,128,0,0.0,1.0,0.0,0,0,0,5,1,10,128,128.0,128,128,0,0.0,1.0,0.0,0,0,0,10,1,30,128.6,128.0,128,143,15,2.727636339397171,0.9333333333333333,0.06666666666666665,1.2413793103448276,15,4,20,0,0,,[],0,0,,[],394.0,0.9411760152563707,-0.3379167180033268
2026-09-27,2026-09-27T04:20:00Z,REM,Sleep,0,128,observedRawSignal,5F7AA24D-8872-518F-83CD-1D375020A9D9,0002,1,128,1,0,0,0,1,3,128,128,128,128,0,0.0,1.0,0.0,0,0,0,3,1,5,128,128,128,128,0,0.0,1.0,0.0,0,0,0,5,1,10,128,128.0,128,128,0,0.0,1.0,0.0,0,0,0,10,1,30,128.6,128.0,128,143,15,2.727636339397171,0.9333333333333333,0.06666666666666665,1.2413793103448276,15,4,21,0,0,,[],0,0,,[],395.0,0.9396926207859084,-0.3420201433256687
2026-09-27,2026-09-27T04:21:00Z,Core,Sleep,0,128,observedRawSignal,5F7AA24D-8872-518F-83CD-1D375020A9D9,0002,1,128,1,0,0,0,1,3,128,128,128,128,0,0.0,1.0,0.0,0,0,0,3,1,5,128,128,128,128,0,0.0,1.0,0.0,0,0,0,5,1,10,128,128.0,128,128,0,0.0,1.0,0.0,0,0,0,10,1,30,128.6,128.0,128,143,15,2.727636339397171,0.9333333333333333,0.06666666666666665,1.2413793103448276,15,4,22,0,0,,[],0,0,,[],396.0,0.9381913359224842,-0.3461170570774929
2026-09-27,2026-09-27T04:22:00Z,Core,Sleep,0,128,observedRawSignal,5F7AA24D-8872-518F-83CD-1D375020A9D9,0002,1,128,1,0,0,0,1,3,128,128,128,128,0,0.0,1.0,0.0,0,0,0,3,1,5,128,128,128,128,0,0.0,1.0,0.0,0,0,0,5,1,10,128,128.0,128,128,0,0.0,1.0,0.0,0,0,0,10,1,30,128.6,128.0,128,143,15,2.727636339397171,0.9333333333333333,0.06666666666666665,1.2413793103448276,15,4,23,0,0,,[],0,0,,[],397.0,0.9366721892483976,-0.35020738125946754
2026-09-27,2026-09-27T04:23:00Z,Core,Sleep,0,128,observedRawSignal,5F7AA24D-8872-518F-83CD-1D375020A9D9,0002,1,128,1,0,0,0,1,3,128,128,128,128,0,0.0,1.0,0.0,0,0,0,3,1,5,128,128,128,128,0,0.0,1.0,0.0,0,0,0,5,1,10,128,128.0,128,128,0,0.0,1.0,0.0,0,0,0,10,1,30,128.6,128.0,128,143,15,2.727636339397171,0.9333333333333333,0.06666666666666665,1.2413793103448276,15,4,24,0,0,,[],0,0,,[],398.0,0.9351352096860117,-0.35429103799771566
2026-09-27,2026-09-27T04:24:00Z,Core,Sleep,0,128,observedRawSignal,5F7AA24D-8872-518F-83CD-1D375020A9D9,0002,1,128,1,0,0,0,1,3,128,128,128,128,0,0.0,1.0,0.0,0,0,0,3,1,5,128,128,128,128,0,0.0,1.0,0.0,0,0,0,5,1,10,128,128.0,128,128,0,0.0,1.0,0.0,0,0,0,10,1,30,128.6,128.0,128,143,15,2.727636339397171,0.9333333333333333,0.06666666666666665,1.2413793103448276,15,4,25,0,0,,[],0,0,,[],399.0,0.9335804264972017,-0.35836794954530027
2026-09-27,2026-09-27T04:25:00Z,Core,Sleep,0,128,observedRawSignal,5F7AA24D-8872-518F-83CD-1D375020A9D9,0002,1,128,1,0,0,0,1,3,128,128,128,128,0,0.0,1.0,0.0,0,0,0,3,1,5,128,128,128,128,0,0.0,1.0,0.0,0,0,0,5,1,10,128,128.0,128,128,0,0.0,1.0,0.0,0,0,0,10,1,30,128.6,128.0,128,143,15,2.727636339397171,0.9333333333333333,0.06666666666666665,0.7241379310344828,15,3,26,0,0,,[],0,0,,[],400.0,0.9320078692827986,-0.3624380382837014
2026-09-27,2026-09-27T04:26:00Z,Core,Sleep,0,128,observedRawSignal,5F7AA24D-8872-518F-83CD-1D375020A9D9,0002,1,128,1,0,0,0,1,3,128,128,128,128,0,0.0,1.0,0.0,0,0,0,3,1,5,128,128,128,128,0,0.0,1.0,0.0,0,0,0,5,1,10,128,128.0,128,128,0,0.0,1.0,0.0,0,0,0,10,1,30,128.1,128.0,128,131,3,0.5385164807134504,0.9666666666666667,0.033333333333333326,0.20689655172413793,3,2,27,0,0,,[],0,0,,[],401.0,0.9304175679820246,-0.3665012267242972
2026-09-27,2026-09-27T04:27:00Z,Core,Sleep,0,128,observedRawSignal,5F7AA24D-8872-518F-83CD-1D375020A9D9,0002,1,128,1,0,0,0,1,3,128,128,128,128,0,0.0,1.0,0.0,0,0,0,3,1,5,128,128,128,128,0,0.0,1.0,0.0,0,0,0,5,1,10,128,128.0,128,128,0,0.0,1.0,0.0,0,0,0,10,1,30,128.1,128.0,128,131,3,0.5385164807134504,0.9666666666666667,0.033333333333333326,0.20689655172413793,3,2,28,0,0,,[],0,0,,[],402.0,0.9288095528719242,-0.3705574375098361
2026-09-27,2026-09-27T04:28:00Z,Core,Sleep,0,128,observedRawSignal,5F7AA24D-8872-518F-83CD-1D375020A9D9,0002,1,128,1,0,0,0,1,3,128,128,128,128,0,0.0,1.0,0.0,0,0,0,3,1,5,128,128,128,128,0,0.0,1.0,0.0,0,0,0,5,1,10,128,128.0,128,128,0,0.0,1.0,0.0,0,0,0,10,1,30,128.1,128.0,128,131,3,0.5385164807134504,0.9666666666666667,0.033333333333333326,0.10344827586206896,3,1,29,0,0,,[],0,0,,[],403.0,0.9271838545667874,-0.37460659341591207
2026-09-27,2026-09-27T04:29:00Z,Core,Sleep,0,132,observedRawSignal,5F7AA24D-8872-518F-83CD-1D375020A9D9,0002,1,132,0,4,4,4,1,3,129.33333333333334,128,128,132,4,1.8856180831641267,0.6666666666666666,0.33333333333333337,2,4,1,2,1,5,128.8,128,128,132,4,1.6,0.8,0.19999999999999996,1,4,1,4,1,10,128.4,128.0,128,132,4,1.2,0.9,0.09999999999999998,0.4444444444444444,4,1,9,1,30,128.13333333333333,128.0,128,132,4,0.7180219742846006,0.9666666666666667,0.033333333333333326,0.13793103448275862,4,1,29,0,0,,[],0,0,,[],404.0,0.9255405040175664,-0.37864861735243294
2026-09-27,2026-09-27T04:30:00Z,Core,Sleep,0,146,observedRawSignal,5F7AA24D-8872-518F-83CD-1D375020A9D9,0002,1,146,0,18,14,14,1,3,135.33333333333334,132,128,146,18,7.71722460186015,0.3333333333333333,0.6666666666666667,9,14,2,1,1,5,132.4,128,128,146,18,6.974238309665077,0.6,0.4,4.5,14,2,3,1,10,130.2,128.0,128,146,18,5.4,0.8,0.19999999999999996,2,14,2,8,1,30,128.73333333333332,128.0,128,146,18,3.2856590747604284,0.9333333333333333,0.06666666666666665,0.6206896551724138,14,2,28,0,0,,[],0,0,,[],405.0,0.9238795325112867,-0.3826834323650897
2026-09-27,2026-09-27T04:31:00Z,Core,Sleep,0,128,observedRawSignal,5F7AA24D-8872-518F-83CD-1D375020A9D9,0002,1,128,1,0,-18,18,1,3,135.33333333333334,132,128,146,18,7.71722460186015,0.3333333333333333,0.6666666666666667,16,18,2,1,1,5,132.4,128,128,146,18,6.974238309665077,0.6,0.4,9,18,3,2,1,10,130.2,128.0,128,146,18,5.4,0.8,0.19999999999999996,4,18,3,7,1,30,128.73333333333332,128.0,128,146,18,3.2856590747604284,0.9333333333333333,0.06666666666666665,1.2413793103448276,18,3,27,0,0,,[],0,0,,[],406.0,0.9222009716704518,-0.3867109616368207
2026-09-27,2026-09-27T04:32:00Z,Core,Sleep,0,128,observedRawSignal,5F7AA24D-8872-518F-83CD-1D375020A9D9,0002,1,128,1,0,0,0,1,3,134,128,128,146,18,8.48528137423857,0.6666666666666666,0.33333333333333337,9,18,1,2,1,5,132.4,128,128,146,18,6.974238309665077,0.6,0.4,9,18,3,2,1,10,130.2,128.0,128,146,18,5.4,0.8,0.19999999999999996,4,18,3,6,1,30,128.73333333333332,128.0,128,146,18,3.2856590747604284,0.9333333333333333,0.06666666666666665,1.2413793103448276,18,3,26,0,0,,[],0,0,,[],407.0,0.9205048534524404,-0.3907311284892736
2026-09-27,2026-09-27T04:33:00Z,Core,Sleep,0,128,observedRawSignal,5F7AA24D-8872-518F-83CD-1D375020A9D9,0002,1,128,1,0,0,0,1,3,128,128,128,128,0,0.0,1.0,0.0,0,0,0,3,1,5,132.4,128,128,146,18,6.974238309665077,0.6,0.4,8,18,2,3,1,10,130.2,128.0,128,146,18,5.4,0.8,0.19999999999999996,4,18,3,5,1,30,128.73333333333332,128.0,128,146,18,3.2856590747604284,0.9333333333333333,0.06666666666666665,1.2413793103448276,18,3,25,0,0,,[],0,0,,[],408.0,0.9187912101488983,-0.39474385638426723
2026-09-27,2026-09-27T04:34:00Z,Core,Sleep,0,133,observedRawSignal,5F7AA24D-8872-518F-83CD-1D375020A9D9,0002,1,133,0,5,5,5,1,3,129.66666666666666,128,128,133,5,2.3570226039551585,0.6666666666666666,0.33333333333333337,2.5,5,1,2,1,5,132.6,128,128,146,18,6.974238309665077,0.6,0.4,5.75,18,2,3,1,10,130.7,128.0,128,146,18,5.404627646748664,0.7,0.30000000000000004,4.555555555555555,18,4,4,1,30,128.9,128.0,128,146,18,3.3699653806332592,0.9,0.09999999999999998,1.4137931034482758,18,4,24,0,0,,[],0,0,,[],409.0,0.9170600743851242,-0.398749068925246
2026-09-27,2026-09-27T04:35:00Z,Core,Sleep,0,128,observedRawSignal,5F7AA24D-8872-518F-83CD-1D375020A9D9,0002,1,128,1,0,-5,5,1,3,129.66666666666666,128,128,133,5,2.3570226039551585,0.6666666666666666,0.33333333333333337,5,5,2,1,1,5,129,128,128,133,5,2.0,0.8,0.19999999999999996,2.5,5,2,3,1,10,130.7,128.0,128,146,18,5.404627646748664,0.7,0.30000000000000004,5.111111111111111,18,5,3,1,30,128.9,128.0,128,146,18,3.3699653806332592,0.9,0.09999999999999998,1.5862068965517242,18,5,23,1,1,60,"[""b3e67c6935a3b2776d4534a9b0a7e3fa47aab30c101c4eb10a7c5f0375911244""]",1,1,11,"[""61c6fdb94683204b77d64ba35420f9c686679b79853a0023f8446c4c74520d23""]",410.0,0.9153114791194472,-0.40274668985873713
2026-09-27,2026-09-27T04:36:00Z,Core,Sleep,0,128,observedRawSignal,5F7AA24D-8872-518F-83CD-1D375020A9D9,0002,1,128,1,0,0,0,1,3,129.66666666666666,128,128,133,5,2.3570226039551585,0.6666666666666666,0.33333333333333337,2.5,5,1,2,1,5,129,128,128,133,5,2.0,0.8,0.19999999999999996,2.5,5,2,2,1,10,130.7,128.0,128,146,18,5.404627646748664,0.7,0.30000000000000004,5.111111111111111,18,5,3,1,30,128.9,128.0,128,146,18,3.3699653806332592,0.9,0.09999999999999998,1.5862068965517242,18,5,22,0,0,,[],0,0,,[],411.0,0.913545457642601,-0.40673664307580004
2026-09-27,2026-09-27T04:37:00Z,Core,Sleep,0,128,observedRawSignal,5F7AA24D-8872-518F-83CD-1D375020A9D9,0002,1,128,1,0,0,0,1,3,128,128,128,128,0,0.0,1.0,0.0,0,0,0,3,1,5,129,128,128,133,5,2.0,0.8,0.19999999999999996,2.5,5,2,3,1,10,130.7,128.0,128,146,18,5.404627646748664,0.7,0.30000000000000004,5.111111111111111,18,5,3,1,30,128.9,128.0,128,146,18,3.3699653806332592,0.9,0.09999999999999998,1.5862068965517242,18,5,21,0,0,,[],0,0,,[],412.0,0.9117620435770886,-0.4107188526134773
2026-09-27,2026-09-27T04:38:00Z,Core,Sleep,0,128,observedRawSignal,5F7AA24D-8872-518F-83CD-1D375020A9D9,0002,1,128,1,0,0,0,1,3,128,128,128,128,0,0.0,1.0,0.0,0,0,0,3,1,5,129,128,128,133,5,2.0,0.8,0.19999999999999996,1.25,5,1,4,1,10,130.7,128.0,128,146,18,5.404627646748664,0.7,0.30000000000000004,4.666666666666667,18,4,4,1,30,128.9,128.0,128,146,18,3.3699653806332592,0.9,0.09999999999999998,1.5862068965517242,18,5,20,0,0,,[],0,0,,[],413.0,0.9099612708765433,-0.4146932426562388
2026-09-27,2026-09-27T04:39:00Z,Core,Sleep,0,128,observedRawSignal,5F7AA24D-8872-518F-83CD-1D375020A9D9,0002,1,128,1,0,0,0,1,3,128,128,128,128,0,0.0,1.0,0.0,0,0,0,3,1,5,128,128,128,128,0,0.0,1.0,0.0,0,0,0,5,1,10,130.3,128.0,128,146,18,5.441507144165116,0.8,0.19999999999999996,3.111111111111111,18,3,5,1,30,128.9,128.0,128,146,18,3.3699653806332592,0.9,0.09999999999999998,1.5862068965517242,18,5,19,0,0,,[],0,0,,[],414.0,0.9081431738250815,-0.4186597375374278
2026-09-27,2026-09-27T04:40:00Z,Core,Sleep,0,128,observedRawSignal,5F7AA24D-8872-518F-83CD-1D375020A9D9,0002,1,128,1,0,0,0,1,3,128,128,128,128,0,0.0,1.0,0.0,0,0,0,3,1,5,128,128,128,128,0,0.0,1.0,0.0,0,0,0,5,1,10,128.5,128.0,128,133,5,1.5,0.9,0.09999999999999998,1.1111111111111112,5,2,6,1,30,128.9,128.0,128,146,18,3.3699653806332592,0.9,0.09999999999999998,1.5862068965517242,18,5,18,0,0,,[],0,0,,[],415.0,0.90630778703665,-0.42261826174069933
2026-09-27,2026-09-27T04:41:00Z,Core,Sleep,0,128,observedRawSignal,5F7AA24D-8872-518F-83CD-1D375020A9D9,0002,1,128,1,0,0,0,1,3,128,128,128,128,0,0.0,1.0,0.0,0,0,0,3,1,5,128,128,128,128,0,0.0,1.0,0.0,0,0,0,5,1,10,128.5,128.0,128,133,5,1.5,0.9,0.09999999999999998,1.1111111111111112,5,2,7,1,30,128.9,128.0,128,146,18,3.3699653806332592,0.9,0.09999999999999998,1.5862068965517242,18,5,17,0,0,,[],0,0,,[],416.0,0.904455145454368,-0.4265687399014584
2026-09-27,2026-09-27T04:42:00Z,REM,Sleep,0,128,observedRawSignal,5F7AA24D-8872-518F-83CD-1D375020A9D9,0002,1,128,1,0,0,0,1,3,128,128,128,128,0,0.0,1.0,0.0,0,0,0,3,1,5,128,128,128,128,0,0.0,1.0,0.0,0,0,0,5,1,10,128.5,128.0,128,133,5,1.5,0.9,0.09999999999999998,1.1111111111111112,5,2,8,1,30,128.9,128.0,128,146,18,3.3699653806332592,0.9,0.09999999999999998,1.5862068965517242,18,5,16,0,0,,[],0,0,,[],417.0,0.9025852843498605,-0.43051109680829536
2026-09-27,2026-09-27T04:43:00Z,REM,Sleep,0,137,observedRawSignal,5F7AA24D-8872-518F-83CD-1D375020A9D9,0002,1,137,0,9,9,9,1,3,131,128,128,137,9,4.242640687119285,0.6666666666666666,0.33333333333333337,4.5,9,1,2,1,5,129.8,128,128,137,9,3.6,0.8,0.19999999999999996,2.25,9,1,4,1,10,129.4,128.0,128,137,9,2.939387691339814,0.8,0.19999999999999996,1.5555555555555556,9,2,8,1,30,129.2,128.0,128,146,18,3.664241622309679,0.8666666666666667,0.1333333333333333,1.896551724137931,18,6,15,0,0,,[],0,0,,[],418.0,0.9006982393225879,-0.43444525740441703
2026-09-27,2026-09-27T04:44:00Z,REM,Sleep,0,133,observedRawSignal,5F7AA24D-8872-518F-83CD-1D375020A9D9,0002,1,133,0,5,-4,4,1,3,132.66666666666666,133,128,137,9,3.681787005729087,0.3333333333333333,0.6666666666666667,6.5,9,2,1,1,5,130.8,128,128,137,9,3.655133376499413,0.6,0.4,3.25,9,2,3,1,10,129.4,128.0,128,137,9,2.939387691339814,0.8,0.19999999999999996,1.4444444444444444,9,2,8,1,30,129.36666666666667,128.0,128,146,18,3.719169560832394,0.8333333333333334,0.16666666666666663,2.0344827586206895,18,7,14,0,0,,[],0,0,,[],419.0,0.8987940462991669,-0.4383711467890775
2026-09-27,2026-09-27T04:45:00Z,REM,Sleep,0,128,observedRawSignal,5F7AA24D-8872-518F-83CD-1D375020A9D9,0002,1,128,1,0,-5,5,1,3,132.66666666666666,133,128,137,9,3.681787005729087,0.3333333333333333,0.6666666666666667,4.5,5,2,1,1,5,130.8,128,128,137,9,3.655133376499413,0.6,0.4,4.5,9,3,2,1,10,129.4,128.0,128,137,9,2.939387691339814,0.8,0.19999999999999996,2,9,3,7,1,30,129.36666666666667,128.0,128,146,18,3.719169560832394,0.8333333333333334,0.16666666666666663,2.206896551724138,18,8,13,0,0,,[],0,0,,[],420.0,0.8968727415326884,-0.44228869021900113
2026-09-27,2026-09-27T04:46:00Z,REM,Sleep,0,128,observedRawSignal,5F7AA24D-8872-518F-83CD-1D375020A9D9,0002,1,128,1,0,0,0,1,3,129.66666666666666,128,128,133,5,2.3570226039551585,0.6666666666666666,0.33333333333333337,2.5,5,1,2,1,5,130.8,128,128,137,9,3.655133376499413,0.6,0.4,4.5,9,3,2,1,10,129.4,128.0,128,137,9,2.939387691339814,0.8,0.19999999999999996,2,9,3,6,1,30,129.36666666666667,128.0,128,146,18,3.719169560832394,0.8333333333333334,0.16666666666666663,2.206896551724138,18,8,12,0,0,,[],0,0,,[],421.0,0.894934361602025,-0.4461978131098088
2026-09-27,2026-09-27T04:47:00Z,REM,Sleep,0,133,observedRawSignal,5F7AA24D-8872-518F-83CD-1D375020A9D9,0002,1,133,0,5,5,5,1,3,129.66666666666666,128,128,133,5,2.3570226039551585,0.6666666666666666,0.33333333333333337,2.5,5,1,2,1,5,131.8,133,128,137,9,3.4292856398964493,0.4,0.6,3.5,5,3,2,1,10,129.9,128.0,128,137,9,3.0805843601498726,0.7,0.30000000000000004,2.5555555555555554,9,4,5,1,30,129.53333333333333,128.0,128,146,18,3.76592913133296,0.8,0.19999999999999996,2.3793103448275863,18,9,11,0,0,,[],0,0,,[],422.0,0.8929789434111371,-0.4500984410374348
2026-09-27,2026-09-27T04:48:00Z,REM,Sleep,0,128,observedRawSignal,5F7AA24D-8872-518F-83CD-1D375020A9D9,0002,1,128,1,0,-5,5,1,3,129.66666666666666,128,128,133,5,2.3570226039551585,0.6666666666666666,0.33333333333333337,5,5,2,1,1,5,130,128,128,133,5,2.449489742783178,0.6,0.4,3.75,5,3,2,1,10,129.9,128.0,128,137,9,3.0805843601498726,0.7,0.30000000000000004,3.111111111111111,9,5,4,1,30,129.53333333333333,128.0,128,146,18,3.76592913133296,0.8,0.19999999999999996,2.5517241379310347,18,10,10,0,0,,[],0,0,,[],423.0,0.8910065241883679,-0.45399049973954675
2026-09-27,2026-09-27T04:49:00Z,REM,Sleep,0,138,observedRawSignal,5F7AA24D-8872-518F-83CD-1D375020A9D9,0002,1,138,0,10,10,10,1,3,133,133,128,138,10,4.08248290463863,0.3333333333333333,0.6666666666666667,7.5,10,2,1,1,5,131,128,128,138,10,4.0,0.6,0.4,5,10,3,2,1,10,130.9,128.0,128,138,10,3.83275357934736,0.6,0.4,4.222222222222222,10,6,3,1,30,129.86666666666667,128.0,128,146,18,4.047495796442811,0.7666666666666667,0.23333333333333328,2.896551724137931,18,11,9,0,0,,[],0,0,,[],424.0,0.8890171414857365,-0.45787391511695646
2026-09-27,2026-09-27T04:50:00Z,REM,Sleep,0,128,observedRawSignal,5F7AA24D-8872-518F-83CD-1D375020A9D9,0002,1,128,1,0,-10,10,1,3,131.33333333333334,128,128,138,10,4.714045207910317,0.6666666666666666,0.33333333333333337,10,10,2,1,1,5,131,128,128,138,10,4.0,0.6,0.4,7.5,10,4,1,1,10,130.9,128.0,128,138,10,3.83275357934736,0.6,0.4,5.333333333333333,10,7,2,1,30,129.86666666666667,128.0,128,146,18,4.047495796442811,0.7666666666666667,0.23333333333333328,3.2413793103448274,18,12,8,0,0,,[],0,0,,[],425.0,0.8870108331782218,-0.4617486132350338
2026-09-27,2026-09-27T04:51:00Z,REM,Sleep,0,128,observedRawSignal,5F7AA24D-8872-518F-83CD-1D375020A9D9,0002,1,128,1,0,0,0,1,3,131.33333333333334,128,128,138,10,4.714045207910317,0.6666666666666666,0.33333333333333337,5,10,1,2,1,5,131,128,128,138,10,4.0,0.6,0.4,6.25,10,3,2,1,10,130.9,128.0,128,138,10,3.83275357934736,0.6,0.4,5.333333333333333,10,7,2,1,30,129.86666666666667,128.0,128,146,18,4.047495796442811,0.7666666666666667,0.23333333333333328,3.2413793103448274,18,12,8,0,0,,[],0,0,,[],426.0,0.8849876374630419,-0.4656145203251114
2026-09-27,2026-09-27T04:52:00Z,REM,Sleep,0,128,observedRawSignal,5F7AA24D-8872-518F-83CD-1D375020A9D9,0002,1,128,1,0,0,0,1,3,128,128,128,128,0,0.0,1.0,0.0,0,0,0,3,1,5,130,128,128,138,10,4.0,0.8,0.19999999999999996,5,10,2,3,1,10,130.9,128.0,128,138,10,3.83275357934736,0.6,0.4,4.333333333333333,10,6,3,1,30,129.86666666666667,128.0,128,146,18,4.047495796442811,0.7666666666666667,0.23333333333333328,3.2413793103448274,18,12,8,0,0,,[],0,0,,[],427.0,0.8829475928589271,-0.46947156278589053
2026-09-27,2026-09-27T04:53:00Z,REM,Sleep,0,139,observedRawSignal,5F7AA24D-8872-518F-83CD-1D375020A9D9,0002,1,139,0,11,11,11,1,3,131.66666666666666,128,128,139,11,5.185449728701348,0.6666666666666666,0.33333333333333337,5.5,11,1,2,1,5,132.2,128,128,139,11,5.1536394906900505,0.6,0.4,5.25,11,2,3,1,10,131.1,128.0,128,139,11,4.182104733265297,0.6,0.4,5.111111111111111,11,6,3,1,30,130.23333333333332,128.0,128,146,18,4.3488184857754435,0.7333333333333333,0.2666666666666667,3.6206896551724137,18,13,8,0,0,,[],0,0,,[],428.0,0.8808907382053855,-0.4733196671848433
2026-09-27,2026-09-27T04:54:00Z,REM,Sleep,0,128,observedRawSignal,5F7AA24D-8872-518F-83CD-1D375020A9D9,0002,1,128,1,0,-11,11,1,3,131.66666666666666,128,128,139,11,5.185449728701348,0.6666666666666666,0.33333333333333337,11,11,2,1,1,5,130.2,128,128,139,11,4.4,0.8,0.19999999999999996,5.5,11,2,3,1,10,130.6,128.0,128,139,11,4.223742416388575,0.7,0.30000000000000004,5.777777777777778,11,6,3,1,30,130.23333333333332,128.0,128,146,18,4.3488184857754435,0.7333333333333333,0.2666666666666667,4,18,14,8,0,0,,[],0,0,,[],429.0,0.8788171126619654,-0.47715876025960846
2026-09-27,2026-09-27T04:55:00Z,REM,Sleep,0,128,observedRawSignal,5F7AA24D-8872-518F-83CD-1D375020A9D9,0002,1,128,1,0,0,0,1,3,131.66666666666666,128,128,139,11,5.185449728701348,0.6666666666666666,0.33333333333333337,5.5,11,1,2,1,5,130.2,128,128,139,11,4.4,0.8,0.19999999999999996,5.5,11,2,2,1,10,130.6,128.0,128,139,11,4.223742416388575,0.7,0.30000000000000004,5.777777777777778,11,6,3,1,30,130.23333333333332,128.0,128,146,18,4.3488184857754435,0.7333333333333333,0.2666666666666667,4,18,14,8,0,0,,[],0,0,,[],430.0,0.8767267557075078,-0.48098876891938747
2026-09-27,2026-09-27T04:56:00Z,REM,Sleep,0,128,observedRawSignal,5F7AA24D-8872-518F-83CD-1D375020A9D9,0002,1,128,1,0,0,0,1,3,128,128,128,128,0,0.0,1.0,0.0,0,0,0,3,1,5,130.2,128,128,139,11,4.4,0.8,0.19999999999999996,5.5,11,2,3,1,10,130.6,128.0,128,139,11,4.223742416388575,0.7,0.30000000000000004,5.222222222222222,11,5,3,1,30,130.23333333333332,128.0,128,146,18,4.3488184857754435,0.7333333333333333,0.2666666666666667,4,18,14,8,0,0,,[],0,0,,[],431.0,0.8746197071393959,-0.484809620246337
2026-09-27,2026-09-27T04:57:00Z,REM,Sleep,0,128,observedRawSignal,5F7AA24D-8872-518F-83CD-1D375020A9D9,0002,1,128,1,0,0,0,1,3,128,128,128,128,0,0.0,1.0,0.0,0,0,0,3,1,5,130.2,128,128,139,11,4.4,0.8,0.19999999999999996,2.75,11,1,4,1,10,130.1,128.0,128,139,11,4.205948168962618,0.8,0.19999999999999996,4.666666666666667,11,4,4,1,30,130.23333333333332,128.0,128,146,18,4.3488184857754435,0.7333333333333333,0.2666666666666667,4,18,14,8,0,0,,[],0,0,,[],432.0,0.8724960070727971,-0.48862124149695507
2026-09-27,2026-09-27T04:58:00Z,REM,Sleep,0,128,observedRawSignal,5F7AA24D-8872-518F-83CD-1D375020A9D9,0002,1,128,1,0,0,0,1,3,128,128,128,128,0,0.0,1.0,0.0,0,0,0,3,1,5,128,128,128,128,0,0.0,1.0,0.0,0,0,0,5,1,10,130.1,128.0,128,139,11,4.205948168962618,0.8,0.19999999999999996,3.5555555555555554,11,3,5,1,30,130.23333333333332,128.0,128,146,18,4.3488184857754435,0.7333333333333333,0.2666666666666667,3.8620689655172415,18,13,8,0,0,,[],0,0,,[],433.0,0.8703556959398997,-0.492423560103467
2026-09-27,2026-09-27T04:59:00Z,REM,Sleep,0,128,observedRawSignal,5F7AA24D-8872-518F-83CD-1D375020A9D9,0002,1,128,1,0,0,0,1,3,128,128,128,128,0,0.0,1.0,0.0,0,0,0,3,1,5,128,128,128,128,0,0.0,1.0,0.0,0,0,0,5,1,10,129.1,128.0,128,139,11,3.3,0.9,0.09999999999999998,2.4444444444444446,11,2,6,1,30,130.1,128.0,128,146,18,4.353925431913903,0.7666666666666667,0.23333333333333328,3.3793103448275863,18,12,8,0,0,,[],0,0,,[],434.0,0.8681988144891423,-0.49621650367520825
2026-09-27,2026-09-27T05:00:00Z,Awake,Awake,1,136,observedRawSignal,5F7AA24D-8872-518F-83CD-1D375020A9D9,0002,1,136,0,8,8,8,1,3,130.66666666666666,128,128,136,8,3.7712361663282534,0.6666666666666666,0.33333333333333337,4,8,1,2,1,5,129.6,128,128,136,8,3.2,0.8,0.19999999999999996,2,8,1,4,1,10,129.9,128.0,128,139,11,3.8587562763149474,0.8,0.19999999999999996,3.3333333333333335,11,3,6,1,30,129.76666666666668,128.0,128,139,11,3.402776643990741,0.7666666666666667,0.23333333333333328,3.0344827586206895,11,12,8,0,0,,[],0,0,,[],435.0,0.8660254037844387,-0.49999999999999983
2026-09-27,2026-09-27T05:01:00Z,Awake,Awake,1,135,observedRawSignal,5F7AA24D-8872-518F-83CD-1D375020A9D9,0002,1,135,0,7,-1,1,1,3,133,135,128,136,8,3.559026084010437,0.3333333333333333,0.6666666666666667,4.5,8,2,1,1,5,131,128,128,136,8,3.687817782917155,0.6,0.4,2.25,8,2,3,1,10,130.6,128.0,128,139,11,4.079215610874228,0.7,0.30000000000000004,3.4444444444444446,11,4,6,1,30,130,128.0,128,139,11,3.511884584284246,0.7333333333333333,0.2666666666666667,3.0689655172413794,11,13,8,0,0,,[],0,0,,[],436.0,0.8638355052043958,-0.5037739770455263
2026-09-27,2026-09-27T05:02:00Z,Awake,Awake,1,142,observedRawSignal,5F7AA24D-8872-518F-83CD-1D375020A9D9,0002,1,142,0,14,7,7,1,3,137.66666666666666,136,135,142,7,3.0912061651652345,0.0,1.0,4,7,2,0,1,5,133.8,135,128,142,14,5.3065996645686395,0.4,0.6,4,8,3,2,1,10,132,128.0,128,142,14,5.196152422706632,0.6,0.4,3,11,4,6,1,30,130.46666666666667,128.0,128,142,14,4.096611065529924,0.7,0.30000000000000004,3.310344827586207,11,14,8,0,0,,[],0,0,,[],437.0,0.8616291604415257,-0.5075383629607043
2026-09-27,2026-09-27T05:03:00Z,Awake,Awake,1,161,observedRawSignal,5F7AA24D-8872-518F-83CD-1D375020A9D9,0002,1,161,0,33,19,19,1,3,146,142,135,161,26,10.98483803552272,0.0,1.0,13,19,2,0,1,5,140.4,136,128,161,33,11.217842929904126,0.2,0.8,8.75,19,4,1,1,10,134.2,128.0,128,161,33,10.067770358922575,0.6,0.4,3.888888888888889,19,4,6,1,30,131.56666666666666,128.0,128,161,33,6.815097618930748,0.6666666666666666,0.33333333333333337,3.793103448275862,19,14,8,0,0,,[],0,0,,[],438.0,0.8594064115014528,-0.5112930860770519
2026-09-27,2026-09-27T05:04:00Z,Awake,Awake,1,128,observedRawSignal,5F7AA24D-8872-518F-83CD-1D375020A9D9,0002,1,128,1,0,-33,33,1,3,143.66666666666666,142,128,161,33,13.523641850067197,0.3333333333333333,0.6666666666666667,26,33,2,1,1,5,140.4,136,128,161,33,11.217842929904126,0.2,0.8,15,33,4,1,1,10,134.2,128.0,128,161,33,10.067770358922575,0.6,0.4,7.555555555555555,33,5,5,1,30,131.4,128.0,128,161,33,6.839103255057152,0.7,0.30000000000000004,4.758620689655173,33,14,8,0,0,,[],0,0,,[],439.0,0.8571673007021123,-0.5150380749100543
2026-09-27,2026-09-27T05:05:00Z,Awake,Awake,1,128,observedRawSignal,5F7AA24D-8872-518F-83CD-1D375020A9D9,0002,1,128,1,0,0,0,1,3,139,128,128,161,33,15.556349186104045,0.6666666666666666,0.33333333333333337,16.5,33,1,2,1,5,138.8,135,128,161,33,12.253978945632312,0.4,0.6,14.75,33,3,2,1,10,134.2,128.0,128,161,33,10.067770358922575,0.6,0.4,7.555555555555555,33,5,4,1,30,131.4,128.0,128,161,33,6.839103255057152,0.7,0.30000000000000004,4.758620689655173,33,14,7,1,1,72,"[""bd1b8fe7188303887d5a62e4ab098866f7cdb173ad5b23a061780ba0dd64d365""]",1,1,10,"[""50fb5a61b23b836e0d59b93dca30bedd38e838be2f6d35ba7dbc60a5a2d379bf""]",440.0,0.8549118706729467,-0.5187732581605212
2026-09-27,2026-09-27T05:06:00Z,Awake,Awake,1,128,observedRawSignal,5F7AA24D-8872-518F-83CD-1D375020A9D9,0002,1,128,1,0,0,0,1,3,128,128,128,128,0,0.0,1.0,0.0,0,0,0,3,1,5,137.4,128,128,161,33,12.986146464598342,0.6,0.4,13,33,2,3,1,10,134.2,128.0,128,161,33,10.067770358922575,0.6,0.4,7.555555555555555,33,5,3,1,30,131.4,128.0,128,161,33,6.839103255057152,0.7,0.30000000000000004,4.758620689655173,33,14,6,0,0,,[],0,0,,[],441.0,0.8526401643540923,-0.5224985647159488
2026-09-27,2026-09-27T05:07:00Z,Awake,Awake,1,128,observedRawSignal,5F7AA24D-8872-518F-83CD-1D375020A9D9,0002,1,128,1,0,0,0,1,3,128,128,128,128,0,0.0,1.0,0.0,0,0,0,3,1,5,134.6,128,128,161,33,13.2,0.8,0.19999999999999996,8.25,33,1,4,1,10,134.2,128.0,128,161,33,10.067770358922575,0.6,0.4,7.555555555555555,33,5,4,1,30,131.4,128.0,128,161,33,6.839103255057152,0.7,0.30000000000000004,4.758620689655173,33,14,6,0,0,,[],0,0,,[],442.0,0.8503522249955631,-0.5262139236518693
2026-09-27,2026-09-27T05:08:00Z,Awake,Awake,1,128,observedRawSignal,5F7AA24D-8872-518F-83CD-1D375020A9D9,0002,1,128,1,0,0,0,1,3,128,128,128,128,0,0.0,1.0,0.0,0,0,0,3,1,5,128,128,128,128,0,0.0,1.0,0.0,0,0,0,5,1,10,134.2,128.0,128,161,33,10.067770358922575,0.6,0.4,7.555555555555555,33,5,5,1,30,131.4,128.0,128,161,33,6.839103255057152,0.7,0.30000000000000004,4.758620689655173,33,14,6,0,0,,[],0,0,,[],443.0,0.8480480961564261,-0.5299192642332048
2026-09-27,2026-09-27T05:09:00Z,Awake,Awake,1,128,observedRawSignal,5F7AA24D-8872-518F-83CD-1D375020A9D9,0002,1,128,1,0,0,0,1,3,128,128,128,128,0,0.0,1.0,0.0,0,0,0,3,1,5,128,128,128,128,0,0.0,1.0,0.0,0,0,0,5,1,10,134.2,128.0,128,161,33,10.067770358922575,0.6,0.4,6.666666666666667,33,4,6,1,30,131.4,128.0,128,161,33,6.839103255057152,0.7,0.30000000000000004,4.758620689655173,33,14,6,0,0,,[],0,0,,[],444.0,0.8457278217039732,-0.5336145159156115
2026-09-27,2026-09-27T05:10:00Z,Awake,Awake,1,142,observedRawSignal,5F7AA24D-8872-518F-83CD-1D375020A9D9,0002,1,142,0,14,14,14,1,3,132.66666666666666,128,128,142,14,6.599663291074443,0.6666666666666666,0.33333333333333337,7,14,1,2,1,5,130.8,128,128,142,14,5.6,0.8,0.19999999999999996,3.5,14,1,4,1,10,134.8,128.0,128,161,33,10.332473082471592,0.6,0.4,8.11111111111111,33,4,6,1,30,131.86666666666667,128.0,128,161,33,7.065094164663027,0.6666666666666666,0.33333333333333337,5.241379310344827,33,15,6,0,0,,[],0,0,,[],445.0,0.8433914458128858,-0.5372996083468236
2026-09-27,2026-09-27T05:11:00Z,Awake,Awake,1,128,observedRawSignal,5F7AA24D-8872-518F-83CD-1D375020A9D9,0002,1,128,1,0,-14,14,1,3,132.66666666666666,128,128,142,14,6.599663291074443,0.6666666666666666,0.33333333333333337,14,14,2,1,1,5,130.8,128,128,142,14,5.6,0.8,0.19999999999999996,7,14,2,3,1,10,134.1,128.0,128,161,33,10.530432089900206,0.7,0.30000000000000004,8.88888888888889,33,4,6,1,30,131.86666666666667,128.0,128,161,33,7.065094164663027,0.6666666666666666,0.33333333333333337,5.724137931034483,33,16,6,0,0,,[],0,0,,[],446.0,0.8410390129643925,-0.5409744713679938
2026-09-27,2026-09-27T05:12:00Z,Awake,Awake,1,128,observedRawSignal,5F7AA24D-8872-518F-83CD-1D375020A9D9,0002,1,128,1,0,0,0,1,3,132.66666666666666,128,128,142,14,6.599663291074443,0.6666666666666666,0.33333333333333337,7,14,1,2,1,5,130.8,128,128,142,14,5.6,0.8,0.19999999999999996,7,14,2,2,1,10,132.7,128.0,128,161,33,10.31552228440228,0.8,0.19999999999999996,6.777777777777778,33,3,6,1,30,131.86666666666667,128.0,128,161,33,7.065094164663027,0.6666666666666666,0.33333333333333337,5.413793103448276,33,15,6,0,0,,[],0,0,,[],447.0,0.838670567945424,-0.5446390350150272
2026-09-27,2026-09-27T05:13:00Z,Awake,Awake,1,128,observedRawSignal,5F7AA24D-8872-518F-83CD-1D375020A9D9,0002,1,128,1,0,0,0,1,3,128,128,128,128,0,0.0,1.0,0.0,0,0,0,3,1,5,130.8,128,128,142,14,5.6,0.8,0.19999999999999996,7,14,2,3,1,10,129.4,128.0,128,142,14,4.2,0.9,0.09999999999999998,3.111111111111111,14,2,6,1,30,131.56666666666666,128.0,128,161,33,7.031753377042994,0.7,0.30000000000000004,5.275862068965517,33,14,6,0,0,,[],0,0,,[],448.0,0.8362861558477593,-0.548293229519914
2026-09-27,2026-09-27T05:14:00Z,Awake,Awake,1,129,observedRawSignal,5F7AA24D-8872-518F-83CD-1D375020A9D9,0002,1,129,0,1,1,1,1,3,128.33333333333334,128,128,129,1,0.4714045207910317,0.6666666666666666,0.33333333333333337,0.5,1,1,2,1,5,131,128,128,142,14,5.513619500836088,0.6,0.4,3.75,14,2,3,1,10,129.5,128.0,128,142,14,4.177319714841085,0.8,0.19999999999999996,3.2222222222222223,14,3,5,1,30,131.43333333333334,128.0,128,161,33,7.041227796974679,0.7,0.30000000000000004,5.137931034482759,33,14,6,0,0,,[],0,0,,[],449.0,0.8338858220671682,-0.5519369853120581
2026-09-27,2026-09-27T05:15:00Z,Awake,Awake,1,128,observedRawSignal,5F7AA24D-8872-518F-83CD-1D375020A9D9,0002,1,128,1,0,-1,1,1,3,128.33333333333334,128,128,129,1,0.4714045207910317,0.6666666666666666,0.33333333333333337,1,1,2,1,1,5,128.2,128,128,129,1,0.4,0.8,0.19999999999999996,0.5,1,2,3,1,10,129.5,128.0,128,142,14,4.177319714841085,0.8,0.19999999999999996,3.3333333333333335,14,4,4,1,30,131.43333333333334,128.0,128,161,33,7.041227796974679,0.7,0.30000000000000004,5.172413793103448,33,15,6,0,0,,[],0,0,,[],450.0,0.8314696123025451,-0.5555702330196024
2026-09-27,2026-09-27T05:16:00Z,Awake,Awake,1,128,observedRawSignal,5F7AA24D-8872-518F-83CD-1D375020A9D9,0002,1,128,1,0,0,0,1,3,128.33333333333334,128,128,129,1,0.4714045207910317,0.6666666666666666,0.33333333333333337,0.5,1,1,2,1,5,128.2,128,128,129,1,0.4,0.8,0.19999999999999996,0.5,1,2,2,1,10,129.5,128.0,128,142,14,4.177319714841085,0.8,0.19999999999999996,3.3333333333333335,14,4,3,1,30,131.43333333333334,128.0,128,161,33,7.041227796974679,0.7,0.30000000000000004,5,33,14,6,0,0,,[],0,0,,[],451.0,0.8290375725550417,-0.5591929034707467
2026-09-27,2026-09-27T05:17:00Z,Awake,Awake,1,128,observedRawSignal,5F7AA24D-8872-518F-83CD-1D375020A9D9,0002,1,128,1,0,0,0,1,3,128,128,128,128,0,0.0,1.0,0.0,0,0,0,3,1,5,128.2,128,128,129,1,0.4,0.8,0.19999999999999996,0.5,1,2,3,1,10,129.5,128.0,128,142,14,4.177319714841085,0.8,0.19999999999999996,3.3333333333333335,14,4,3,1,30,131.26666666666668,128.0,128,161,33,7.061318731102727,0.7333333333333333,0.2666666666666667,4.827586206896552,33,13,6,0,0,,[],0,0,,[],452.0,0.8265897491271886,-0.5628049276950686
2026-09-27,2026-09-27T05:18:00Z,Awake,Awake,1,128,observedRawSignal,5F7AA24D-8872-518F-83CD-1D375020A9D9,0002,1,128,1,0,0,0,1,3,128,128,128,128,0,0.0,1.0,0.0,0,0,0,3,1,5,128.2,128,128,129,1,0.4,0.8,0.19999999999999996,0.25,1,1,4,1,10,129.5,128.0,128,142,14,4.177319714841085,0.8,0.19999999999999996,3.3333333333333335,14,4,4,1,30,131.26666666666668,128.0,128,161,33,7.061318731102727,0.7333333333333333,0.2666666666666667,4.482758620689655,33,12,6,0,0,,[],0,0,,[],453.0,0.8241261886220158,-0.5664062369248326
2026-09-27,2026-09-27T05:19:00Z,Awake,Awake,1,128,observedRawSignal,5F7AA24D-8872-518F-83CD-1D375020A9D9,0002,1,128,1,0,0,0,1,3,128,128,128,128,0,0.0,1.0,0.0,0,0,0,3,1,5,128,128,128,128,0,0.0,1.0,0.0,0,0,0,5,1,10,129.5,128.0,128,142,14,4.177319714841085,0.8,0.19999999999999996,1.7777777777777777,14,3,5,1,30,130.93333333333334,128.0,128,161,33,6.9710512518239,0.7666666666666667,0.23333333333333328,4.137931034482759,33,11,6,0,0,,[],0,0,,[],454.0,0.8216469379421637,-0.569996762596303
2026-09-27,2026-09-27T05:20:00Z,Awake,Awake,1,128,observedRawSignal,5F7AA24D-8872-518F-83CD-1D375020A9D9,0002,1,128,1,0,0,0,1,3,128,128,128,128,0,0.0,1.0,0.0,0,0,0,3,1,5,128,128,128,128,0,0.0,1.0,0.0,0,0,0,5,1,10,128.1,128.0,128,129,1,0.3,0.9,0.09999999999999998,0.2222222222222222,1,2,6,1,30,130.93333333333334,128.0,128,161,33,6.9710512518239,0.7666666666666667,0.23333333333333328,4.137931034482759,33,11,6,0,0,,[],0,0,,[],455.0,0.819152044288992,-0.5735764363510458
2026-09-27,2026-09-27T05:21:00Z,Awake,Awake,1,128,observedRawSignal,5F7AA24D-8872-518F-83CD-1D375020A9D9,0002,1,128,1,0,0,0,1,3,128,128,128,128,0,0.0,1.0,0.0,0,0,0,3,1,5,128,128,128,128,0,0.0,1.0,0.0,0,0,0,5,1,10,128.1,128.0,128,129,1,0.3,0.9,0.09999999999999998,0.2222222222222222,1,2,7,1,30,130.93333333333334,128.0,128,161,33,6.9710512518239,0.7666666666666667,0.23333333333333328,4.137931034482759,33,11,7,0,0,,[],0,0,,[],456.0,0.816641555161679,-0.5771451900372335
2026-09-27,2026-09-27T05:22:00Z,Core,Sleep,0,128,observedRawSignal,5F7AA24D-8872-518F-83CD-1D375020A9D9,0002,1,128,1,0,0,0,1,3,128,128,128,128,0,0.0,1.0,0.0,0,0,0,3,1,5,128,128,128,128,0,0.0,1.0,0.0,0,0,0,5,1,10,128.1,128.0,128,129,1,0.3,0.9,0.09999999999999998,0.2222222222222222,1,2,8,1,30,130.93333333333334,128.0,128,161,33,6.9710512518239,0.7666666666666667,0.23333333333333328,3.7586206896551726,33,10,8,0,0,,[],0,0,,[],457.0,0.8141155183563192,-0.5807029557109398
2026-09-27,2026-09-27T05:23:00Z,Core,Sleep,0,143,observedRawSignal,5F7AA24D-8872-518F-83CD-1D375020A9D9,0002,1,143,0,15,15,15,1,3,133,128,128,143,15,7.0710678118654755,0.6666666666666666,0.33333333333333337,7.5,15,1,2,1,5,131,128,128,143,15,6.0,0.8,0.19999999999999996,3.75,15,1,4,1,10,129.6,128.0,128,143,15,4.476605857119878,0.8,0.19999999999999996,1.7777777777777777,15,2,8,1,30,131.06666666666666,128.0,128,161,33,7.159764117778058,0.7666666666666667,0.23333333333333328,3.896551724137931,33,10,8,0,0,,[],0,0,,[],458.0,0.8115739819650124,-0.5842496656374342
2026-09-27,2026-09-27T05:24:00Z,Core,Sleep,0,128,observedRawSignal,5F7AA24D-8872-518F-83CD-1D375020A9D9,0002,1,128,1,0,-15,15,1,3,133,128,128,143,15,7.0710678118654755,0.6666666666666666,0.33333333333333337,15,15,2,1,1,5,131,128,128,143,15,6.0,0.8,0.19999999999999996,7.5,15,2,3,1,10,129.5,128.0,128,143,15,4.5,0.9,0.09999999999999998,3.3333333333333335,15,2,8,1,30,131.06666666666666,128.0,128,161,33,7.159764117778058,0.7666666666666667,0.23333333333333328,4.413793103448276,33,11,8,0,0,,[],0,0,,[],459.0,0.8090169943749475,-0.587785252292473
2026-09-27,2026-09-27T05:25:00Z,Core,Sleep,0,128,observedRawSignal,5F7AA24D-8872-518F-83CD-1D375020A9D9,0002,1,128,1,0,0,0,1,3,133,128,128,143,15,7.0710678118654755,0.6666666666666666,0.33333333333333337,7.5,15,1,2,1,5,131,128,128,143,15,6.0,0.8,0.19999999999999996,7.5,15,2,2,1,10,129.5,128.0,128,143,15,4.5,0.9,0.09999999999999998,3.3333333333333335,15,2,7,1,30,131.06666666666666,128.0,128,161,33,7.159764117778058,0.7666666666666667,0.23333333333333328,4.413793103448276,33,11,8,0,0,,[],0,0,,[],460.0,0.8064446042674828,-0.5913096483635821
2026-09-27,2026-09-27T05:26:00Z,Core,Sleep,0,128,observedRawSignal,5F7AA24D-8872-518F-83CD-1D375020A9D9,0002,1,128,1,0,0,0,1,3,128,128,128,128,0,0.0,1.0,0.0,0,0,0,3,1,5,131,128,128,143,15,6.0,0.8,0.19999999999999996,7.5,15,2,3,1,10,129.5,128.0,128,143,15,4.5,0.9,0.09999999999999998,3.3333333333333335,15,2,6,1,30,131.06666666666666,128.0,128,161,33,7.159764117778058,0.7666666666666667,0.23333333333333328,4.413793103448276,33,11,8,0,0,,[],0,0,,[],461.0,0.8038568606172174,-0.5948227867513411
2026-09-27,2026-09-27T05:27:00Z,Core,Sleep,0,128,observedRawSignal,5F7AA24D-8872-518F-83CD-1D375020A9D9,0002,1,128,1,0,0,0,1,3,128,128,128,128,0,0.0,1.0,0.0,0,0,0,3,1,5,131,128,128,143,15,6.0,0.8,0.19999999999999996,3.75,15,1,4,1,10,129.5,128.0,128,143,15,4.5,0.9,0.09999999999999998,3.3333333333333335,15,2,5,1,30,131.06666666666666,128.0,128,161,33,7.159764117778058,0.7666666666666667,0.23333333333333328,4.413793103448276,33,11,8,0,0,,[],0,0,,[],462.0,0.8012538126910607,-0.5983246005706591
2026-09-27,2026-09-27T05:28:00Z,Core,Sleep,0,128,observedRawSignal,5F7AA24D-8872-518F-83CD-1D375020A9D9,0002,1,128,1,0,0,0,1,3,128,128,128,128,0,0.0,1.0,0.0,0,0,0,3,1,5,128,128,128,128,0,0.0,1.0,0.0,0,0,0,5,1,10,129.5,128.0,128,143,15,4.5,0.9,0.09999999999999998,3.3333333333333335,15,2,5,1,30,131.06666666666666,128.0,128,161,33,7.159764117778058,0.7666666666666667,0.23333333333333328,4.413793103448276,33,11,8,0,0,,[],0,0,,[],463.0,0.7986355100472927,-0.6018150231520484
2026-09-27,2026-09-27T05:29:00Z,Core,Sleep,0,128,observedRawSignal,5F7AA24D-8872-518F-83CD-1D375020A9D9,0002,1,128,1,0,0,0,1,3,128,128,128,128,0,0.0,1.0,0.0,0,0,0,3,1,5,128,128,128,128,0,0.0,1.0,0.0,0,0,0,5,1,10,129.5,128.0,128,143,15,4.5,0.9,0.09999999999999998,3.3333333333333335,15,2,6,1,30,131.06666666666666,128.0,128,161,33,7.159764117778058,0.7666666666666667,0.23333333333333328,4.137931034482759,33,10,8,0,0,,[],0,0,,[],464.0,0.7960020025346222,-0.6052939880428942
2026-09-27,2026-09-27T05:30:00Z,Core,Sleep,0,135,observedRawSignal,5F7AA24D-8872-518F-83CD-1D375020A9D9,0002,1,135,0,7,7,7,1,3,130.33333333333334,128,128,135,7,3.2998316455372216,0.6666666666666666,0.33333333333333337,3.5,7,1,2,1,5,129.4,128,128,135,7,2.8,0.8,0.19999999999999996,1.75,7,1,4,1,10,130.2,128.0,128,143,15,4.749736834815167,0.8,0.19999999999999996,4.111111111111111,15,3,6,1,30,131.03333333333333,128.0,128,161,33,7.139016427740978,0.7666666666666667,0.23333333333333328,4.344827586206897,33,10,8,0,0,,[],0,0,,[],465.0,0.7933533402912352,-0.6087614290087207
2026-09-27,2026-09-27T05:31:00Z,Core,Sleep,0,128,observedRawSignal,5F7AA24D-8872-518F-83CD-1D375020A9D9,0002,1,128,1,0,-7,7,1,3,130.33333333333334,128,128,135,7,3.2998316455372216,0.6666666666666666,0.33333333333333337,7,7,2,1,1,5,129.4,128,128,135,7,2.8,0.8,0.19999999999999996,3.5,7,2,3,1,10,130.2,128.0,128,143,15,4.749736834815167,0.8,0.19999999999999996,4.888888888888889,15,4,6,1,30,130.8,128.0,128,161,33,7.119925093238926,0.8,0.19999999999999996,4.344827586206897,33,10,8,0,0,,[],0,0,,[],466.0,0.7906895737438435,-0.6122172800344491
2026-09-27,2026-09-27T05:32:00Z,Core,Sleep,0,128,observedRawSignal,5F7AA24D-8872-518F-83CD-1D375020A9D9,0002,1,128,1,0,0,0,1,3,130.33333333333334,128,128,135,7,3.2998316455372216,0.6666666666666666,0.33333333333333337,3.5,7,1,2,1,5,129.4,128,128,135,7,2.8,0.8,0.19999999999999996,3.5,7,2,2,1,10,130.2,128.0,128,143,15,4.749736834815167,0.8,0.19999999999999996,3.2222222222222223,15,3,6,1,30,130.33333333333334,128.0,128,161,33,6.82316316348624,0.8333333333333334,0.16666666666666663,3.689655172413793,33,9,8,0,0,,[],0,0,,[],467.0,0.788010753606722,-0.6156614753256583
2026-09-27,2026-09-27T05:33:00Z,Core,Sleep,0,128,observedRawSignal,5F7AA24D-8872-518F-83CD-1D375020A9D9,0002,1,128,1,0,0,0,1,3,128,128,128,128,0,0.0,1.0,0.0,0,0,0,3,1,5,129.4,128,128,135,7,2.8,0.8,0.19999999999999996,3.5,7,2,3,1,10,128.7,128.0,128,135,7,2.1,0.9,0.09999999999999998,1.5555555555555556,7,2,6,1,30,129.23333333333332,128.0,128,143,15,3.765486540792423,0.8666666666666667,0.1333333333333333,2.5517241379310347,15,8,8,0,0,,[],0,0,,[],468.0,0.7853169308807448,-0.6190939493098341
2026-09-27,2026-09-27T05:34:00Z,Core,Sleep,0,128,observedRawSignal,5F7AA24D-8872-518F-83CD-1D375020A9D9,0002,1,128,1,0,0,0,1,3,128,128,128,128,0,0.0,1.0,0.0,0,0,0,3,1,5,129.4,128,128,135,7,2.8,0.8,0.19999999999999996,1.75,7,1,4,1,10,128.7,128.0,128,135,7,2.1,0.9,0.09999999999999998,1.5555555555555556,7,2,5,1,30,129.23333333333332,128.0,128,143,15,3.765486540792423,0.8666666666666667,0.1333333333333333,2.5517241379310347,15,8,8,0,0,,[],0,0,,[],469.0,0.782608156852414,-0.6225146366376194
2026-09-27,2026-09-27T05:35:00Z,REM,Sleep,0,134,observedRawSignal,5F7AA24D-8872-518F-83CD-1D375020A9D9,0002,1,134,0,6,6,6,1,3,130,128,128,134,6,2.8284271247461903,0.6666666666666666,0.33333333333333337,3,6,1,2,1,5,129.2,128,128,134,6,2.4,0.8,0.19999999999999996,1.5,6,1,4,1,10,129.3,128.0,128,135,7,2.6095976701399777,0.8,0.19999999999999996,2.2222222222222223,7,3,4,1,30,129.43333333333334,128.0,128,143,15,3.8529930645610504,0.8333333333333334,0.16666666666666663,2.7586206896551726,15,9,8,1,1,66,"[""1cb45301151cab91cd67f29d2c01dd3c2dd1ba3a101155a7613a68eeca4b0b49""]",1,1,11,"[""ee43c0c3ccd5cecc59acca7d0042cb11cb473b93bd94111a07f9ed795477377b""]",470.0,0.7798844830928817,-0.6259234721840591
2026-09-27,2026-09-27T05:36:00Z,REM,Sleep,0,128,observedRawSignal,5F7AA24D-8872-518F-83CD-1D375020A9D9,0002,1,128,1,0,-6,6,1,3,130,128,128,134,6,2.8284271247461903,0.6666666666666666,0.33333333333333337,6,6,2,1,1,5,129.2,128,128,134,6,2.4,0.8,0.19999999999999996,3,6,2,3,1,10,129.3,128.0,128,135,7,2.6095976701399777,0.8,0.19999999999999996,2.888888888888889,7,4,4,1,30,129.43333333333334,128.0,128,143,15,3.8529930645610504,0.8333333333333334,0.16666666666666663,2.9655172413793105,15,10,8,0,0,,[],0,0,,[],471.0,0.777145961456971,-0.6293203910498373
2026-09-27,2026-09-27T05:37:00Z,REM,Sleep,0,128,observedRawSignal,5F7AA24D-8872-518F-83CD-1D375020A9D9,0002,1,128,1,0,0,0,1,3,130,128,128,134,6,2.8284271247461903,0.6666666666666666,0.33333333333333337,3,6,1,2,1,5,129.2,128,128,134,6,2.4,0.8,0.19999999999999996,3,6,2,2,1,10,129.3,128.0,128,135,7,2.6095976701399777,0.8,0.19999999999999996,2.888888888888889,7,4,4,1,30,129.43333333333334,128.0,128,143,15,3.8529930645610504,0.8333333333333334,0.16666666666666663,2.9655172413793105,15,10,8,0,0,,[],0,0,,[],472.0,0.7743926440821857,-0.632705328562516
2026-09-27,2026-09-27T05:38:00Z,REM,Sleep,0,134,observedRawSignal,5F7AA24D-8872-518F-83CD-1D375020A9D9,0002,1,134,0,6,6,6,1,3,130,128,128,134,6,2.8284271247461903,0.6666666666666666,0.33333333333333337,3,6,1,2,1,5,130.4,128,128,134,6,2.939387691339814,0.6,0.4,4.5,6,3,2,1,10,129.9,128.0,128,135,7,2.9137604568666933,0.7,0.30000000000000004,3.5555555555555554,7,5,4,1,30,129.63333333333333,128.0,128,143,15,3.9283867200445304,0.8,0.19999999999999996,3.1724137931034484,15,11,8,0,0,,[],0,0,,[],473.0,0.7716245833877202,-0.6360782202777637
2026-09-27,2026-09-27T05:39:00Z,REM,Sleep,0,143,observedRawSignal,5F7AA24D-8872-518F-83CD-1D375020A9D9,0002,1,143,0,15,9,9,1,3,135,134,128,143,15,6.164414002968976,0.3333333333333333,0.6666666666666667,7.5,9,2,1,1,5,133.4,134,128,143,15,5.499090833947008,0.4,0.6,5.25,9,3,2,1,10,131.4,128.0,128,143,15,4.8,0.6,0.4,3.7777777777777777,9,5,4,1,30,130.13333333333333,128.0,128,143,15,4.587906809089401,0.7666666666666667,0.23333333333333328,3,15,11,8,0,0,,[],0,0,,[],474.0,0.7688418320734596,-0.6394390019805847
2026-09-27,2026-09-27T05:40:00Z,REM,Sleep,0,128,observedRawSignal,5F7AA24D-8872-518F-83CD-1D375020A9D9,0002,1,128,1,0,-15,15,1,3,135,134,128,143,15,6.164414002968976,0.3333333333333333,0.6666666666666667,12,15,2,1,1,5,132.2,128,128,143,15,5.878775382679628,0.6,0.4,7.5,15,3,2,1,10,130.7,128.0,128,143,15,4.73392015141785,0.7,0.30000000000000004,4.666666666666667,15,5,4,1,30,129.66666666666666,128.0,128,143,15,4.03594956471075,0.8,0.19999999999999996,3.0344827586206895,15,11,8,0,0,,[],0,0,,[],475.0,0.766044443118978,-0.6427876096865394
2026-09-27,2026-09-27T05:41:00Z,REM,Sleep,0,128,observedRawSignal,5F7AA24D-8872-518F-83CD-1D375020A9D9,0002,1,128,1,0,0,0,1,3,133,128,128,143,15,7.0710678118654755,0.6666666666666666,0.33333333333333337,7.5,15,1,2,1,5,132.2,128,128,143,15,5.878775382679628,0.6,0.4,7.5,15,3,2,1,10,130.7,128.0,128,143,15,4.73392015141785,0.7,0.30000000000000004,4.666666666666667,15,5,3,1,30,129.66666666666666,128.0,128,143,15,4.03594956471075,0.8,0.19999999999999996,3.0344827586206895,15,11,8,0,0,,[],0,0,,[],476.0,0.763232469782529,-0.6461239796429636
2026-09-27,2026-09-27T05:42:00Z,REM,Sleep,0,128,observedRawSignal,5F7AA24D-8872-518F-83CD-1D375020A9D9,0002,1,128,1,0,0,0,1,3,128,128,128,128,0,0.0,1.0,0.0,0,0,0,3,1,5,132.2,128,128,143,15,5.878775382679628,0.6,0.4,6,15,2,3,1,10,130.7,128.0,128,143,15,4.73392015141785,0.7,0.30000000000000004,4.666666666666667,15,5,3,1,30,129.66666666666666,128.0,128,143,15,4.03594956471075,0.8,0.19999999999999996,3.0344827586206895,15,11,8,0,0,,[],0,0,,[],477.0,0.760405965600031,-0.6494480483301835
2026-09-27,2026-09-27T05:43:00Z,REM,Sleep,0,128,observedRawSignal,5F7AA24D-8872-518F-83CD-1D375020A9D9,0002,1,128,1,0,0,0,1,3,128,128,128,128,0,0.0,1.0,0.0,0,0,0,3,1,5,131,128,128,143,15,6.0,0.8,0.19999999999999996,3.75,15,1,4,1,10,130.7,128.0,128,143,15,4.73392015141785,0.7,0.30000000000000004,4.666666666666667,15,5,4,1,30,129.66666666666666,128.0,128,143,15,4.03594956471075,0.8,0.19999999999999996,3,15,10,8,0,0,,[],0,0,,[],478.0,0.7575649843840495,-0.6527597524627226
2026-09-27,2026-09-27T05:44:00Z,REM,Sleep,0,128,observedRawSignal,5F7AA24D-8872-518F-83CD-1D375020A9D9,0002,1,128,1,0,0,0,1,3,128,128,128,128,0,0.0,1.0,0.0,0,0,0,3,1,5,128,128,128,128,0,0.0,1.0,0.0,0,0,0,5,1,10,130.7,128.0,128,143,15,4.73392015141785,0.7,0.30000000000000004,4,15,4,5,1,30,129.63333333333333,128.0,128,143,15,4.045436386294506,0.8333333333333334,0.16666666666666663,2.9655172413793105,15,9,8,0,0,,[],0,0,,[],479.0,0.7547095802227719,-0.6560590289905075
2026-09-27,2026-09-27T05:45:00Z,Core,Sleep,0,133,observedRawSignal,5F7AA24D-8872-518F-83CD-1D375020A9D9,0002,1,133,0,5,5,5,1,3,129.66666666666666,128,128,133,5,2.3570226039551585,0.6666666666666666,0.33333333333333337,2.5,5,1,2,1,5,129,128,128,133,5,2.0,0.8,0.19999999999999996,1.25,5,1,4,1,10,130.6,128.0,128,143,15,4.673328578219169,0.7,0.30000000000000004,3.888888888888889,15,4,5,1,30,129.8,128.0,128,143,15,4.077580982232807,0.8,0.19999999999999996,3.1379310344827585,15,10,7,0,0,,[],0,0,,[],480.0,0.7518398074789774,-0.6593458151000688
2026-09-27,2026-09-27T05:46:00Z,Core,Sleep,0,128,observedRawSignal,5F7AA24D-8872-518F-83CD-1D375020A9D9,0002,1,128,1,0,-5,5,1,3,129.66666666666666,128,128,133,5,2.3570226039551585,0.6666666666666666,0.33333333333333337,5,5,2,1,1,5,129,128,128,133,5,2.0,0.8,0.19999999999999996,2.5,5,2,3,1,10,130.6,128.0,128,143,15,4.673328578219169,0.7,0.30000000000000004,4.444444444444445,15,5,5,1,30,129.8,128.0,128,143,15,4.077580982232807,0.8,0.19999999999999996,3.310344827586207,15,11,6,0,0,,[],0,0,,[],481.0,0.748955720789002,-0.6626200482157376
2026-09-27,2026-09-27T05:47:00Z,Core,Sleep,0,128,observedRawSignal,5F7AA24D-8872-518F-83CD-1D375020A9D9,0002,1,128,1,0,0,0,1,3,129.66666666666666,128,128,133,5,2.3570226039551585,0.6666666666666666,0.33333333333333337,2.5,5,1,2,1,5,129,128,128,133,5,2.0,0.8,0.19999999999999996,2.5,5,2,2,1,10,130.6,128.0,128,143,15,4.673328578219169,0.7,0.30000000000000004,3.7777777777777777,15,4,5,1,30,129.8,128.0,128,143,15,4.077580982232807,0.8,0.19999999999999996,3.310344827586207,15,11,6,0,0,,[],0,0,,[],482.0,0.7460573750616996,-0.6658816660008342
2026-09-27,2026-09-27T05:48:00Z,Core,Sleep,0,128,observedRawSignal,5F7AA24D-8872-518F-83CD-1D375020A9D9,0002,1,128,1,0,0,0,1,3,128,128,128,128,0,0.0,1.0,0.0,0,0,0,3,1,5,129,128,128,133,5,2.0,0.8,0.19999999999999996,2.5,5,2,3,1,10,130,128.0,128,143,15,4.58257569495584,0.8,0.19999999999999996,2.7777777777777777,15,3,5,1,30,129.8,128.0,128,143,15,4.077580982232807,0.8,0.19999999999999996,3.310344827586207,15,11,6,0,0,,[],0,0,,[],483.0,0.7431448254773942,-0.6691306063588582
2026-09-27,2026-09-27T05:49:00Z,Core,Sleep,0,128,observedRawSignal,5F7AA24D-8872-518F-83CD-1D375020A9D9,0002,1,128,1,0,0,0,1,3,128,128,128,128,0,0.0,1.0,0.0,0,0,0,3,1,5,129,128,128,133,5,2.0,0.8,0.19999999999999996,1.25,5,1,4,1,10,128.5,128.0,128,133,5,1.5,0.9,0.09999999999999998,1.1111111111111112,5,2,5,1,30,129.8,128.0,128,143,15,4.077580982232807,0.8,0.19999999999999996,3.310344827586207,15,11,6,0,0,,[],0,0,,[],484.0,0.7402181274868322,-0.6723668074346679
2026-09-27,2026-09-27T05:50:00Z,REM,Sleep,0,128,observedRawSignal,5F7AA24D-8872-518F-83CD-1D375020A9D9,0002,1,128,1,0,0,0,1,3,128,128,128,128,0,0.0,1.0,0.0,0,0,0,3,1,5,128,128,128,128,0,0.0,1.0,0.0,0,0,0,5,1,10,128.5,128.0,128,133,5,1.5,0.9,0.09999999999999998,1.1111111111111112,5,2,5,1,30,129.8,128.0,128,143,15,4.077580982232807,0.8,0.19999999999999996,3.310344827586207,15,11,6,0,0,,[],0,0,,[],485.0,0.7372773368101241,-0.6755902076156602
2026-09-27,2026-09-27T05:51:00Z,REM,Sleep,0,137,observedRawSignal,5F7AA24D-8872-518F-83CD-1D375020A9D9,0002,1,137,0,9,9,9,1,3,131,128,128,137,9,4.242640687119285,0.6666666666666666,0.33333333333333337,4.5,9,1,2,1,5,129.8,128,128,137,9,3.6,0.8,0.19999999999999996,2.25,9,1,4,1,10,129.4,128.0,128,137,9,2.939387691339814,0.8,0.19999999999999996,2.111111111111111,9,3,5,1,30,130.1,128.0,128,143,15,4.261064029871725,0.7666666666666667,0.23333333333333328,3.6206896551724137,15,12,6,0,0,,[],0,0,,[],486.0,0.7343225094356858,-0.6788007455329416
2026-09-27,2026-09-27T05:52:00Z,REM,Sleep,0,128,observedRawSignal,5F7AA24D-8872-518F-83CD-1D375020A9D9,0002,1,128,1,0,-9,9,1,3,131,128,128,137,9,4.242640687119285,0.6666666666666666,0.33333333333333337,9,9,2,1,1,5,129.8,128,128,137,9,3.6,0.8,0.19999999999999996,4.5,9,2,3,1,10,129.4,128.0,128,137,9,2.939387691339814,0.8,0.19999999999999996,3.111111111111111,9,4,5,1,30,130.1,128.0,128,143,15,4.261064029871725,0.7666666666666667,0.23333333333333328,3.413793103448276,15,12,6,0,0,,[],0,0,,[],487.0,0.7313537016191706,-0.6819983600624984
2026-09-27,2026-09-27T05:53:00Z,REM,Sleep,0,128,observedRawSignal,5F7AA24D-8872-518F-83CD-1D375020A9D9,0002,1,128,1,0,0,0,1,3,131,128,128,137,9,4.242640687119285,0.6666666666666666,0.33333333333333337,4.5,9,1,2,1,5,129.8,128,128,137,9,3.6,0.8,0.19999999999999996,4.5,9,2,2,1,10,129.4,128.0,128,137,9,2.939387691339814,0.8,0.19999999999999996,3.111111111111111,9,4,5,1,30,129.6,128.0,128,143,15,3.5364765892999586,0.8,0.19999999999999996,2.896551724137931,15,11,6,0,0,,[],0,0,,[],488.0,0.7283709698824006,-0.6851829903263589
2026-09-27,2026-09-27T05:54:00Z,REM,Sleep,0,128,observedRawSignal,5F7AA24D-8872-518F-83CD-1D375020A9D9,0002,1,128,1,0,0,0,1,3,128,128,128,128,0,0.0,1.0,0.0,0,0,0,3,1,5,129.8,128,128,137,9,3.6,0.8,0.19999999999999996,4.5,9,2,3,1,10,129.4,128.0,128,137,9,2.939387691339814,0.8,0.19999999999999996,2.5555555555555554,9,3,5,1,30,129.6,128.0,128,143,15,3.5364765892999586,0.8,0.19999999999999996,2.896551724137931,15,11,5,0,0,,[],0,0,,[],489.0,0.7253743710122877,-0.6883545756937538
2026-09-27,2026-09-27T05:55:00Z,REM,Sleep,0,128,observedRawSignal,5F7AA24D-8872-518F-83CD-1D375020A9D9,0002,1,128,1,0,0,0,1,3,128,128,128,128,0,0.0,1.0,0.0,0,0,0,3,1,5,129.8,128,128,137,9,3.6,0.8,0.19999999999999996,2.25,9,1,4,1,10,128.9,128.0,128,137,9,2.7,0.9,0.09999999999999998,2,9,2,5,1,30,129.6,128.0,128,143,15,3.5364765892999586,0.8,0.19999999999999996,2.896551724137931,15,11,5,0,0,,[],0,0,,[],490.0,0.7223639620597556,-0.6915130557822693
2026-09-27,2026-09-27T05:56:00Z,REM,Sleep,0,128,observedRawSignal,5F7AA24D-8872-518F-83CD-1D375020A9D9,0002,1,128,1,0,0,0,1,3,128,128,128,128,0,0.0,1.0,0.0,0,0,0,3,1,5,128,128,128,128,0,0.0,1.0,0.0,0,0,0,5,1,10,128.9,128.0,128,137,9,2.7,0.9,0.09999999999999998,2,9,2,5,1,30,129.6,128.0,128,143,15,3.5364765892999586,0.8,0.19999999999999996,2.896551724137931,15,11,5,0,0,,[],0,0,,[],491.0,0.7193398003386514,-0.694658370458997
2026-09-27,2026-09-27T05:57:00Z,REM,Sleep,0,133,observedRawSignal,5F7AA24D-8872-518F-83CD-1D375020A9D9,0002,1,133,0,5,5,5,1,3,129.66666666666666,128,128,133,5,2.3570226039551585,0.6666666666666666,0.33333333333333337,2.5,5,1,2,1,5,129,128,128,133,5,2.0,0.8,0.19999999999999996,1.25,5,1,4,1,10,129.4,128.0,128,137,9,2.939387691339814,0.8,0.19999999999999996,2.5555555555555554,9,3,5,1,30,129.76666666666668,128.0,128,143,15,3.5747571790107493,0.7666666666666667,0.23333333333333328,3.0689655172413794,15,12,5,0,0,,[],0,0,,[],492.0,0.7163019434246544,-0.69779045984168
2026-09-27,2026-09-27T05:58:00Z,REM,Sleep,0,128,observedRawSignal,5F7AA24D-8872-518F-83CD-1D375020A9D9,0002,1,128,1,0,-5,5,1,3,129.66666666666666,128,128,133,5,2.3570226039551585,0.6666666666666666,0.33333333333333337,5,5,2,1,1,5,129,128,128,133,5,2.0,0.8,0.19999999999999996,2.5,5,2,3,1,10,129.4,128.0,128,137,9,2.939387691339814,0.8,0.19999999999999996,3.111111111111111,9,4,5,1,30,129.76666666666668,128.0,128,143,15,3.5747571790107493,0.7666666666666667,0.23333333333333328,3.2413793103448274,15,13,5,0,0,,[],0,0,,[],493.0,0.7132504491541816,-0.7009092642998509
2026-09-27,2026-09-27T05:59:00Z,REM,Sleep,0,129,observedRawSignal,5F7AA24D-8872-518F-83CD-1D375020A9D9,0002,1,129,0,1,1,1,1,3,130,129,128,133,5,2.160246899469287,0.3333333333333333,0.6666666666666667,3,5,2,1,1,5,129.2,128,128,133,5,1.9390719429665315,0.6,0.4,2.75,5,3,2,1,10,129.5,128.0,128,137,9,2.9068883707497264,0.7,0.30000000000000004,3.2222222222222223,9,5,5,1,30,129.8,128.0,128,143,15,3.56277045756997,0.7333333333333333,0.2666666666666667,3.0344827586206895,15,13,5,0,0,,[],0,0,,[],494.0,0.7101853756232853,-0.7040147244559685
2026-09-27,2026-09-27T06:00:00Z,REM,Sleep,0,148,observedRawSignal,F6143797-E09B-5245-978B-BE31778BF898,0003,1,148,0,20,19,19,1,3,135,129,128,148,20,9.201449161228174,0.3333333333333333,0.6666666666666667,10,19,2,1,1,5,133.2,129,128,148,20,7.626270385975047,0.4,0.6,7.5,19,4,1,1,10,131.5,128.0,128,148,20,6.2008063991709985,0.6,0.4,4.333333333333333,19,5,5,1,30,130.23333333333332,128.0,128,148,20,4.758734659082765,0.7333333333333333,0.2666666666666667,3.4482758620689653,19,13,5,0,0,,[],0,0,,[],495.0,0.7071067811865476,-0.7071067811865475
2026-09-27,2026-09-27T06:01:00Z,REM,Sleep,0,128,observedRawSignal,F6143797-E09B-5245-978B-BE31778BF898,0003,1,128,1,0,-20,20,1,3,135,129,128,148,20,9.201449161228174,0.3333333333333333,0.6666666666666667,19.5,20,2,1,1,5,133.2,129,128,148,20,7.626270385975047,0.4,0.6,11.25,20,4,1,1,10,130.6,128.0,128,148,20,5.986651818838307,0.7,0.30000000000000004,5.555555555555555,20,5,5,1,30,130.23333333333332,128.0,128,148,20,4.758734659082765,0.7333333333333333,0.2666666666666667,4.137931034482759,20,14,5,0,0,,[],0,0,,[],496.0,0.7040147244559682,-0.7101853756232854
2026-09-27,2026-09-27T06:02:00Z,REM,Sleep,0,128,observedRawSignal,F6143797-E09B-5245-978B-BE31778BF898,0003,1,128,1,0,0,0,1,3,134.66666666666666,128,128,148,20,9.428090415820634,0.6666666666666666,0.33333333333333337,10,20,1,2,1,5,132.2,128,128,148,20,7.909487973314075,0.6,0.4,10,20,3,2,1,10,130.6,128.0,128,148,20,5.986651818838307,0.7,0.30000000000000004,5.555555555555555,20,5,4,1,30,130.23333333333332,128.0,128,148,20,4.758734659082765,0.7333333333333333,0.2666666666666667,4.137931034482759,20,14,5,0,0,,[],0,0,,[],497.0,0.700909264299851,-0.7132504491541815
2026-09-27,2026-09-27T06:03:00Z,REM,Sleep,0,128,observedRawSignal,F6143797-E09B-5245-978B-BE31778BF898,0003,1,128,1,0,0,0,1,3,128,128,128,128,0,0.0,1.0,0.0,0,0,0,3,1,5,132.2,128,128,148,20,7.909487973314075,0.6,0.4,9.75,20,2,3,1,10,130.6,128.0,128,148,20,5.986651818838307,0.7,0.30000000000000004,5.555555555555555,20,5,3,1,30,130.23333333333332,128.0,128,148,20,4.758734659082765,0.7333333333333333,0.2666666666666667,4.137931034482759,20,14,5,0,0,,[],0,0,,[],498.0,0.6977904598416802,-0.7163019434246543
2026-09-27,2026-09-27T06:04:00Z,REM,Sleep,0,128,observedRawSignal,F6143797-E09B-5245-978B-BE31778BF898,0003,1,128,1,0,0,0,1,3,128,128,128,128,0,0.0,1.0,0.0,0,0,0,3,1,5,132,128,128,148,20,8.0,0.8,0.19999999999999996,5,20,1,4,1,10,130.6,128.0,128,148,20,5.986651818838307,0.7,0.30000000000000004,5.555555555555555,20,5,4,1,30,130.23333333333332,128.0,128,148,20,4.758734659082765,0.7333333333333333,0.2666666666666667,3.9310344827586206,20,13,5,0,0,,[],0,0,,[],499.0,0.6946583704589971,-0.7193398003386513
2026-09-27,2026-09-27T06:05:00Z,REM,Sleep,0,128,observedRawSignal,F6143797-E09B-5245-978B-BE31778BF898,0003,1,128,1,0,0,0,1,3,128,128,128,128,0,0.0,1.0,0.0,0,0,0,3,1,5,128,128,128,128,0,0.0,1.0,0.0,0,0,0,5,1,10,130.6,128.0,128,148,20,5.986651818838307,0.7,0.30000000000000004,5.555555555555555,20,5,5,1,30,130.03333333333333,128.0,128,148,20,4.722169934351038,0.7666666666666667,0.23333333333333328,3.7241379310344827,20,12,5,1,1,64,"[""e39f8b31da3602cf12501f5f83aa3a6ab504fed68c0fbf8c2f5d1407a56b530c""]",1,1,14,"[""537cedec37b682ee6a4d96986f58bddd4bd58fa5375ea85774510a251ae6c735""]",500.0,0.6915130557822695,-0.7223639620597555
2026-09-27,2026-09-27T06:06:00Z,Core,Sleep,0,128,observedRawSignal,F6143797-E09B-5245-978B-BE31778BF898,0003,1,128,1,0,0,0,1,3,128,128,128,128,0,0.0,1.0,0.0,0,0,0,3,1,5,128,128,128,128,0,0.0,1.0,0.0,0,0,0,5,1,10,130.6,128.0,128,148,20,5.986651818838307,0.7,0.30000000000000004,5,20,4,6,1,30,130.03333333333333,128.0,128,148,20,4.722169934351038,0.7666666666666667,0.23333333333333328,3.7241379310344827,20,12,6,0,0,,[],0,0,,[],501.0,0.6883545756937539,-0.7253743710122877
2026-09-27,2026-09-27T06:07:00Z,Core,Sleep,0,128,observedRawSignal,F6143797-E09B-5245-978B-BE31778BF898,0003,1,128,1,0,0,0,1,3,128,128,128,128,0,0.0,1.0,0.0,0,0,0,3,1,5,128,128,128,128,0,0.0,1.0,0.0,0,0,0,5,1,10,130.1,128.0,128,148,20,5.974110812497538,0.8,0.19999999999999996,4.444444444444445,20,3,7,1,30,130.03333333333333,128.0,128,148,20,4.722169934351038,0.7666666666666667,0.23333333333333328,3.5172413793103448,20,11,7,0,0,,[],0,0,,[],502.0,0.6851829903263593,-0.7283709698824001
2026-09-27,2026-09-27T06:08:00Z,Core,Sleep,0,128,observedRawSignal,F6143797-E09B-5245-978B-BE31778BF898,0003,1,128,1,0,0,0,1,3,128,128,128,128,0,0.0,1.0,0.0,0,0,0,3,1,5,128,128,128,128,0,0.0,1.0,0.0,0,0,0,5,1,10,130.1,128.0,128,148,20,5.974110812497538,0.8,0.19999999999999996,4.333333333333333,20,2,8,1,30,129.83333333333334,128.0,128,148,20,4.676774767104166,0.8,0.19999999999999996,3.206896551724138,20,10,8,0,0,,[],0,0,,[],503.0,0.6819983600624986,-0.7313537016191705
2026-09-27,2026-09-27T06:09:00Z,Core,Sleep,0,128,observedRawSignal,F6143797-E09B-5245-978B-BE31778BF898,0003,1,128,1,0,0,0,1,3,128,128,128,128,0,0.0,1.0,0.0,0,0,0,3,1,5,128,128,128,128,0,0.0,1.0,0.0,0,0,0,5,1,10,130,128.0,128,148,20,6.0,0.9,0.09999999999999998,2.2222222222222223,20,1,9,1,30,129.33333333333334,128.0,128,148,20,3.9944405810520647,0.8333333333333334,0.16666666666666663,2.689655172413793,20,9,9,0,0,,[],0,0,,[],504.0,0.678800745532942,-0.7343225094356853
2026-09-27,2026-09-27T06:10:00Z,Core,Sleep,0,128,observedRawSignal,F6143797-E09B-5245-978B-BE31778BF898,0003,1,128,1,0,0,0,1,3,128,128,128,128,0,0.0,1.0,0.0,0,0,0,3,1,5,128,128,128,128,0,0.0,1.0,0.0,0,0,0,5,1,10,128,128.0,128,128,0,0.0,1.0,0.0,0,0,0,10,1,30,129.33333333333334,128.0,128,148,20,3.9944405810520647,0.8333333333333334,0.16666666666666663,2.689655172413793,20,9,10,0,0,,[],0,0,,[],505.0,0.6755902076156604,-0.737277336810124
2026-09-27,2026-09-27T06:11:00Z,Core,Sleep,0,128,observedRawSignal,F6143797-E09B-5245-978B-BE31778BF898,0003,1,128,1,0,0,0,1,3,128,128,128,128,0,0.0,1.0,0.0,0,0,0,3,1,5,128,128,128,128,0,0.0,1.0,0.0,0,0,0,5,1,10,128,128.0,128,128,0,0.0,1.0,0.0,0,0,0,10,1,30,129.33333333333334,128.0,128,148,20,3.9944405810520647,0.8333333333333334,0.16666666666666663,2.689655172413793,20,9,11,0,0,,[],0,0,,[],506.0,0.6723668074346684,-0.7402181274868318
2026-09-27,2026-09-27T06:12:00Z,REM,Sleep,0,128,observedRawSignal,F6143797-E09B-5245-978B-BE31778BF898,0003,1,128,1,0,0,0,1,3,128,128,128,128,0,0.0,1.0,0.0,0,0,0,3,1,5,128,128,128,128,0,0.0,1.0,0.0,0,0,0,5,1,10,128,128.0,128,128,0,0.0,1.0,0.0,0,0,0,10,1,30,129.33333333333334,128.0,128,148,20,3.9944405810520647,0.8333333333333334,0.16666666666666663,2.689655172413793,20,9,12,0,0,,[],0,0,,[],507.0,0.6691306063588585,-0.743144825477394
2026-09-27,2026-09-27T06:13:00Z,REM,Sleep,0,128,observedRawSignal,F6143797-E09B-5245-978B-BE31778BF898,0003,1,128,1,0,0,0,1,3,128,128,128,128,0,0.0,1.0,0.0,0,0,0,3,1,5,128,128,128,128,0,0.0,1.0,0.0,0,0,0,5,1,10,128,128.0,128,128,0,0.0,1.0,0.0,0,0,0,10,1,30,129.33333333333334,128.0,128,148,20,3.9944405810520647,0.8333333333333334,0.16666666666666663,2.689655172413793,20,9,13,0,0,,[],0,0,,[],508.0,0.6658816660008343,-0.7460573750616994
2026-09-27,2026-09-27T06:14:00Z,REM,Sleep,0,128,observedRawSignal,F6143797-E09B-5245-978B-BE31778BF898,0003,1,128,1,0,0,0,1,3,128,128,128,128,0,0.0,1.0,0.0,0,0,0,3,1,5,128,128,128,128,0,0.0,1.0,0.0,0,0,0,5,1,10,128,128.0,128,128,0,0.0,1.0,0.0,0,0,0,10,1,30,129.33333333333334,128.0,128,148,20,3.9944405810520647,0.8333333333333334,0.16666666666666663,2.5172413793103448,20,8,14,0,0,,[],0,0,,[],509.0,0.6626200482157374,-0.7489557207890022
2026-09-27,2026-09-27T06:15:00Z,REM,Sleep,0,128,observedRawSignal,F6143797-E09B-5245-978B-BE31778BF898,0003,1,128,1,0,0,0,1,3,128,128,128,128,0,0.0,1.0,0.0,0,0,0,3,1,5,128,128,128,128,0,0.0,1.0,0.0,0,0,0,5,1,10,128,128.0,128,128,0,0.0,1.0,0.0,0,0,0,10,1,30,129.16666666666666,128.0,128,148,20,3.9419397368413547,0.8666666666666667,0.1333333333333333,2.3448275862068964,20,7,15,0,0,,[],0,0,,[],510.0,0.6593458151000686,-0.7518398074789776
2026-09-27,2026-09-27T06:16:00Z,REM,Sleep,0,128,observedRawSignal,F6143797-E09B-5245-978B-BE31778BF898,0003,1,128,1,0,0,0,1,3,128,128,128,128,0,0.0,1.0,0.0,0,0,0,3,1,5,128,128,128,128,0,0.0,1.0,0.0,0,0,0,5,1,10,128,128.0,128,128,0,0.0,1.0,0.0,0,0,0,10,1,30,129.16666666666666,128.0,128,148,20,3.9419397368413547,0.8666666666666667,0.1333333333333333,2.3448275862068964,20,7,16,0,0,,[],0,0,,[],511.0,0.6560590289905073,-0.754709580222772
2026-09-27,2026-09-27T06:17:00Z,REM,Sleep,0,137,observedRawSignal,F6143797-E09B-5245-978B-BE31778BF898,0003,1,137,0,9,9,9,1,3,131,128,128,137,9,4.242640687119285,0.6666666666666666,0.33333333333333337,4.5,9,1,2,1,5,129.8,128,128,137,9,3.6,0.8,0.19999999999999996,2.25,9,1,4,1,10,128.9,128.0,128,137,9,2.7,0.9,0.09999999999999998,1,9,1,9,1,30,129.46666666666667,128.0,128,148,20,4.1771867194188115,0.8333333333333334,0.16666666666666663,2.6551724137931036,20,8,16,0,0,,[],0,0,,[],512.0,0.6527597524627223,-0.7575649843840497
2026-09-27,2026-09-27T06:18:00Z,REM,Sleep,0,128,observedRawSignal,F6143797-E09B-5245-978B-BE31778BF898,0003,1,128,1,0,-9,9,1,3,131,128,128,137,9,4.242640687119285,0.6666666666666666,0.33333333333333337,9,9,2,1,1,5,129.8,128,128,137,9,3.6,0.8,0.19999999999999996,4.5,9,2,3,1,10,128.9,128.0,128,137,9,2.7,0.9,0.09999999999999998,2,9,2,8,1,30,129.46666666666667,128.0,128,148,20,4.1771867194188115,0.8333333333333334,0.16666666666666663,2.9655172413793105,20,9,16,0,0,,[],0,0,,[],513.0,0.6494480483301838,-0.7604059656000308
2026-09-27,2026-09-27T06:19:00Z,REM,Sleep,0,140,observedRawSignal,F6143797-E09B-5245-978B-BE31778BF898,0003,1,140,0,12,12,12,1,3,135,137,128,140,12,5.0990195135927845,0.3333333333333333,0.6666666666666667,10.5,12,2,1,1,5,132.2,128,128,140,12,5.230678732248808,0.6,0.4,7.5,12,3,2,1,10,130.1,128.0,128,140,12,4.253234063627348,0.8,0.19999999999999996,3.3333333333333335,12,3,7,1,30,129.86666666666667,128.0,128,148,20,4.5733527696379985,0.8,0.19999999999999996,3.3793103448275863,20,10,16,0,0,,[],0,0,,[],514.0,0.6461239796429639,-0.7632324697825289
2026-09-27,2026-09-27T06:20:00Z,Awake,Awake,1,2,observedRawSignal,F6143797-E09B-5245-978B-BE31778BF898,0003,1,2,0,126,-138,138,1,3,90,128,2,140,138,62.41794613730894,0.3333333333333333,0.6666666666666667,75,138,2,1,1,5,107,128,2,140,138,52.71811832757311,0.4,0.6,42,138,4,1,1,10,117.5,128.0,2,140,138,38.72789692198635,0.7,0.30000000000000004,18.666666666666668,138,4,6,1,30,125.66666666666667,128.0,2,148,146,23.41272208769317,0.7666666666666667,0.23333333333333328,7.827586206896552,138,10,16,0,0,,[],0,0,,[],515.0,0.6427876096865395,-0.7660444431189779
2026-09-27,2026-09-27T06:21:00Z,Awake,Awake,1,0,zeroUninterpreted,F6143797-E09B-5245-978B-BE31778BF898,0003,0,,,,,,0,2,,,,,,,,,,,,,0,4,,,,,,,,,,,,,0,9,,,,,,,,,,,,,0,29,,,,,,,,,,,,,0,0,,[],0,0,,[],516.0,0.6394390019805848,-0.7688418320734595
2026-09-27,2026-09-27T06:22:00Z,Awake,Awake,1,0,zeroUninterpreted,F6143797-E09B-5245-978B-BE31778BF898,0003,0,,,,,,0,1,,,,,,,,,,,,,0,3,,,,,,,,,,,,,0,8,,,,,,,,,,,,,0,28,,,,,,,,,,,,,0,0,,[],0,0,,[],517.0,0.6360782202777642,-0.7716245833877198
2026-09-27,2026-09-27T06:23:00Z,Awake,Awake,1,0,zeroUninterpreted,F6143797-E09B-5245-978B-BE31778BF898,0003,0,,,,,,0,0,,,,,,,,,,,,,0,2,,,,,,,,,,,,,0,7,,,,,,,,,,,,,0,27,,,,,,,,,,,,,0,0,,[],0,0,,[],518.0,0.6327053285625162,-0.7743926440821856
2026-09-27,2026-09-27T06:24:00Z,Awake,Awake,1,0,zeroUninterpreted,F6143797-E09B-5245-978B-BE31778BF898,0003,0,,,,,,0,0,,,,,,,,,,,,,0,1,,,,,,,,,,,,,0,6,,,,,,,,,,,,,0,26,,,,,,,,,,,,,0,0,,[],0,0,,[],519.0,0.6293203910498377,-0.7771459614569707
2026-09-27,2026-09-27T06:25:00Z,Awake,Awake,1,0,zeroUninterpreted,F6143797-E09B-5245-978B-BE31778BF898,0003,0,,,,,,0,0,,,,,,,,,,,,,0,0,,,,,,,,,,,,,0,5,,,,,,,,,,,,,0,25,,,,,,,,,,,,,0,0,,[],0,0,,[],520.0,0.6259234721840592,-0.7798844830928817
2026-09-27,2026-09-27T06:26:00Z,Awake,Awake,1,0,zeroUninterpreted,F6143797-E09B-5245-978B-BE31778BF898,0003,0,,,,,,0,0,,,,,,,,,,,,,0,0,,,,,,,,,,,,,0,4,,,,,,,,,,,,,0,24,,,,,,,,,,,,,0,0,,[],0,0,,[],521.0,0.6225146366376196,-0.7826081568524139
2026-09-27,2026-09-27T06:27:00Z,Awake,Awake,1,0,zeroUninterpreted,F6143797-E09B-5245-978B-BE31778BF898,0003,0,,,,,,0,0,,,,,,,,,,,,,0,0,,,,,,,,,,,,,0,3,,,,,,,,,,,,,0,23,,,,,,,,,,,,,0,0,,[],0,0,,[],522.0,0.6190939493098342,-0.7853169308807447
2026-09-27,2026-09-27T06:28:00Z,Awake,Awake,1,0,zeroUninterpreted,F6143797-E09B-5245-978B-BE31778BF898,0003,0,,,,,,0,0,,,,,,,,,,,,,0,0,,,,,,,,,,,,,0,2,,,,,,,,,,,,,0,22,,,,,,,,,,,,,0,0,,[],0,0,,[],523.0,0.6156614753256584,-0.7880107536067219
2026-09-27,2026-09-27T06:29:00Z,Awake,Awake,1,0,zeroUninterpreted,F6143797-E09B-5245-978B-BE31778BF898,0003,0,,,,,,0,0,,,,,,,,,,,,,0,0,,,,,,,,,,,,,0,1,,,,,,,,,,,,,0,21,,,,,,,,,,,,,0,0,,[],0,0,,[],524.0,0.6122172800344493,-0.7906895737438434
2026-09-27,2026-09-27T06:30:00Z,Awake,Awake,1,136,observedRawSignal,F6143797-E09B-5245-978B-BE31778BF898,0003,1,136,0,8,,,0,1,,,,,,,,,,,,,0,1,,,,,,,,,,,,,0,1,,,,,,,,,,,,,0,21,,,,,,,,,,,,,0,0,,[],0,0,,[],525.0,0.6087614290087204,-0.7933533402912353
2026-09-27,2026-09-27T06:31:00Z,Awake,Awake,1,132,observedRawSignal,F6143797-E09B-5245-978B-BE31778BF898,0003,1,132,0,4,-4,4,0,2,,,,,,,,,,,,,0,2,,,,,,,,,,,,,0,2,,,,,,,,,,,,,0,21,,,,,,,,,,,,,0,0,,[],0,0,,[],526.0,0.6052939880428945,-0.7960020025346219
2026-09-27,2026-09-27T06:32:00Z,Awake,Awake,1,128,observedRawSignal,F6143797-E09B-5245-978B-BE31778BF898,0003,1,128,1,0,-4,4,1,3,132,132,128,136,8,3.265986323710904,0.3333333333333333,0.6666666666666667,4,4,2,1,0,3,,,,,,,,,,,,,0,3,,,,,,,,,,,,,0,21,,,,,,,,,,,,,0,0,,[],0,0,,[],527.0,0.6018150231520482,-0.7986355100472929
2026-09-27,2026-09-27T06:33:00Z,Awake,Awake,1,132,observedRawSignal,F6143797-E09B-5245-978B-BE31778BF898,0003,1,132,0,4,4,4,1,3,130.66666666666666,132,128,132,4,1.8856180831641267,0.3333333333333333,0.6666666666666667,4,4,2,1,0,4,,,,,,,,,,,,,0,4,,,,,,,,,,,,,0,21,,,,,,,,,,,,,0,0,,[],0,0,,[],528.0,0.5983246005706592,-0.8012538126910606
2026-09-27,2026-09-27T06:34:00Z,Awake,Awake,1,128,observedRawSignal,F6143797-E09B-5245-978B-BE31778BF898,0003,1,128,1,0,-4,4,1,3,129.33333333333334,128,128,132,4,1.8856180831641267,0.6666666666666666,0.33333333333333337,4,4,2,1,1,5,131.2,132,128,136,8,2.9933259094191533,0.4,0.6,4,4,4,1,0,5,,,,,,,,,,,,,0,21,,,,,,,,,,,,,0,0,,[],0,0,,[],529.0,0.5948227867513413,-0.8038568606172173
2026-09-27,2026-09-27T06:35:00Z,Awake,Awake,1,128,observedRawSignal,F6143797-E09B-5245-978B-BE31778BF898,0003,1,128,1,0,0,0,1,3,129.33333333333334,128,128,132,4,1.8856180831641267,0.6666666666666666,0.33333333333333337,2,4,1,2,1,5,129.6,128,128,132,4,1.9595917942265424,0.6,0.4,3,4,3,2,0,6,,,,,,,,,,,,,0,21,,,,,,,,,,,,,1,1,71,"[""e6d709b1859d23df00082687eecaedefc36b16ba9ebb9f8bdff549be5039cb4a""]",1,1,14,"[""e3f7326b5692958ec10ea7874b3f2d80b6db642e17d450cb197fb7c98219ff83""]",530.0,0.5913096483635826,-0.8064446042674824
2026-09-27,2026-09-27T06:36:00Z,Awake,Awake,1,128,observedRawSignal,F6143797-E09B-5245-978B-BE31778BF898,0003,1,128,1,0,0,0,1,3,128,128,128,128,0,0.0,1.0,0.0,0,0,0,3,1,5,128.8,128,128,132,4,1.6,0.8,0.19999999999999996,2,4,2,3,0,7,,,,,,,,,,,,,0,21,,,,,,,,,,,,,0,0,,[],0,0,,[],531.0,0.5877852522924732,-0.8090169943749473
2026-09-27,2026-09-27T06:37:00Z,Core,Sleep,0,145,observedRawSignal,F6143797-E09B-5245-978B-BE31778BF898,0003,1,145,0,17,17,17,1,3,133.66666666666666,128,128,145,17,8.013876853447538,0.6666666666666666,0.33333333333333337,8.5,17,1,2,1,5,132.2,128,128,145,17,6.584831053261731,0.6,0.4,5.25,17,2,3,0,8,,,,,,,,,,,,,0,21,,,,,,,,,,,,,0,0,,[],0,0,,[],532.0,0.5842496656374344,-0.8115739819650123
2026-09-27,2026-09-27T06:38:00Z,Core,Sleep,0,128,observedRawSignal,F6143797-E09B-5245-978B-BE31778BF898,0003,1,128,1,0,-17,17,1,3,133.66666666666666,128,128,145,17,8.013876853447538,0.6666666666666666,0.33333333333333337,17,17,2,1,1,5,131.4,128,128,145,17,6.8,0.8,0.19999999999999996,8.5,17,2,3,0,9,,,,,,,,,,,,,0,21,,,,,,,,,,,,,0,0,,[],0,0,,[],533.0,0.5807029557109399,-0.8141155183563191
2026-09-27,2026-09-27T06:39:00Z,Core,Sleep,0,128,observedRawSignal,F6143797-E09B-5245-978B-BE31778BF898,0003,1,128,1,0,0,0,1,3,133.66666666666666,128,128,145,17,8.013876853447538,0.6666666666666666,0.33333333333333337,8.5,17,1,2,1,5,131.4,128,128,145,17,6.8,0.8,0.19999999999999996,8.5,17,2,2,1,10,131.3,128.0,128,145,17,5.25452186216786,0.6,0.4,5.555555555555555,17,6,3,0,21,,,,,,,,,,,,,0,0,,[],0,0,,[],534.0,0.5771451900372336,-0.8166415551616789
2026-09-27,2026-09-27T06:40:00Z,Core,Sleep,0,128,observedRawSignal,F6143797-E09B-5245-978B-BE31778BF898,0003,1,128,1,0,0,0,1,3,128,128,128,128,0,0.0,1.0,0.0,0,0,0,3,1,5,131.4,128,128,145,17,6.8,0.8,0.19999999999999996,8.5,17,2,3,1,10,130.5,128.0,128,145,17,5.084289527554464,0.7,0.30000000000000004,5.111111111111111,17,5,3,0,21,,,,,,,,,,,,,0,0,,[],0,0,,[],535.0,0.5735764363510464,-0.8191520442889917
2026-09-27,2026-09-27T06:41:00Z,Core,Sleep,0,128,observedRawSignal,F6143797-E09B-5245-978B-BE31778BF898,0003,1,128,1,0,0,0,1,3,128,128,128,128,0,0.0,1.0,0.0,0,0,0,3,1,5,131.4,128,128,145,17,6.8,0.8,0.19999999999999996,4.25,17,1,4,1,10,130.1,128.0,128,145,17,5.107837115648854,0.8,0.19999999999999996,4.666666666666667,17,4,4,0,21,,,,,,,,,,,,,0,0,,[],0,0,,[],536.0,0.5699967625963032,-0.8216469379421636
2026-09-27,2026-09-27T06:42:00Z,Core,Sleep,0,128,observedRawSignal,F6143797-E09B-5245-978B-BE31778BF898,0003,1,128,1,0,0,0,1,3,128,128,128,128,0,0.0,1.0,0.0,0,0,0,3,1,5,128,128,128,128,0,0.0,1.0,0.0,0,0,0,5,1,10,130.1,128.0,128,145,17,5.107837115648854,0.8,0.19999999999999996,4.222222222222222,17,3,5,0,21,,,,,,,,,,,,,0,0,,[],0,0,,[],537.0,0.5664062369248332,-0.8241261886220155
2026-09-27,2026-09-27T06:43:00Z,Core,Sleep,0,128,observedRawSignal,F6143797-E09B-5245-978B-BE31778BF898,0003,1,128,1,0,0,0,1,3,128,128,128,128,0,0.0,1.0,0.0,0,0,0,3,1,5,128,128,128,128,0,0.0,1.0,0.0,0,0,0,5,1,10,129.7,128.0,128,145,17,5.1,0.9,0.09999999999999998,3.7777777777777777,17,2,6,0,21,,,,,,,,,,,,,0,0,,[],0,0,,[],538.0,0.5628049276950687,-0.8265897491271885
2026-09-27,2026-09-27T06:44:00Z,Core,Sleep,0,128,observedRawSignal,F6143797-E09B-5245-978B-BE31778BF898,0003,1,128,1,0,0,0,1,3,128,128,128,128,0,0.0,1.0,0.0,0,0,0,3,1,5,128,128,128,128,0,0.0,1.0,0.0,0,0,0,5,1,10,129.7,128.0,128,145,17,5.1,0.9,0.09999999999999998,3.7777777777777777,17,2,7,0,21,,,,,,,,,,,,,0,0,,[],0,0,,[],539.0,0.5591929034707469,-0.8290375725550416
2026-09-27,2026-09-27T06:45:00Z,Core,Sleep,0,136,observedRawSignal,F6143797-E09B-5245-978B-BE31778BF898,0003,1,136,0,8,8,8,1,3,130.66666666666666,128,128,136,8,3.7712361663282534,0.6666666666666666,0.33333333333333337,4,8,1,2,1,5,129.6,128,128,136,8,3.2,0.8,0.19999999999999996,2,8,1,4,1,10,130.5,128.0,128,145,17,5.389805191284746,0.8,0.19999999999999996,4.666666666666667,17,3,7,0,21,,,,,,,,,,,,,0,0,,[],0,0,,[],540.0,0.5555702330196022,-0.8314696123025453
2026-09-27,2026-09-27T06:46:00Z,Core,Sleep,0,138,observedRawSignal,F6143797-E09B-5245-978B-BE31778BF898,0003,1,138,0,10,2,2,1,3,134,136,128,138,10,4.320493798938574,0.3333333333333333,0.6666666666666667,5,8,2,1,1,5,131.6,128,128,138,10,4.454211490264018,0.6,0.4,2.5,8,2,3,1,10,131.5,128.0,128,145,17,5.748912940721924,0.7,0.30000000000000004,3,17,3,7,0,21,,,,,,,,,,,,,0,0,,[],0,0,,[],541.0,0.5519369853120583,-0.8338858220671681
2026-09-27,2026-09-27T06:47:00Z,Core,Sleep,0,128,observedRawSignal,F6143797-E09B-5245-978B-BE31778BF898,0003,1,128,1,0,-10,10,1,3,134,136,128,138,10,4.320493798938574,0.3333333333333333,0.6666666666666667,6,10,2,1,1,5,131.6,128,128,138,10,4.454211490264018,0.6,0.4,5,10,3,2,1,10,129.8,128.0,128,138,10,3.627671429443411,0.8,0.19999999999999996,2.2222222222222223,10,3,7,0,21,,,,,,,,,,,,,0,0,,[],0,0,,[],542.0,0.5482932295199138,-0.8362861558477596
2026-09-27,2026-09-27T06:48:00Z,Core,Sleep,0,128,observedRawSignal,F6143797-E09B-5245-978B-BE31778BF898,0003,1,128,1,0,0,0,1,3,131.33333333333334,128,128,138,10,4.714045207910317,0.6666666666666666,0.33333333333333337,5,10,1,2,1,5,131.6,128,128,138,10,4.454211490264018,0.6,0.4,5,10,3,2,1,10,129.8,128.0,128,138,10,3.627671429443411,0.8,0.19999999999999996,2.2222222222222223,10,3,6,0,21,,,,,,,,,,,,,0,0,,[],0,0,,[],543.0,0.544639035015027,-0.8386705679454242
2026-09-27,2026-09-27T06:49:00Z,REM,Sleep,0,128,observedRawSignal,F6143797-E09B-5245-978B-BE31778BF898,0003,1,128,1,0,0,0,1,3,128,128,128,128,0,0.0,1.0,0.0,0,0,0,3,1,5,131.6,128,128,138,10,4.454211490264018,0.6,0.4,3,10,2,3,1,10,129.8,128.0,128,138,10,3.627671429443411,0.8,0.19999999999999996,2.2222222222222223,10,3,5,0,21,,,,,,,,,,,,,0,0,,[],0,0,,[],544.0,0.540974471367994,-0.8410390129643924
2026-09-27,2026-09-27T06:50:00Z,REM,Sleep,0,128,observedRawSignal,F6143797-E09B-5245-978B-BE31778BF898,0003,1,128,1,0,0,0,1,3,128,128,128,128,0,0.0,1.0,0.0,0,0,0,3,1,5,130,128,128,138,10,4.0,0.8,0.19999999999999996,2.5,10,1,4,1,10,129.8,128.0,128,138,10,3.627671429443411,0.8,0.19999999999999996,2.2222222222222223,10,3,4,0,21,,,,,,,,,,,,,0,0,,[],0,0,,[],545.0,0.5372996083468238,-0.8433914458128857
2026-09-27,2026-09-27T06:51:00Z,REM,Sleep,0,130,observedRawSignal,F6143797-E09B-5245-978B-BE31778BF898,0003,1,130,0,2,2,2,1,3,128.66666666666666,128,128,130,2,0.9428090415820634,0.6666666666666666,0.33333333333333337,1,2,1,2,1,5,128.4,128,128,130,2,0.8,0.8,0.19999999999999996,0.5,2,1,4,1,10,130,128.0,128,138,10,3.5777087639996634,0.7,0.30000000000000004,2.4444444444444446,10,4,4,0,22,,,,,,,,,,,,,0,0,,[],0,0,,[],546.0,0.5336145159156117,-0.8457278217039732
2026-09-27,2026-09-27T06:52:00Z,REM,Sleep,0,141,observedRawSignal,F6143797-E09B-5245-978B-BE31778BF898,0003,1,141,0,13,11,11,1,3,133,130,128,141,13,5.715476066494082,0.3333333333333333,0.6666666666666667,6.5,11,2,1,1,5,131,128,128,141,13,5.059644256269407,0.6,0.4,3.25,11,2,3,1,10,131.3,128.0,128,141,13,4.775981574503821,0.6,0.4,3.6666666666666665,11,5,4,0,23,,,,,,,,,,,,,0,0,,[],0,0,,[],547.0,0.529919264233205,-0.848048096156426
2026-09-27,2026-09-27T06:53:00Z,REM,Sleep,0,128,observedRawSignal,F6143797-E09B-5245-978B-BE31778BF898,0003,1,128,1,0,-13,13,1,3,133,130,128,141,13,5.715476066494082,0.3333333333333333,0.6666666666666667,12,13,2,1,1,5,131,128,128,141,13,5.059644256269407,0.6,0.4,6.5,13,3,2,1,10,131.3,128.0,128,141,13,4.775981574503821,0.6,0.4,5.111111111111111,13,6,4,0,24,,,,,,,,,,,,,0,0,,[],0,0,,[],548.0,0.5262139236518698,-0.8503522249955627
2026-09-27,2026-09-27T06:54:00Z,REM,Sleep,0,128,observedRawSignal,F6143797-E09B-5245-978B-BE31778BF898,0003,1,128,1,0,0,0,1,3,132.33333333333334,128,128,141,13,6.128258770283412,0.6666666666666666,0.33333333333333337,6.5,13,1,2,1,5,131,128,128,141,13,5.059644256269407,0.6,0.4,6.5,13,3,2,1,10,131.3,128.0,128,141,13,4.775981574503821,0.6,0.4,4.222222222222222,13,5,4,0,25,,,,,,,,,,,,,0,0,,[],0,0,,[],549.0,0.5224985647159489,-0.8526401643540922
2026-09-27,2026-09-27T06:55:00Z,REM,Sleep,0,128,observedRawSignal,F6143797-E09B-5245-978B-BE31778BF898,0003,1,128,1,0,0,0,1,3,128,128,128,128,0,0.0,1.0,0.0,0,0,0,3,1,5,131,128,128,141,13,5.059644256269407,0.6,0.4,6,13,2,3,1,10,130.5,128.0,128,141,13,4.588027898781785,0.7,0.30000000000000004,4,13,4,4,0,26,,,,,,,,,,,,,0,0,,[],0,0,,[],550.0,0.5187732581605218,-0.8549118706729464
2026-09-27,2026-09-27T06:56:00Z,REM,Sleep,0,128,observedRawSignal,F6143797-E09B-5245-978B-BE31778BF898,0003,1,128,1,0,0,0,1,3,128,128,128,128,0,0.0,1.0,0.0,0,0,0,3,1,5,130.6,128,128,141,13,5.2,0.8,0.19999999999999996,3.25,13,1,4,1,10,129.5,128.0,128,141,13,3.8794329482541645,0.8,0.19999999999999996,2.888888888888889,13,3,4,0,27,,,,,,,,,,,,,0,0,,[],0,0,,[],551.0,0.5150380749100544,-0.8571673007021122
2026-09-28,2026-09-27T20:30:00Z,Awake,Awake,1,128,observedRawSignal,47A03475-D15D-534A-8EED-0FF3BB6C70D8,0107,1,128,1,0,0,0,1,3,128,128,128,128,0,0.0,1.0,0.0,0,0,0,3,1,5,128,128,128,128,0,0.0,1.0,0.0,0,0,0,5,1,10,129.4,128.0,128,142,14,4.2,0.9,0.09999999999999998,1.5555555555555556,14,1,9,1,30,136.3,128.5,128,163,35,11.561862595043529,0.5,0.5,6.517241379310345,31,17,9,0,0,,[],0,0,,[],0.0,-0.13052619222005168,0.9914448613738104
2026-09-28,2026-09-27T20:31:00Z,Awake,Awake,1,128,observedRawSignal,47A03475-D15D-534A-8EED-0FF3BB6C70D8,0107,1,128,1,0,0,0,1,3,128,128,128,128,0,0.0,1.0,0.0,0,0,0,3,1,5,128,128,128,128,0,0.0,1.0,0.0,0,0,0,5,1,10,128,128.0,128,128,0,0.0,1.0,0.0,0,0,0,10,1,30,136.06666666666666,128.0,128,163,35,11.65599511934619,0.5333333333333333,0.4666666666666667,6.0344827586206895,31,16,10,0,0,,[],0,0,,[],1.0,-0.12619896913583012,0.992004949679715
2026-09-28,2026-09-27T20:32:00Z,Awake,Awake,1,128,observedRawSignal,47A03475-D15D-534A-8EED-0FF3BB6C70D8,0107,1,128,1,0,0,0,1,3,128,128,128,128,0,0.0,1.0,0.0,0,0,0,3,1,5,128,128,128,128,0,0.0,1.0,0.0,0,0,0,5,1,10,128,128.0,128,128,0,0.0,1.0,0.0,0,0,0,10,1,30,135.36666666666667,128.0,128,163,35,11.487626193237467,0.5666666666666667,0.43333333333333335,5.586206896551724,31,15,11,0,0,,[],0,0,,[],2.0,-0.12186934340514811,0.992546151641322
2026-09-28,2026-09-27T20:33:00Z,Core,Sleep,0,128,observedRawSignal,47A03475-D15D-534A-8EED-0FF3BB6C70D8,0107,1,128,1,0,0,0,1,3,128,128,128,128,0,0.0,1.0,0.0,0,0,0,3,1,5,128,128,128,128,0,0.0,1.0,0.0,0,0,0,5,1,10,128,128.0,128,128,0,0.0,1.0,0.0,0,0,0,10,1,30,135.1,128.0,128,163,35,11.562439189029277,0.6,0.4,5.0344827586206895,31,14,12,0,0,,[],0,0,,[],3.0,-0.11753739745783766,0.9930684569549263
2026-09-28,2026-09-27T20:34:00Z,Core,Sleep,0,128,observedRawSignal,47A03475-D15D-534A-8EED-0FF3BB6C70D8,0107,1,128,1,0,0,0,1,3,128,128,128,128,0,0.0,1.0,0.0,0,0,0,3,1,5,128,128,128,128,0,0.0,1.0,0.0,0,0,0,5,1,10,128,128.0,128,128,0,0.0,1.0,0.0,0,0,0,10,1,30,134.3,128.0,128,163,35,11.189727431890377,0.6333333333333333,0.3666666666666667,4.379310344827586,31,13,13,0,0,,[],0,0,,[],4.0,-0.11320321376790701,0.9935718556765875
2026-09-28,2026-09-27T20:35:00Z,Core,Sleep,0,146,observedRawSignal,47A03475-D15D-534A-8EED-0FF3BB6C70D8,0107,1,146,0,18,18,18,1,3,134,128,128,146,18,8.48528137423857,0.6666666666666666,0.33333333333333337,9,18,1,2,1,5,131.6,128,128,146,18,7.2,0.8,0.19999999999999996,4.5,18,1,4,1,10,129.8,128.0,128,146,18,5.4,0.9,0.09999999999999998,2,18,1,9,1,30,134.73333333333332,128.0,128,163,35,11.38107591086576,0.6333333333333333,0.3666666666666667,4.896551724137931,31,13,13,1,1,79,"[""d45635ecaac2df5b04568d316fb5cb3b496066b7b1122060427f8aa9c282dd17""]",1,1,14,"[""4373684404762744a381ec5829df4991fb636d1195d1654cc7aae4e61f36b3c3""]",5.0,-0.10886687485196514,0.9940563382223195
2026-09-28,2026-09-27T20:36:00Z,Core,Sleep,0,128,observedRawSignal,47A03475-D15D-534A-8EED-0FF3BB6C70D8,0107,1,128,1,0,-18,18,1,3,134,128,128,146,18,8.48528137423857,0.6666666666666666,0.33333333333333337,18,18,2,1,1,5,131.6,128,128,146,18,7.2,0.8,0.19999999999999996,9,18,2,3,1,10,129.8,128.0,128,146,18,5.4,0.9,0.09999999999999998,4,18,2,8,1,30,134.46666666666667,128.0,128,163,35,11.441833574893298,0.6666666666666666,0.33333333333333337,5.275862068965517,31,13,13,0,0,,[],0,0,,[],6.0,-0.10452846326765342,0.9945218953682733
2026-09-28,2026-09-27T20:37:00Z,Core,Sleep,0,128,observedRawSignal,47A03475-D15D-534A-8EED-0FF3BB6C70D8,0107,1,128,1,0,0,0,1,3,134,128,128,146,18,8.48528137423857,0.6666666666666666,0.33333333333333337,9,18,1,2,1,5,131.6,128,128,146,18,7.2,0.8,0.19999999999999996,9,18,2,2,1,10,129.8,128.0,128,146,18,5.4,0.9,0.09999999999999998,4,18,2,7,1,30,134.43333333333334,128.0,128,163,35,11.459154516028756,0.7,0.30000000000000004,5,31,12,13,0,0,,[],0,0,,[],7.0,-0.1001880616120765,0.9949685182509117
2026-09-28,2026-09-27T20:38:00Z,Core,Sleep,0,129,observedRawSignal,47A03475-D15D-534A-8EED-0FF3BB6C70D8,0107,1,129,0,1,1,1,1,3,128.33333333333334,128,128,129,1,0.4714045207910317,0.6666666666666666,0.33333333333333337,0.5,1,1,2,1,5,131.8,128,128,146,18,7.110555533852471,0.6,0.4,9.25,18,3,2,1,10,129.9,128.0,128,146,18,5.374941860150675,0.8,0.19999999999999996,4.111111111111111,18,3,6,1,30,134.16666666666666,128.0,128,163,35,11.489367065054347,0.7,0.30000000000000004,4.724137931034483,31,12,13,0,0,,[],0,0,,[],8.0,-0.09584575252022448,0.9953961983671787
2026-09-28,2026-09-27T20:39:00Z,Core,Sleep,0,128,observedRawSignal,47A03475-D15D-534A-8EED-0FF3BB6C70D8,0107,1,128,1,0,-1,1,1,3,128.33333333333334,128,128,129,1,0.4714045207910317,0.6666666666666666,0.33333333333333337,1,1,2,1,1,5,131.8,128,128,146,18,7.110555533852471,0.6,0.4,5,18,3,2,1,10,129.9,128.0,128,146,18,5.374941860150675,0.8,0.19999999999999996,4.222222222222222,18,4,5,1,30,134.16666666666666,128.0,128,163,35,11.489367065054347,0.7,0.30000000000000004,3.689655172413793,21,12,13,0,0,,[],0,0,,[],9.0,-0.09150161866340226,0.9958049275746618
2026-09-28,2026-09-27T20:40:00Z,Core,Sleep,0,128,observedRawSignal,47A03475-D15D-534A-8EED-0FF3BB6C70D8,0107,1,128,1,0,0,0,1,3,128.33333333333334,128,128,129,1,0.4714045207910317,0.6666666666666666,0.33333333333333337,0.5,1,1,2,1,5,128.2,128,128,129,1,0.4,0.8,0.19999999999999996,0.5,1,2,2,1,10,129.9,128.0,128,146,18,5.374941860150675,0.8,0.19999999999999996,4.222222222222222,18,4,4,1,30,133.13333333333333,128.0,128,163,35,10.566403782218853,0.7333333333333333,0.2666666666666667,3.6551724137931036,21,11,13,0,0,,[],0,0,,[],10.0,-0.08715574274765832,0.9961946980917455
2026-09-28,2026-09-27T20:41:00Z,Core,Sleep,0,128,observedRawSignal,47A03475-D15D-534A-8EED-0FF3BB6C70D8,0107,1,128,1,0,0,0,1,3,128,128,128,128,0,0.0,1.0,0.0,0,0,0,3,1,5,128.2,128,128,129,1,0.4,0.8,0.19999999999999996,0.5,1,2,3,1,10,129.9,128.0,128,146,18,5.374941860150675,0.8,0.19999999999999996,4.222222222222222,18,4,3,1,30,132.13333333333333,128.0,128,163,35,9.534964895349933,0.7666666666666667,0.23333333333333328,3.6206896551724137,21,10,13,0,0,,[],0,0,,[],11.0,-0.08280820751220387,0.9965655024977614
2026-09-28,2026-09-27T20:42:00Z,Core,Sleep,0,128,observedRawSignal,47A03475-D15D-534A-8EED-0FF3BB6C70D8,0107,1,128,1,0,0,0,1,3,128,128,128,128,0,0.0,1.0,0.0,0,0,0,3,1,5,128.2,128,128,129,1,0.4,0.8,0.19999999999999996,0.25,1,1,4,1,10,129.9,128.0,128,146,18,5.374941860150675,0.8,0.19999999999999996,4.222222222222222,18,4,4,1,30,131.1,128.0,128,163,35,8.14596014394047,0.8,0.19999999999999996,3.4827586206896552,21,9,13,0,0,,[],0,0,,[],12.0,-0.07845909572784562,0.996917333733128
2026-09-28,2026-09-27T20:43:00Z,Core,Sleep,0,128,observedRawSignal,47A03475-D15D-534A-8EED-0FF3BB6C70D8,0107,1,128,1,0,0,0,1,3,128,128,128,128,0,0.0,1.0,0.0,0,0,0,3,1,5,128,128,128,128,0,0.0,1.0,0.0,0,0,0,5,1,10,129.9,128.0,128,146,18,5.374941860150675,0.8,0.19999999999999996,4.222222222222222,18,4,5,1,30,129.93333333333334,128.0,128,151,23,5.6031737038535185,0.8333333333333334,0.16666666666666663,3.0689655172413794,21,8,13,0,0,,[],0,0,,[],13.0,-0.0741084901953993,0.9972501850994857
2026-09-28,2026-09-27T20:44:00Z,Core,Sleep,0,128,observedRawSignal,47A03475-D15D-534A-8EED-0FF3BB6C70D8,0107,1,128,1,0,0,0,1,3,128,128,128,128,0,0.0,1.0,0.0,0,0,0,3,1,5,128,128,128,128,0,0.0,1.0,0.0,0,0,0,5,1,10,129.9,128.0,128,146,18,5.374941860150675,0.8,0.19999999999999996,2.2222222222222223,18,3,6,1,30,129.16666666666666,128.0,128,146,18,4.017323597731316,0.8666666666666667,0.1333333333333333,2.3448275862068964,18,7,13,0,0,,[],0,0,,[],14.0,-0.06975647374412476,0.9975640502598243
2026-09-28,2026-09-27T20:45:00Z,Core,Sleep,0,128,observedRawSignal,47A03475-D15D-534A-8EED-0FF3BB6C70D8,0107,1,128,1,0,0,0,1,3,128,128,128,128,0,0.0,1.0,0.0,0,0,0,3,1,5,128,128,128,128,0,0.0,1.0,0.0,0,0,0,5,1,10,128.1,128.0,128,129,1,0.3,0.9,0.09999999999999998,0.2222222222222222,1,2,7,1,30,129.1,128.0,128,146,18,4.019535628237007,0.9,0.09999999999999998,2.2758620689655173,18,6,13,0,0,,[],0,0,,[],15.0,-0.06540312923014367,0.9978589232386035
2026-09-28,2026-09-27T20:46:00Z,REM,Sleep,0,128,observedRawSignal,47A03475-D15D-534A-8EED-0FF3BB6C70D8,0107,1,128,1,0,0,0,1,3,128,128,128,128,0,0.0,1.0,0.0,0,0,0,3,1,5,128,128,128,128,0,0.0,1.0,0.0,0,0,0,5,1,10,128.1,128.0,128,129,1,0.3,0.9,0.09999999999999998,0.2222222222222222,1,2,8,1,30,129.1,128.0,128,146,18,4.019535628237007,0.9,0.09999999999999998,2.2758620689655173,18,6,13,0,0,,[],0,0,,[],16.0,-0.061048539534856866,0.9981347984218669
2026-09-28,2026-09-27T20:47:00Z,REM,Sleep,0,128,observedRawSignal,47A03475-D15D-534A-8EED-0FF3BB6C70D8,0107,1,128,1,0,0,0,1,3,128,128,128,128,0,0.0,1.0,0.0,0,0,0,3,1,5,128,128,128,128,0,0.0,1.0,0.0,0,0,0,5,1,10,128.1,128.0,128,129,1,0.3,0.9,0.09999999999999998,0.1111111111111111,1,1,9,1,30,129.1,128.0,128,146,18,4.019535628237007,0.9,0.09999999999999998,2.2758620689655173,18,6,13,0,0,,[],0,0,,[],17.0,-0.05669278756337689,0.9983916705573489
2026-09-28,2026-09-27T20:48:00Z,REM,Sleep,0,128,observedRawSignal,47A03475-D15D-534A-8EED-0FF3BB6C70D8,0107,1,128,1,0,0,0,1,3,128,128,128,128,0,0.0,1.0,0.0,0,0,0,3,1,5,128,128,128,128,0,0.0,1.0,0.0,0,0,0,5,1,10,128,128.0,128,128,0,0.0,1.0,0.0,0,0,0,10,1,30,129.1,128.0,128,146,18,4.019535628237007,0.9,0.09999999999999998,2.2758620689655173,18,6,13,0,0,,[],0,0,,[],18.0,-0.05233595624294437,0.9986295347545738
2026-09-28,2026-09-27T20:49:00Z,REM,Sleep,0,128,observedRawSignal,47A03475-D15D-534A-8EED-0FF3BB6C70D8,0107,1,128,1,0,0,0,1,3,128,128,128,128,0,0.0,1.0,0.0,0,0,0,3,1,5,128,128,128,128,0,0.0,1.0,0.0,0,0,0,5,1,10,128,128.0,128,128,0,0.0,1.0,0.0,0,0,0,10,1,30,129.1,128.0,128,146,18,4.019535628237007,0.9,0.09999999999999998,2.2758620689655173,18,6,13,0,0,,[],0,0,,[],19.0,-0.04797812852134387,0.9988483864849507
2026-09-28,2026-09-27T20:50:00Z,REM,Sleep,0,128,observedRawSignal,47A03475-D15D-534A-8EED-0FF3BB6C70D8,0107,1,128,1,0,0,0,1,3,128,128,128,128,0,0.0,1.0,0.0,0,0,0,3,1,5,128,128,128,128,0,0.0,1.0,0.0,0,0,0,5,1,10,128,128.0,128,128,0,0.0,1.0,0.0,0,0,0,10,1,30,129.1,128.0,128,146,18,4.019535628237007,0.9,0.09999999999999998,1.793103448275862,18,5,13,0,0,,[],0,0,,[],20.0,-0.043619387365335306,0.9990482215818578
2026-09-28,2026-09-27T20:51:00Z,REM,Sleep,0,128,observedRawSignal,47A03475-D15D-534A-8EED-0FF3BB6C70D8,0107,1,128,1,0,0,0,1,3,128,128,128,128,0,0.0,1.0,0.0,0,0,0,3,1,5,128,128,128,128,0,0.0,1.0,0.0,0,0,0,5,1,10,128,128.0,128,128,0,0.0,1.0,0.0,0,0,0,10,1,30,128.63333333333333,128.0,128,146,18,3.2298950791352685,0.9333333333333333,0.06666666666666665,1.3103448275862069,18,4,13,0,0,,[],0,0,,[],21.0,-0.039259815759069075,0.9992290362407229
2026-09-28,2026-09-27T20:52:00Z,REM,Sleep,0,128,observedRawSignal,47A03475-D15D-534A-8EED-0FF3BB6C70D8,0107,1,128,1,0,0,0,1,3,128,128,128,128,0,0.0,1.0,0.0,0,0,0,3,1,5,128,128,128,128,0,0.0,1.0,0.0,0,0,0,5,1,10,128,128.0,128,128,0,0.0,1.0,0.0,0,0,0,10,1,30,128.63333333333333,128.0,128,146,18,3.2298950791352685,0.9333333333333333,0.06666666666666665,1.3103448275862069,18,4,14,0,0,,[],0,0,,[],22.0,-0.034899496702500823,0.9993908270190958
2026-09-28,2026-09-27T20:53:00Z,REM,Sleep,0,128,observedRawSignal,47A03475-D15D-534A-8EED-0FF3BB6C70D8,0107,1,128,1,0,0,0,1,3,128,128,128,128,0,0.0,1.0,0.0,0,0,0,3,1,5,128,128,128,128,0,0.0,1.0,0.0,0,0,0,5,1,10,128,128.0,128,128,0,0.0,1.0,0.0,0,0,0,10,1,30,128.63333333333333,128.0,128,146,18,3.2298950791352685,0.9333333333333333,0.06666666666666665,1.3103448275862069,18,4,15,0,0,,[],0,0,,[],23.0,-0.03053851320982367,0.9995335908367129
2026-09-28,2026-09-27T20:54:00Z,Core,Sleep,0,128,observedRawSignal,47A03475-D15D-534A-8EED-0FF3BB6C70D8,0107,1,128,1,0,0,0,1,3,128,128,128,128,0,0.0,1.0,0.0,0,0,0,3,1,5,128,128,128,128,0,0.0,1.0,0.0,0,0,0,5,1,10,128,128.0,128,128,0,0.0,1.0,0.0,0,0,0,10,1,30,128.63333333333333,128.0,128,146,18,3.2298950791352685,0.9333333333333333,0.06666666666666665,1.3103448275862069,18,4,16,0,0,,[],0,0,,[],24.0,-0.026176948307873545,0.9996573249755573
2026-09-28,2026-09-27T20:55:00Z,Core,Sleep,0,134,observedRawSignal,47A03475-D15D-534A-8EED-0FF3BB6C70D8,0107,1,134,0,6,6,6,1,3,130,128,128,134,6,2.8284271247461903,0.6666666666666666,0.33333333333333337,3,6,1,2,1,5,129.2,128,128,134,6,2.4,0.8,0.19999999999999996,1.5,6,1,4,1,10,128.6,128.0,128,134,6,1.8,0.9,0.09999999999999998,0.6666666666666666,6,1,9,1,30,128.83333333333334,128.0,128,146,18,3.3673266679799405,0.9,0.09999999999999998,1.5172413793103448,18,5,16,0,0,,[],0,0,,[],25.0,-0.0218148850345609,0.9997620270799091
2026-09-28,2026-09-27T20:56:00Z,Core,Sleep,0,128,observedRawSignal,47A03475-D15D-534A-8EED-0FF3BB6C70D8,0107,1,128,1,0,-6,6,1,3,130,128,128,134,6,2.8284271247461903,0.6666666666666666,0.33333333333333337,6,6,2,1,1,5,129.2,128,128,134,6,2.4,0.8,0.19999999999999996,3,6,2,3,1,10,128.6,128.0,128,134,6,1.8,0.9,0.09999999999999998,1.3333333333333333,6,2,8,1,30,128.83333333333334,128.0,128,146,18,3.3673266679799405,0.9,0.09999999999999998,1.7241379310344827,18,6,16,0,0,,[],0,0,,[],26.0,-0.01745240643728445,0.9998476951563913
2026-09-28,2026-09-27T20:57:00Z,Core,Sleep,0,128,observedRawSignal,47A03475-D15D-534A-8EED-0FF3BB6C70D8,0107,1,128,1,0,0,0,1,3,130,128,128,134,6,2.8284271247461903,0.6666666666666666,0.33333333333333337,3,6,1,2,1,5,129.2,128,128,134,6,2.4,0.8,0.19999999999999996,3,6,2,2,1,10,128.6,128.0,128,134,6,1.8,0.9,0.09999999999999998,1.3333333333333333,6,2,7,1,30,128.83333333333334,128.0,128,146,18,3.3673266679799405,0.9,0.09999999999999998,1.7241379310344827,18,6,16,0,0,,[],0,0,,[],27.0,-0.013089595571344759,0.999914327574007
2026-09-28,2026-09-27T20:58:00Z,Core,Sleep,0,128,observedRawSignal,47A03475-D15D-534A-8EED-0FF3BB6C70D8,0107,1,128,1,0,0,0,1,3,128,128,128,128,0,0.0,1.0,0.0,0,0,0,3,1,5,129.2,128,128,134,6,2.4,0.8,0.19999999999999996,3,6,2,3,1,10,128.6,128.0,128,134,6,1.8,0.9,0.09999999999999998,1.3333333333333333,6,2,6,1,30,128.83333333333334,128.0,128,146,18,3.3673266679799405,0.9,0.09999999999999998,1.7241379310344827,18,6,16,0,0,,[],0,0,,[],28.0,-0.008726535498373636,0.9999619230641713
2026-09-28,2026-09-27T20:59:00Z,Core,Sleep,0,128,observedRawSignal,47A03475-D15D-534A-8EED-0FF3BB6C70D8,0107,1,128,1,0,0,0,1,3,128,128,128,128,0,0.0,1.0,0.0,0,0,0,3,1,5,129.2,128,128,134,6,2.4,0.8,0.19999999999999996,1.5,6,1,4,1,10,128.6,128.0,128,134,6,1.8,0.9,0.09999999999999998,1.3333333333333333,6,2,5,1,30,128.83333333333334,128.0,128,146,18,3.3673266679799405,0.9,0.09999999999999998,1.7241379310344827,18,6,16,0,0,,[],0,0,,[],29.0,-0.004363309284747432,0.9999904807207345
2026-09-28,2026-09-27T21:00:00Z,Core,Sleep,0,128,observedRawSignal,48039CED-8E78-5011-88DA-FC702B0527EA,0000,1,128,1,0,0,0,1,3,128,128,128,128,0,0.0,1.0,0.0,0,0,0,3,1,5,128,128,128,128,0,0.0,1.0,0.0,0,0,0,5,1,10,128.6,128.0,128,134,6,1.8,0.9,0.09999999999999998,1.3333333333333333,6,2,5,1,30,128.83333333333334,128.0,128,146,18,3.3673266679799405,0.9,0.09999999999999998,1.7241379310344827,18,6,16,0,0,,[],0,0,,[],30.0,0.0,1.0
2026-09-28,2026-09-27T21:01:00Z,Core,Sleep,0,128,observedRawSignal,48039CED-8E78-5011-88DA-FC702B0527EA,0000,1,128,1,0,0,0,1,3,128,128,128,128,0,0.0,1.0,0.0,0,0,0,3,1,5,128,128,128,128,0,0.0,1.0,0.0,0,0,0,5,1,10,128.6,128.0,128,134,6,1.8,0.9,0.09999999999999998,1.3333333333333333,6,2,6,1,30,128.83333333333334,128.0,128,146,18,3.3673266679799405,0.9,0.09999999999999998,1.7241379310344827,18,6,16,0,0,,[],0,0,,[],31.0,0.004363309284746571,0.9999904807207345
2026-09-28,2026-09-27T21:02:00Z,Core,Sleep,0,128,observedRawSignal,48039CED-8E78-5011-88DA-FC702B0527EA,0000,1,128,1,0,0,0,1,3,128,128,128,128,0,0.0,1.0,0.0,0,0,0,3,1,5,128,128,128,128,0,0.0,1.0,0.0,0,0,0,5,1,10,128.6,128.0,128,134,6,1.8,0.9,0.09999999999999998,1.3333333333333333,6,2,7,1,30,128.83333333333334,128.0,128,146,18,3.3673266679799405,0.9,0.09999999999999998,1.7241379310344827,18,6,16,0,0,,[],0,0,,[],32.0,0.008726535498373935,0.9999619230641713
2026-09-28,2026-09-27T21:03:00Z,Core,Sleep,0,128,observedRawSignal,48039CED-8E78-5011-88DA-FC702B0527EA,0000,1,128,1,0,0,0,1,3,128,128,128,128,0,0.0,1.0,0.0,0,0,0,3,1,5,128,128,128,128,0,0.0,1.0,0.0,0,0,0,5,1,10,128.6,128.0,128,134,6,1.8,0.9,0.09999999999999998,1.3333333333333333,6,2,8,1,30,128.83333333333334,128.0,128,146,18,3.3673266679799405,0.9,0.09999999999999998,1.7241379310344827,18,6,16,0,0,,[],0,0,,[],33.0,0.01308959557134444,0.999914327574007
2026-09-28,2026-09-27T21:04:00Z,Core,Sleep,0,128,observedRawSignal,48039CED-8E78-5011-88DA-FC702B0527EA,0000,1,128,1,0,0,0,1,3,128,128,128,128,0,0.0,1.0,0.0,0,0,0,3,1,5,128,128,128,128,0,0.0,1.0,0.0,0,0,0,5,1,10,128.6,128.0,128,134,6,1.8,0.9,0.09999999999999998,0.6666666666666666,6,1,9,1,30,128.83333333333334,128.0,128,146,18,3.3673266679799405,0.9,0.09999999999999998,1.103448275862069,18,5,16,0,0,,[],0,0,,[],34.0,0.01745240643728351,0.9998476951563913
2026-09-28,2026-09-27T21:05:00Z,Core,Sleep,0,130,observedRawSignal,48039CED-8E78-5011-88DA-FC702B0527EA,0000,1,130,0,2,2,2,1,3,128.66666666666666,128,128,130,2,0.9428090415820634,0.6666666666666666,0.33333333333333337,1,2,1,2,1,5,128.4,128,128,130,2,0.8,0.8,0.19999999999999996,0.5,2,1,4,1,10,128.2,128.0,128,130,2,0.6,0.9,0.09999999999999998,0.2222222222222222,2,1,9,1,30,128.3,128.0,128,134,6,1.1298967504452195,0.9,0.09999999999999998,0.5517241379310345,6,5,16,1,1,68,"[""d4f88e75d4c373b5b45fe43a7284f4b7487bb47ab4a4583960f81bb6f1aabf8f""]",1,1,10,"[""fb5c495f80b1dd0b59b958f20ad7523ee9faeee5b779733637d53e9a359950c8""]",35.0,0.02181488503456112,0.9997620270799091
2026-09-28,2026-09-27T21:06:00Z,Core,Sleep,0,128,observedRawSignal,48039CED-8E78-5011-88DA-FC702B0527EA,0000,1,128,1,0,-2,2,1,3,128.66666666666666,128,128,130,2,0.9428090415820634,0.6666666666666666,0.33333333333333337,2,2,2,1,1,5,128.4,128,128,130,2,0.8,0.8,0.19999999999999996,1,2,2,3,1,10,128.2,128.0,128,130,2,0.6,0.9,0.09999999999999998,0.4444444444444444,2,2,8,1,30,128.3,128.0,128,134,6,1.1298967504452195,0.9,0.09999999999999998,0.6206896551724138,6,6,16,0,0,,[],0,0,,[],36.0,0.02617694830787315,0.9996573249755573
2026-09-28,2026-09-27T21:07:00Z,Core,Sleep,0,128,observedRawSignal,48039CED-8E78-5011-88DA-FC702B0527EA,0000,1,128,1,0,0,0,1,3,128.66666666666666,128,128,130,2,0.9428090415820634,0.6666666666666666,0.33333333333333337,1,2,1,2,1,5,128.4,128,128,130,2,0.8,0.8,0.19999999999999996,1,2,2,2,1,10,128.2,128.0,128,130,2,0.6,0.9,0.09999999999999998,0.4444444444444444,2,2,7,1,30,128.3,128.0,128,134,6,1.1298967504452195,0.9,0.09999999999999998,0.5862068965517241,6,5,16,0,0,,[],0,0,,[],37.0,0.03053851320982266,0.9995335908367129
2026-09-28,2026-09-27T21:08:00Z,Core,Sleep,0,128,observedRawSignal,48039CED-8E78-5011-88DA-FC702B0527EA,0000,1,128,1,0,0,0,1,3,128,128,128,128,0,0.0,1.0,0.0,0,0,0,3,1,5,128.4,128,128,130,2,0.8,0.8,0.19999999999999996,1,2,2,3,1,10,128.2,128.0,128,130,2,0.6,0.9,0.09999999999999998,0.4444444444444444,2,2,6,1,30,128.26666666666668,128.0,128,134,6,1.1234866364235145,0.9333333333333333,0.06666666666666665,0.5517241379310345,6,4,16,0,0,,[],0,0,,[],38.0,0.03489949670250097,0.9993908270190958
2026-09-28,2026-09-27T21:09:00Z,Core,Sleep,0,128,observedRawSignal,48039CED-8E78-5011-88DA-FC702B0527EA,0000,1,128,1,0,0,0,1,3,128,128,128,128,0,0.0,1.0,0.0,0,0,0,3,1,5,128.4,128,128,130,2,0.8,0.8,0.19999999999999996,0.5,2,1,4,1,10,128.2,128.0,128,130,2,0.6,0.9,0.09999999999999998,0.4444444444444444,2,2,5,1,30,128.26666666666668,128.0,128,134,6,1.1234866364235145,0.9333333333333333,0.06666666666666665,0.5517241379310345,6,4,15,0,0,,[],0,0,,[],39.0,0.03925981575906861,0.9992290362407229
2026-09-28,2026-09-27T21:10:00Z,Core,Sleep,0,128,observedRawSignal,48039CED-8E78-5011-88DA-FC702B0527EA,0000,1,128,1,0,0,0,1,3,128,128,128,128,0,0.0,1.0,0.0,0,0,0,3,1,5,128,128,128,128,0,0.0,1.0,0.0,0,0,0,5,1,10,128.2,128.0,128,130,2,0.6,0.9,0.09999999999999998,0.4444444444444444,2,2,5,1,30,128.26666666666668,128.0,128,134,6,1.1234866364235145,0.9333333333333333,0.06666666666666665,0.5517241379310345,6,4,14,0,0,,[],0,0,,[],40.0,0.043619387365336,0.9990482215818578
2026-09-28,2026-09-27T21:11:00Z,Core,Sleep,0,128,observedRawSignal,48039CED-8E78-5011-88DA-FC702B0527EA,0000,1,128,1,0,0,0,1,3,128,128,128,128,0,0.0,1.0,0.0,0,0,0,3,1,5,128,128,128,128,0,0.0,1.0,0.0,0,0,0,5,1,10,128.2,128.0,128,130,2,0.6,0.9,0.09999999999999998,0.4444444444444444,2,2,6,1,30,128.26666666666668,128.0,128,134,6,1.1234866364235145,0.9333333333333333,0.06666666666666665,0.5517241379310345,6,4,13,0,0,,[],0,0,,[],41.0,0.04797812852134394,0.9988483864849507
2026-09-28,2026-09-27T21:12:00Z,Core,Sleep,0,132,observedRawSignal,48039CED-8E78-5011-88DA-FC702B0527EA,0000,1,132,0,4,4,4,1,3,129.33333333333334,128,128,132,4,1.8856180831641267,0.6666666666666666,0.33333333333333337,2,4,1,2,1,5,128.8,128,128,132,4,1.6,0.8,0.19999999999999996,1,4,1,4,1,10,128.6,128.0,128,132,4,1.2806248474865698,0.8,0.19999999999999996,0.8888888888888888,4,3,6,1,30,128.4,128.0,128,134,6,1.3063945294843617,0.9,0.09999999999999998,0.6896551724137931,6,5,12,0,0,,[],0,0,,[],42.0,0.05233595624294383,0.9986295347545738
2026-09-28,2026-09-27T21:13:00Z,Core,Sleep,0,128,observedRawSignal,48039CED-8E78-5011-88DA-FC702B0527EA,0000,1,128,1,0,-4,4,1,3,129.33333333333334,128,128,132,4,1.8856180831641267,0.6666666666666666,0.33333333333333337,4,4,2,1,1,5,128.8,128,128,132,4,1.6,0.8,0.19999999999999996,2,4,2,3,1,10,128.6,128.0,128,132,4,1.2806248474865698,0.8,0.19999999999999996,1.3333333333333333,4,4,6,1,30,128.4,128.0,128,134,6,1.3063945294843617,0.9,0.09999999999999998,0.8275862068965517,6,6,11,0,0,,[],0,0,,[],43.0,0.05669278756337751,0.9983916705573488
2026-09-28,2026-09-27T21:14:00Z,Core,Sleep,0,128,observedRawSignal,48039CED-8E78-5011-88DA-FC702B0527EA,0000,1,128,1,0,0,0,1,3,129.33333333333334,128,128,132,4,1.8856180831641267,0.6666666666666666,0.33333333333333337,2,4,1,2,1,5,128.8,128,128,132,4,1.6,0.8,0.19999999999999996,2,4,2,2,1,10,128.6,128.0,128,132,4,1.2806248474865698,0.8,0.19999999999999996,1.1111111111111112,4,3,6,1,30,128.4,128.0,128,134,6,1.3063945294843617,0.9,0.09999999999999998,0.8275862068965517,6,6,10,0,0,,[],0,0,,[],44.0,0.06104853953485687,0.9981347984218669
2026-09-28,2026-09-27T21:15:00Z,Core,Sleep,0,128,observedRawSignal,48039CED-8E78-5011-88DA-FC702B0527EA,0000,1,128,1,0,0,0,1,3,128,128,128,128,0,0.0,1.0,0.0,0,0,0,3,1,5,128.8,128,128,132,4,1.6,0.8,0.19999999999999996,2,4,2,3,1,10,128.4,128.0,128,132,4,1.2,0.9,0.09999999999999998,0.8888888888888888,4,2,6,1,30,128.4,128.0,128,134,6,1.3063945294843617,0.9,0.09999999999999998,0.8275862068965517,6,6,9,0,0,,[],0,0,,[],45.0,0.06540312923014306,0.9978589232386035
2026-09-28,2026-09-27T21:16:00Z,REM,Sleep,0,128,observedRawSignal,48039CED-8E78-5011-88DA-FC702B0527EA,0000,1,128,1,0,0,0,1,3,128,128,128,128,0,0.0,1.0,0.0,0,0,0,3,1,5,128.8,128,128,132,4,1.6,0.8,0.19999999999999996,1,4,1,4,1,10,128.4,128.0,128,132,4,1.2,0.9,0.09999999999999998,0.8888888888888888,4,2,5,1,30,128.4,128.0,128,134,6,1.3063945294843617,0.9,0.09999999999999998,0.8275862068965517,6,6,9,0,0,,[],0,0,,[],46.0,0.0697564737441253,0.9975640502598242
2026-09-28,2026-09-27T21:17:00Z,REM,Sleep,0,128,observedRawSignal,48039CED-8E78-5011-88DA-FC702B0527EA,0000,1,128,1,0,0,0,1,3,128,128,128,128,0,0.0,1.0,0.0,0,0,0,3,1,5,128,128,128,128,0,0.0,1.0,0.0,0,0,0,5,1,10,128.4,128.0,128,132,4,1.2,0.9,0.09999999999999998,0.8888888888888888,4,2,5,1,30,128.4,128.0,128,134,6,1.3063945294843617,0.9,0.09999999999999998,0.8275862068965517,6,6,9,0,0,,[],0,0,,[],47.0,0.07410849019539924,0.9972501850994857
2026-09-28,2026-09-27T21:18:00Z,REM,Sleep,0,128,observedRawSignal,48039CED-8E78-5011-88DA-FC702B0527EA,0000,1,128,1,0,0,0,1,3,128,128,128,128,0,0.0,1.0,0.0,0,0,0,3,1,5,128,128,128,128,0,0.0,1.0,0.0,0,0,0,5,1,10,128.4,128.0,128,132,4,1.2,0.9,0.09999999999999998,0.8888888888888888,4,2,6,1,30,128.4,128.0,128,134,6,1.3063945294843617,0.9,0.09999999999999998,0.8275862068965517,6,6,9,0,0,,[],0,0,,[],48.0,0.07845909572784494,0.996917333733128
2026-09-28,2026-09-27T21:19:00Z,REM,Sleep,0,128,observedRawSignal,48039CED-8E78-5011-88DA-FC702B0527EA,0000,1,128,1,0,0,0,1,3,128,128,128,128,0,0.0,1.0,0.0,0,0,0,3,1,5,128,128,128,128,0,0.0,1.0,0.0,0,0,0,5,1,10,128.4,128.0,128,132,4,1.2,0.9,0.09999999999999998,0.8888888888888888,4,2,7,1,30,128.4,128.0,128,134,6,1.3063945294843617,0.9,0.09999999999999998,0.8275862068965517,6,6,9,0,0,,[],0,0,,[],49.0,0.08280820751220433,0.9965655024977614
2026-09-28,2026-09-27T21:20:00Z,REM,Sleep,0,128,observedRawSignal,48039CED-8E78-5011-88DA-FC702B0527EA,0000,1,128,1,0,0,0,1,3,128,128,128,128,0,0.0,1.0,0.0,0,0,0,3,1,5,128,128,128,128,0,0.0,1.0,0.0,0,0,0,5,1,10,128.4,128.0,128,132,4,1.2,0.9,0.09999999999999998,0.8888888888888888,4,2,8,1,30,128.4,128.0,128,134,6,1.3063945294843617,0.9,0.09999999999999998,0.8275862068965517,6,6,9,0,0,,[],0,0,,[],50.0,0.08715574274765817,0.9961946980917455
2026-09-28,2026-09-27T21:21:00Z,REM,Sleep,0,128,observedRawSignal,48039CED-8E78-5011-88DA-FC702B0527EA,0000,1,128,1,0,0,0,1,3,128,128,128,128,0,0.0,1.0,0.0,0,0,0,3,1,5,128,128,128,128,0,0.0,1.0,0.0,0,0,0,5,1,10,128.4,128.0,128,132,4,1.2,0.9,0.09999999999999998,0.4444444444444444,4,1,9,1,30,128.4,128.0,128,134,6,1.3063945294843617,0.9,0.09999999999999998,0.8275862068965517,6,6,9,0,0,,[],0,0,,[],51.0,0.09150161866340238,0.9958049275746618
2026-09-28,2026-09-27T21:22:00Z,Core,Sleep,0,128,observedRawSignal,48039CED-8E78-5011-88DA-FC702B0527EA,0000,1,128,1,0,0,0,1,3,128,128,128,128,0,0.0,1.0,0.0,0,0,0,3,1,5,128,128,128,128,0,0.0,1.0,0.0,0,0,0,5,1,10,128,128.0,128,128,0,0.0,1.0,0.0,0,0,0,10,1,30,128.4,128.0,128,134,6,1.3063945294843617,0.9,0.09999999999999998,0.8275862068965517,6,6,10,0,0,,[],0,0,,[],52.0,0.09584575252022398,0.9953961983671789
2026-09-28,2026-09-27T21:23:00Z,Deep,Sleep,0,128,observedRawSignal,48039CED-8E78-5011-88DA-FC702B0527EA,0000,1,128,1,0,0,0,1,3,128,128,128,128,0,0.0,1.0,0.0,0,0,0,3,1,5,128,128,128,128,0,0.0,1.0,0.0,0,0,0,5,1,10,128,128.0,128,128,0,0.0,1.0,0.0,0,0,0,10,1,30,128.4,128.0,128,134,6,1.3063945294843617,0.9,0.09999999999999998,0.8275862068965517,6,6,11,0,0,,[],0,0,,[],53.0,0.10018806161207627,0.9949685182509117
2026-09-28,2026-09-27T21:24:00Z,Deep,Sleep,0,128,observedRawSignal,48039CED-8E78-5011-88DA-FC702B0527EA,0000,1,128,1,0,0,0,1,3,128,128,128,128,0,0.0,1.0,0.0,0,0,0,3,1,5,128,128,128,128,0,0.0,1.0,0.0,0,0,0,5,1,10,128,128.0,128,128,0,0.0,1.0,0.0,0,0,0,10,1,30,128.4,128.0,128,134,6,1.3063945294843617,0.9,0.09999999999999998,0.6206896551724138,6,5,12,0,0,,[],0,0,,[],54.0,0.10452846326765346,0.9945218953682733
2026-09-28,2026-09-27T21:25:00Z,Deep,Sleep,0,128,observedRawSignal,48039CED-8E78-5011-88DA-FC702B0527EA,0000,1,128,1,0,0,0,1,3,128,128,128,128,0,0.0,1.0,0.0,0,0,0,3,1,5,128,128,128,128,0,0.0,1.0,0.0,0,0,0,5,1,10,128,128.0,128,128,0,0.0,1.0,0.0,0,0,0,10,1,30,128.2,128.0,128,132,4,0.7916228058025279,0.9333333333333333,0.06666666666666665,0.41379310344827586,4,4,13,0,0,,[],0,0,,[],55.0,0.10886687485196457,0.9940563382223196
2026-09-28,2026-09-27T21:26:00Z,Deep,Sleep,0,128,observedRawSignal,48039CED-8E78-5011-88DA-FC702B0527EA,0000,1,128,1,0,0,0,1,3,128,128,128,128,0,0.0,1.0,0.0,0,0,0,3,1,5,128,128,128,128,0,0.0,1.0,0.0,0,0,0,5,1,10,128,128.0,128,128,0,0.0,1.0,0.0,0,0,0,10,1,30,128.2,128.0,128,132,4,0.7916228058025279,0.9333333333333333,0.06666666666666665,0.41379310344827586,4,4,14,0,0,,[],0,0,,[],56.0,0.11320321376790672,0.9935718556765875
2026-09-28,2026-09-27T21:27:00Z,Deep,Sleep,0,138,observedRawSignal,48039CED-8E78-5011-88DA-FC702B0527EA,0000,1,138,0,10,10,10,1,3,131.33333333333334,128,128,138,10,4.714045207910317,0.6666666666666666,0.33333333333333337,5,10,1,2,1,5,130,128,128,138,10,4.0,0.8,0.19999999999999996,2.5,10,1,4,1,10,129,128.0,128,138,10,3.0,0.9,0.09999999999999998,1.1111111111111112,10,1,9,1,30,128.53333333333333,128.0,128,138,10,1.9275776393067947,0.9,0.09999999999999998,0.7586206896551724,10,5,14,0,0,,[],0,0,,[],57.0,0.11753739745783764,0.9930684569549263
2026-09-28,2026-09-27T21:28:00Z,Core,Sleep,0,128,observedRawSignal,48039CED-8E78-5011-88DA-FC702B0527EA,0000,1,128,1,0,-10,10,1,3,131.33333333333334,128,128,138,10,4.714045207910317,0.6666666666666666,0.33333333333333337,10,10,2,1,1,5,130,128,128,138,10,4.0,0.8,0.19999999999999996,5,10,2,3,1,10,129,128.0,128,138,10,3.0,0.9,0.09999999999999998,2.2222222222222223,10,2,8,1,30,128.53333333333333,128.0,128,138,10,1.9275776393067947,0.9,0.09999999999999998,1.103448275862069,10,6,14,0,0,,[],0,0,,[],58.0,0.12186934340514748,0.992546151641322
2026-09-28,2026-09-27T21:29:00Z,Core,Sleep,0,128,observedRawSignal,48039CED-8E78-5011-88DA-FC702B0527EA,0000,1,128,1,0,0,0,1,3,131.33333333333334,128,128,138,10,4.714045207910317,0.6666666666666666,0.33333333333333337,5,10,1,2,1,5,130,128,128,138,10,4.0,0.8,0.19999999999999996,5,10,2,2,1,10,129,128.0,128,138,10,3.0,0.9,0.09999999999999998,2.2222222222222223,10,2,7,1,30,128.53333333333333,128.0,128,138,10,1.9275776393067947,0.9,0.09999999999999998,1.103448275862069,10,6,14,0,0,,[],0,0,,[],59.0,0.12619896913582976,0.992004949679715
2026-09-28,2026-09-27T21:30:00Z,Core,Sleep,0,128,observedRawSignal,48039CED-8E78-5011-88DA-FC702B0527EA,0000,1,128,1,0,0,0,1,3,128,128,128,128,0,0.0,1.0,0.0,0,0,0,3,1,5,130,128,128,138,10,4.0,0.8,0.19999999999999996,5,10,2,3,1,10,129,128.0,128,138,10,3.0,0.9,0.09999999999999998,2.2222222222222223,10,2,6,1,30,128.53333333333333,128.0,128,138,10,1.9275776393067947,0.9,0.09999999999999998,1.103448275862069,10,6,14,0,0,,[],0,0,,[],60.0,0.13052619222005157,0.9914448613738104
2026-09-28,2026-09-27T21:31:00Z,Core,Sleep,0,138,observedRawSignal,48039CED-8E78-5011-88DA-FC702B0527EA,0000,1,138,0,10,10,10,1,3,131.33333333333334,128,128,138,10,4.714045207910317,0.6666666666666666,0.33333333333333337,5,10,1,2,1,5,132,128,128,138,10,4.898979485566356,0.6,0.4,5,10,2,3,1,10,130,128.0,128,138,10,4.0,0.8,0.19999999999999996,3.3333333333333335,10,3,5,1,30,128.86666666666667,128.0,128,138,10,2.565584187319181,0.8666666666666667,0.1333333333333333,1.4482758620689655,10,7,14,0,0,,[],0,0,,[],61.0,0.134850930273723,0.9908658973868822
2026-09-28,2026-09-27T21:32:00Z,Core,Sleep,0,128,observedRawSignal,48039CED-8E78-5011-88DA-FC702B0527EA,0000,1,128,1,0,-10,10,1,3,131.33333333333334,128,128,138,10,4.714045207910317,0.6666666666666666,0.33333333333333337,10,10,2,1,1,5,130,128,128,138,10,4.0,0.8,0.19999999999999996,5,10,2,3,1,10,130,128.0,128,138,10,4.0,0.8,0.19999999999999996,4.444444444444445,10,4,4,1,30,128.86666666666667,128.0,128,138,10,2.565584187319181,0.8666666666666667,0.1333333333333333,1.793103448275862,10,8,14,0,0,,[],0,0,,[],62.0,0.13917310096006544,0.9902680687415704
2026-09-28,2026-09-27T21:33:00Z,Core,Sleep,0,128,observedRawSignal,48039CED-8E78-5011-88DA-FC702B0527EA,0000,1,128,1,0,0,0,1,3,131.33333333333334,128,128,138,10,4.714045207910317,0.6666666666666666,0.33333333333333337,5,10,1,2,1,5,130,128,128,138,10,4.0,0.8,0.19999999999999996,5,10,2,2,1,10,130,128.0,128,138,10,4.0,0.8,0.19999999999999996,4.444444444444445,10,4,3,1,30,128.86666666666667,128.0,128,138,10,2.565584187319181,0.8666666666666667,0.1333333333333333,1.793103448275862,10,8,14,0,0,,[],0,0,,[],63.0,0.14349262199117932,0.9896513868196702
2026-09-28,2026-09-27T21:34:00Z,Core,Sleep,0,128,observedRawSignal,48039CED-8E78-5011-88DA-FC702B0527EA,0000,1,128,1,0,0,0,1,3,128,128,128,128,0,0.0,1.0,0.0,0,0,0,3,1,5,130,128,128,138,10,4.0,0.8,0.19999999999999996,5,10,2,3,1,10,130,128.0,128,138,10,4.0,0.8,0.19999999999999996,4.444444444444445,10,4,3,1,30,128.86666666666667,128.0,128,138,10,2.565584187319181,0.8666666666666667,0.1333333333333333,1.7241379310344827,10,7,14,0,0,,[],0,0,,[],64.0,0.14780941112961063,0.9890158633619168
2026-09-28,2026-09-27T21:35:00Z,Core,Sleep,0,128,observedRawSignal,48039CED-8E78-5011-88DA-FC702B0527EA,0000,1,128,1,0,0,0,1,3,128,128,128,128,0,0.0,1.0,0.0,0,0,0,3,1,5,130,128,128,138,10,4.0,0.8,0.19999999999999996,2.5,10,1,4,1,10,130,128.0,128,138,10,4.0,0.8,0.19999999999999996,4.444444444444445,10,4,4,1,30,128.8,128.0,128,138,10,2.5612496949731396,0.9,0.09999999999999998,1.6551724137931034,10,6,14,1,1,66,"[""2b88ce5a77db27c457f66350e08628d3e4efa6f029a54e5a785cd9b0c79a0016""]",1,1,10,"[""9e81ea1c4542be077d0baa3f7aa479ae19a82229390cb0a76791e29ddc183e76""]",65.0,0.1521233861899167,0.9883615104677607
2026-09-28,2026-09-27T21:36:00Z,Core,Sleep,0,128,observedRawSignal,48039CED-8E78-5011-88DA-FC702B0527EA,0000,1,128,1,0,0,0,1,3,128,128,128,128,0,0.0,1.0,0.0,0,0,0,3,1,5,128,128,128,128,0,0.0,1.0,0.0,0,0,0,5,1,10,130,128.0,128,138,10,4.0,0.8,0.19999999999999996,3.3333333333333335,10,3,5,1,30,128.8,128.0,128,138,10,2.5612496949731396,0.9,0.09999999999999998,1.6551724137931034,10,6,14,0,0,,[],0,0,,[],66.0,0.15643446504023087,0.9876883405951378
2026-09-28,2026-09-27T21:37:00Z,Core,Sleep,0,128,observedRawSignal,48039CED-8E78-5011-88DA-FC702B0527EA,0000,1,128,1,0,0,0,1,3,128,128,128,128,0,0.0,1.0,0.0,0,0,0,3,1,5,128,128,128,128,0,0.0,1.0,0.0,0,0,0,5,1,10,129,128.0,128,138,10,3.0,0.9,0.09999999999999998,2.2222222222222223,10,2,6,1,30,128.8,128.0,128,138,10,2.5612496949731396,0.9,0.09999999999999998,1.6551724137931034,10,6,14,0,0,,[],0,0,,[],67.0,0.1607425656038261,0.9869963665602319
2026-09-28,2026-09-27T21:38:00Z,Core,Sleep,0,128,observedRawSignal,48039CED-8E78-5011-88DA-FC702B0527EA,0000,1,128,1,0,0,0,1,3,128,128,128,128,0,0.0,1.0,0.0,0,0,0,3,1,5,128,128,128,128,0,0.0,1.0,0.0,0,0,0,5,1,10,129,128.0,128,138,10,3.0,0.9,0.09999999999999998,2.2222222222222223,10,2,7,1,30,128.8,128.0,128,138,10,2.5612496949731396,0.9,0.09999999999999998,1.6551724137931034,10,6,14,0,0,,[],0,0,,[],68.0,0.16504760586067763,0.9862856015372314
2026-09-28,2026-09-27T21:39:00Z,Core,Sleep,0,128,observedRawSignal,48039CED-8E78-5011-88DA-FC702B0527EA,0000,1,128,1,0,0,0,1,3,128,128,128,128,0,0.0,1.0,0.0,0,0,0,3,1,5,128,128,128,128,0,0.0,1.0,0.0,0,0,0,5,1,10,129,128.0,128,138,10,3.0,0.9,0.09999999999999998,2.2222222222222223,10,2,8,1,30,128.8,128.0,128,138,10,2.5612496949731396,0.9,0.09999999999999998,1.6551724137931034,10,6,14,0,0,,[],0,0,,[],69.0,0.1693495038490246,0.9855560590580777
2026-09-28,2026-09-27T21:40:00Z,Core,Sleep,0,128,observedRawSignal,48039CED-8E78-5011-88DA-FC702B0527EA,0000,1,128,1,0,0,0,1,3,128,128,128,128,0,0.0,1.0,0.0,0,0,0,3,1,5,128,128,128,128,0,0.0,1.0,0.0,0,0,0,5,1,10,129,128.0,128,138,10,3.0,0.9,0.09999999999999998,1.1111111111111112,10,1,9,1,30,128.8,128.0,128,138,10,2.5612496949731396,0.9,0.09999999999999998,1.6551724137931034,10,6,14,0,0,,[],0,0,,[],70.0,0.17364817766693033,0.984807753012208
2026-09-28,2026-09-27T21:41:00Z,Core,Sleep,0,128,observedRawSignal,48039CED-8E78-5011-88DA-FC702B0527EA,0000,1,128,1,0,0,0,1,3,128,128,128,128,0,0.0,1.0,0.0,0,0,0,3,1,5,128,128,128,128,0,0.0,1.0,0.0,0,0,0,5,1,10,128,128.0,128,128,0,0.0,1.0,0.0,0,0,0,10,1,30,128.8,128.0,128,138,10,2.5612496949731396,0.9,0.09999999999999998,1.5172413793103448,10,5,14,0,0,,[],0,0,,[],71.0,0.17794354547384172,0.9840406976462909
2026-09-28,2026-09-27T21:42:00Z,Deep,Sleep,0,128,observedRawSignal,48039CED-8E78-5011-88DA-FC702B0527EA,0000,1,128,1,0,0,0,1,3,128,128,128,128,0,0.0,1.0,0.0,0,0,0,3,1,5,128,128,128,128,0,0.0,1.0,0.0,0,0,0,5,1,10,128,128.0,128,128,0,0.0,1.0,0.0,0,0,0,10,1,30,128.66666666666666,128.0,128,138,10,2.494438257849294,0.9333333333333333,0.06666666666666665,1.3793103448275863,10,4,14,0,0,,[],0,0,,[],72.0,0.18223552549214747,0.9832549075639546
2026-09-28,2026-09-27T21:43:00Z,Deep,Sleep,0,128,observedRawSignal,48039CED-8E78-5011-88DA-FC702B0527EA,0000,1,128,1,0,0,0,1,3,128,128,128,128,0,0.0,1.0,0.0,0,0,0,3,1,5,128,128,128,128,0,0.0,1.0,0.0,0,0,0,5,1,10,128,128.0,128,128,0,0.0,1.0,0.0,0,0,0,10,1,30,128.66666666666666,128.0,128,138,10,2.494438257849294,0.9333333333333333,0.06666666666666665,1.3793103448275863,10,4,13,0,0,,[],0,0,,[],73.0,0.1865240360087346,0.9824503977255098
2026-09-28,2026-09-27T21:44:00Z,Deep,Sleep,0,128,observedRawSignal,48039CED-8E78-5011-88DA-FC702B0527EA,0000,1,128,1,0,0,0,1,3,128,128,128,128,0,0.0,1.0,0.0,0,0,0,3,1,5,128,128,128,128,0,0.0,1.0,0.0,0,0,0,5,1,10,128,128.0,128,128,0,0.0,1.0,0.0,0,0,0,10,1,30,128.66666666666666,128.0,128,138,10,2.494438257849294,0.9333333333333333,0.06666666666666665,1.3793103448275863,10,4,13,0,0,,[],0,0,,[],74.0,0.1908089953765448,0.981627183447664
2026-09-28,2026-09-27T21:45:00Z,Deep,Sleep,0,128,observedRawSignal,48039CED-8E78-5011-88DA-FC702B0527EA,0000,1,128,1,0,0,0,1,3,128,128,128,128,0,0.0,1.0,0.0,0,0,0,3,1,5,128,128,128,128,0,0.0,1.0,0.0,0,0,0,5,1,10,128,128.0,128,128,0,0.0,1.0,0.0,0,0,0,10,1,30,128.66666666666666,128.0,128,138,10,2.494438257849294,0.9333333333333333,0.06666666666666665,1.3793103448275863,10,4,14,0,0,,[],0,0,,[],75.0,0.19509032201612825,0.9807852804032304
2026-09-28,2026-09-27T21:46:00Z,Deep,Sleep,0,143,observedRawSignal,48039CED-8E78-5011-88DA-FC702B0527EA,0000,1,143,0,15,15,15,1,3,133,128,128,143,15,7.0710678118654755,0.6666666666666666,0.33333333333333337,7.5,15,1,2,1,5,131,128,128,143,15,6.0,0.8,0.19999999999999996,3.75,15,1,4,1,10,129.5,128.0,128,143,15,4.5,0.9,0.09999999999999998,1.6666666666666667,15,1,9,1,30,129.16666666666666,128.0,128,143,15,3.5784850922639815,0.9,0.09999999999999998,1.896551724137931,15,5,14,0,0,,[],0,0,,[],76.0,0.19936793441719716,0.9799247046208296
2026-09-28,2026-09-27T21:47:00Z,Core,Sleep,0,128,observedRawSignal,48039CED-8E78-5011-88DA-FC702B0527EA,0000,1,128,1,0,-15,15,1,3,133,128,128,143,15,7.0710678118654755,0.6666666666666666,0.33333333333333337,15,15,2,1,1,5,131,128,128,143,15,6.0,0.8,0.19999999999999996,7.5,15,2,3,1,10,129.5,128.0,128,143,15,4.5,0.9,0.09999999999999998,3.3333333333333335,15,2,8,1,30,129.16666666666666,128.0,128,143,15,3.5784850922639815,0.9,0.09999999999999998,2.413793103448276,15,6,14,0,0,,[],0,0,,[],77.0,0.2036417511401775,0.9790454724845838
2026-09-28,2026-09-27T21:48:00Z,Core,Sleep,0,128,observedRawSignal,48039CED-8E78-5011-88DA-FC702B0527EA,0000,1,128,1,0,0,0,1,3,133,128,128,143,15,7.0710678118654755,0.6666666666666666,0.33333333333333337,7.5,15,1,2,1,5,131,128,128,143,15,6.0,0.8,0.19999999999999996,7.5,15,2,2,1,10,129.5,128.0,128,143,15,4.5,0.9,0.09999999999999998,3.3333333333333335,15,2,7,1,30,129.16666666666666,128.0,128,143,15,3.5784850922639815,0.9,0.09999999999999998,2.413793103448276,15,6,14,0,0,,[],0,0,,[],78.0,0.20791169081775931,0.9781476007338057
2026-09-28,2026-09-27T21:49:00Z,Core,Sleep,0,128,observedRawSignal,48039CED-8E78-5011-88DA-FC702B0527EA,0000,1,128,1,0,0,0,1,3,128,128,128,128,0,0.0,1.0,0.0,0,0,0,3,1,5,131,128,128,143,15,6.0,0.8,0.19999999999999996,7.5,15,2,3,1,10,129.5,128.0,128,143,15,4.5,0.9,0.09999999999999998,3.3333333333333335,15,2,6,1,30,129.16666666666666,128.0,128,143,15,3.5784850922639815,0.9,0.09999999999999998,2.413793103448276,15,6,14,0,0,,[],0,0,,[],79.0,0.21217767215644626,0.9772311064626789
2026-09-28,2026-09-27T21:50:00Z,Core,Sleep,0,128,observedRawSignal,48039CED-8E78-5011-88DA-FC702B0527EA,0000,1,128,1,0,0,0,1,3,128,128,128,128,0,0.0,1.0,0.0,0,0,0,3,1,5,131,128,128,143,15,6.0,0.8,0.19999999999999996,3.75,15,1,4,1,10,129.5,128.0,128,143,15,4.5,0.9,0.09999999999999998,3.3333333333333335,15,2,5,1,30,129.16666666666666,128.0,128,143,15,3.5784850922639815,0.9,0.09999999999999998,2.413793103448276,15,6,14,0,0,,[],0,0,,[],80.0,0.21643961393810288,0.9762960071199334
2026-09-28,2026-09-27T21:51:00Z,Core,Sleep,0,128,observedRawSignal,48039CED-8E78-5011-88DA-FC702B0527EA,0000,1,128,1,0,0,0,1,3,128,128,128,128,0,0.0,1.0,0.0,0,0,0,3,1,5,128,128,128,128,0,0.0,1.0,0.0,0,0,0,5,1,10,129.5,128.0,128,143,15,4.5,0.9,0.09999999999999998,3.3333333333333335,15,2,5,1,30,129.16666666666666,128.0,128,143,15,3.5784850922639815,0.9,0.09999999999999998,2.413793103448276,15,6,14,0,0,,[],0,0,,[],81.0,0.22069743502150108,0.9753423205085127
2026-09-28,2026-09-27T21:52:00Z,Core,Sleep,0,128,observedRawSignal,48039CED-8E78-5011-88DA-FC702B0527EA,0000,1,128,1,0,0,0,1,3,128,128,128,128,0,0.0,1.0,0.0,0,0,0,3,1,5,128,128,128,128,0,0.0,1.0,0.0,0,0,0,5,1,10,129.5,128.0,128,143,15,4.5,0.9,0.09999999999999998,3.3333333333333335,15,2,6,1,30,129.16666666666666,128.0,128,143,15,3.5784850922639815,0.9,0.09999999999999998,2.413793103448276,15,6,14,0,0,,[],0,0,,[],82.0,0.224951054343865,0.9743700647852352
2026-09-28,2026-09-27T21:53:00Z,Core,Sleep,0,128,observedRawSignal,48039CED-8E78-5011-88DA-FC702B0527EA,0000,1,128,1,0,0,0,1,3,128,128,128,128,0,0.0,1.0,0.0,0,0,0,3,1,5,128,128,128,128,0,0.0,1.0,0.0,0,0,0,5,1,10,129.5,128.0,128,143,15,4.5,0.9,0.09999999999999998,3.3333333333333335,15,2,7,1,30,129.16666666666666,128.0,128,143,15,3.5784850922639815,0.9,0.09999999999999998,2.413793103448276,15,6,14,0,0,,[],0,0,,[],83.0,0.22920039092241415,0.9733792584604485
2026-09-28,2026-09-27T21:54:00Z,Core,Sleep,0,128,observedRawSignal,48039CED-8E78-5011-88DA-FC702B0527EA,0000,1,128,1,0,0,0,1,3,128,128,128,128,0,0.0,1.0,0.0,0,0,0,3,1,5,128,128,128,128,0,0.0,1.0,0.0,0,0,0,5,1,10,129.5,128.0,128,143,15,4.5,0.9,0.09999999999999998,3.3333333333333335,15,2,8,1,30,129.16666666666666,128.0,128,143,15,3.5784850922639815,0.9,0.09999999999999998,2.413793103448276,15,6,14,0,0,,[],0,0,,[],84.0,0.2334453638559054,0.9723699203976766
2026-09-28,2026-09-27T21:55:00Z,Core,Sleep,0,128,observedRawSignal,48039CED-8E78-5011-88DA-FC702B0527EA,0000,1,128,1,0,0,0,1,3,128,128,128,128,0,0.0,1.0,0.0,0,0,0,3,1,5,128,128,128,128,0,0.0,1.0,0.0,0,0,0,5,1,10,129.5,128.0,128,143,15,4.5,0.9,0.09999999999999998,1.6666666666666667,15,1,9,1,30,129.16666666666666,128.0,128,143,15,3.5784850922639815,0.9,0.09999999999999998,2.413793103448276,15,6,14,0,0,,[],0,0,,[],85.0,0.2376858923261731,0.9713420698132614
2026-09-28,2026-09-27T21:56:00Z,Core,Sleep,0,128,observedRawSignal,48039CED-8E78-5011-88DA-FC702B0527EA,0000,1,128,1,0,0,0,1,3,128,128,128,128,0,0.0,1.0,0.0,0,0,0,3,1,5,128,128,128,128,0,0.0,1.0,0.0,0,0,0,5,1,10,128,128.0,128,128,0,0.0,1.0,0.0,0,0,0,10,1,30,129.16666666666666,128.0,128,143,15,3.5784850922639815,0.9,0.09999999999999998,2.0689655172413794,15,5,14,0,0,,[],0,0,,[],86.0,0.24192189559966773,0.9702957262759965
2026-09-28,2026-09-27T21:57:00Z,REM,Sleep,0,128,observedRawSignal,48039CED-8E78-5011-88DA-FC702B0527EA,0000,1,128,1,0,0,0,1,3,128,128,128,128,0,0.0,1.0,0.0,0,0,0,3,1,5,128,128,128,128,0,0.0,1.0,0.0,0,0,0,5,1,10,128,128.0,128,128,0,0.0,1.0,0.0,0,0,0,10,1,30,128.83333333333334,128.0,128,143,15,3.1841621957571333,0.9333333333333333,0.06666666666666665,1.7241379310344827,15,4,14,0,0,,[],0,0,,[],87.0,0.24615329302899303,0.9692309097067544
2026-09-28,2026-09-27T21:58:00Z,REM,Sleep,0,128,observedRawSignal,48039CED-8E78-5011-88DA-FC702B0527EA,0000,1,128,1,0,0,0,1,3,128,128,128,128,0,0.0,1.0,0.0,0,0,0,3,1,5,128,128,128,128,0,0.0,1.0,0.0,0,0,0,5,1,10,128,128.0,128,128,0,0.0,1.0,0.0,0,0,0,10,1,30,128.83333333333334,128.0,128,143,15,3.1841621957571333,0.9333333333333333,0.06666666666666665,1.7241379310344827,15,4,14,0,0,,[],0,0,,[],88.0,0.25038000405444144,0.9681476403781077
2026-09-28,2026-09-27T21:59:00Z,REM,Sleep,0,128,observedRawSignal,48039CED-8E78-5011-88DA-FC702B0527EA,0000,1,128,1,0,0,0,1,3,128,128,128,128,0,0.0,1.0,0.0,0,0,0,3,1,5,128,128,128,128,0,0.0,1.0,0.0,0,0,0,5,1,10,128,128.0,128,128,0,0.0,1.0,0.0,0,0,0,10,1,30,128.83333333333334,128.0,128,143,15,3.1841621957571333,0.9333333333333333,0.06666666666666665,1.7241379310344827,15,4,14,0,0,,[],0,0,,[],89.0,0.25460194820552756,0.9670459389139432
2026-09-28,2026-09-27T22:00:00Z,REM,Sleep,0,128,observedRawSignal,48039CED-8E78-5011-88DA-FC702B0527EA,0000,1,128,1,0,0,0,1,3,128,128,128,128,0,0.0,1.0,0.0,0,0,0,3,1,5,128,128,128,128,0,0.0,1.0,0.0,0,0,0,5,1,10,128,128.0,128,128,0,0.0,1.0,0.0,0,0,0,10,1,30,128.83333333333334,128.0,128,143,15,3.1841621957571333,0.9333333333333333,0.06666666666666665,1.3793103448275863,15,3,14,0,0,,[],0,0,,[],90.0,0.25881904510252074,0.9659258262890683
2026-09-28,2026-09-27T22:01:00Z,REM,Sleep,0,128,observedRawSignal,48039CED-8E78-5011-88DA-FC702B0527EA,0000,1,128,1,0,0,0,1,3,128,128,128,128,0,0.0,1.0,0.0,0,0,0,3,1,5,128,128,128,128,0,0.0,1.0,0.0,0,0,0,5,1,10,128,128.0,128,128,0,0.0,1.0,0.0,0,0,0,10,1,30,128.5,128.0,128,143,15,2.692582403567252,0.9666666666666667,0.033333333333333326,1.0344827586206897,15,2,15,0,0,,[],0,0,,[],91.0,0.2630312144579748,0.964787323828813
2026-09-28,2026-09-27T22:02:00Z,REM,Sleep,0,128,observedRawSignal,48039CED-8E78-5011-88DA-FC702B0527EA,0000,1,128,1,0,0,0,1,3,128,128,128,128,0,0.0,1.0,0.0,0,0,0,3,1,5,128,128,128,128,0,0.0,1.0,0.0,0,0,0,5,1,10,128,128.0,128,128,0,0.0,1.0,0.0,0,0,0,10,1,30,128.5,128.0,128,143,15,2.692582403567252,0.9666666666666667,0.033333333333333326,1.0344827586206897,15,2,16,0,0,,[],0,0,,[],92.0,0.26723837607825685,0.963630453208623
2026-09-28,2026-09-27T22:03:00Z,REM,Sleep,0,128,observedRawSignal,48039CED-8E78-5011-88DA-FC702B0527EA,0000,1,128,1,0,0,0,1,3,128,128,128,128,0,0.0,1.0,0.0,0,0,0,3,1,5,128,128,128,128,0,0.0,1.0,0.0,0,0,0,5,1,10,128,128.0,128,128,0,0.0,1.0,0.0,0,0,0,10,1,30,128.5,128.0,128,143,15,2.692582403567252,0.9666666666666667,0.033333333333333326,1.0344827586206897,15,2,17,0,0,,[],0,0,,[],93.0,0.27144044986507426,0.9624552364536473
2026-09-28,2026-09-27T22:04:00Z,REM,Sleep,0,164,observedRawSignal,48039CED-8E78-5011-88DA-FC702B0527EA,0000,1,164,0,36,36,36,1,3,140,128,128,164,36,16.97056274847714,0.6666666666666666,0.33333333333333337,18,36,1,2,1,5,135.2,128,128,164,36,14.4,0.8,0.19999999999999996,9,36,1,4,1,10,131.6,128.0,128,164,36,10.8,0.9,0.09999999999999998,4,36,1,9,1,30,129.7,128.0,128,164,36,6.9144775652250114,0.9333333333333333,0.06666666666666665,2.2758620689655173,36,3,17,0,0,,[],0,0,,[],94.0,0.27563735581699916,0.9612616959383189
2026-09-28,2026-09-27T22:05:00Z,REM,Sleep,0,128,observedRawSignal,48039CED-8E78-5011-88DA-FC702B0527EA,0000,1,128,1,0,-36,36,1,3,140,128,128,164,36,16.97056274847714,0.6666666666666666,0.33333333333333337,36,36,2,1,1,5,135.2,128,128,164,36,14.4,0.8,0.19999999999999996,18,36,2,3,1,10,131.6,128.0,128,164,36,10.8,0.9,0.09999999999999998,8,36,2,8,1,30,129.7,128.0,128,164,36,6.9144775652250114,0.9333333333333333,0.06666666666666665,3.5172413793103448,36,4,17,1,1,62,"[""d14558ba956609ae1d9f73ca4895356edf998993034bcc0615d61c4a30f7e392""]",1,1,14,"[""86a82f9eb776228ee3f6667a05415c21c7b67e07842696a039cb3140d6ecab84""]",95.0,0.2798290140309921,0.9600498543859287
2026-09-28,2026-09-27T22:06:00Z,REM,Sleep,0,130,observedRawSignal,48039CED-8E78-5011-88DA-FC702B0527EA,0000,1,130,0,2,2,2,1,3,140.66666666666666,130,128,164,36,16.519348924485158,0.3333333333333333,0.6666666666666667,19,36,2,1,1,5,135.6,128,128,164,36,14.221111067704943,0.6,0.4,18.5,36,3,2,1,10,131.8,128.0,128,164,36,10.74988372030135,0.8,0.19999999999999996,8.222222222222221,36,3,7,1,30,129.76666666666668,128.0,128,164,36,6.907403435606047,0.9,0.09999999999999998,3.586206896551724,36,5,17,0,0,,[],0,0,,[],96.0,0.28401534470392265,0.958819734868193
2026-09-28,2026-09-27T22:07:00Z,REM,Sleep,0,128,observedRawSignal,48039CED-8E78-5011-88DA-FC702B0527EA,0000,1,128,1,0,-2,2,1,3,128.66666666666666,128,128,130,2,0.9428090415820634,0.6666666666666666,0.33333333333333337,2,2,2,1,1,5,135.6,128,128,164,36,14.221111067704943,0.6,0.4,19,36,4,1,1,10,131.8,128.0,128,164,36,10.74988372030135,0.8,0.19999999999999996,8.444444444444445,36,4,6,1,30,129.76666666666668,128.0,128,164,36,6.907403435606047,0.9,0.09999999999999998,3.6551724137931036,36,6,17,0,0,,[],0,0,,[],97.0,0.2881962681340893,0.9575713608048144
2026-09-28,2026-09-27T22:08:00Z,REM,Sleep,0,134,observedRawSignal,48039CED-8E78-5011-88DA-FC702B0527EA,0000,1,134,0,6,6,6,1,3,130.66666666666666,130,128,134,6,2.494438257849294,0.3333333333333333,0.6666666666666667,4,6,2,1,1,5,136.8,130,128,164,36,13.775340286178052,0.4,0.6,11.5,36,4,1,1,10,132.4,128.0,128,164,36,10.68831137270991,0.7,0.30000000000000004,9.11111111111111,36,5,5,1,30,129.96666666666667,128.0,128,164,36,6.940140888739619,0.8666666666666667,0.1333333333333333,3.8620689655172415,36,7,17,0,0,,[],0,0,,[],98.0,0.29237170472273677,0.9563047559630354
2026-09-28,2026-09-27T22:09:00Z,REM,Sleep,0,136,observedRawSignal,48039CED-8E78-5011-88DA-FC702B0527EA,0000,1,136,0,8,2,2,1,3,132.66666666666666,134,128,136,8,3.39934634239519,0.3333333333333333,0.6666666666666667,4,6,2,1,1,5,131.2,130,128,136,8,3.249615361854384,0.4,0.6,3,6,4,1,1,10,133.2,128.0,128,164,36,10.628264204469138,0.6,0.4,9.333333333333334,36,6,4,1,30,130.23333333333332,128.0,128,164,36,7.01276613676008,0.8333333333333334,0.16666666666666663,3.9310344827586206,36,8,17,0,0,,[],0,0,,[],99.0,0.29654157497557093,0.9550199444571866
2026-09-28,2026-09-27T22:10:00Z,Core,Sleep,0,128,observedRawSignal,48039CED-8E78-5011-88DA-FC702B0527EA,0000,1,128,1,0,-8,8,1,3,132.66666666666666,134,128,136,8,3.39934634239519,0.3333333333333333,0.6666666666666667,5,8,2,1,1,5,131.2,130,128,136,8,3.249615361854384,0.4,0.6,4.5,8,4,1,1,10,133.2,128.0,128,164,36,10.628264204469138,0.6,0.4,10.222222222222221,36,7,3,1,30,130.23333333333332,128.0,128,164,36,7.01276613676008,0.8333333333333334,0.16666666666666663,4.206896551724138,36,9,17,0,0,,[],0,0,,[],100.0,0.3007057995042731,0.9537169507482269
2026-09-28,2026-09-27T22:11:00Z,Core,Sleep,0,128,observedRawSignal,48039CED-8E78-5011-88DA-FC702B0527EA,0000,1,128,1,0,0,0,1,3,130.66666666666666,128,128,136,8,3.7712361663282534,0.6666666666666666,0.33333333333333337,4,8,1,2,1,5,130.8,128,128,136,8,3.4871191548325386,0.6,0.4,4,8,3,2,1,10,133.2,128.0,128,164,36,10.628264204469138,0.6,0.4,10.222222222222221,36,7,2,1,30,130.23333333333332,128.0,128,164,36,7.01276613676008,0.8333333333333334,0.16666666666666663,4.206896551724138,36,9,17,0,0,,[],0,0,,[],101.0,0.30486429902801077,0.9523957996432784
2026-09-28,2026-09-27T22:12:00Z,Core,Sleep,0,139,observedRawSignal,48039CED-8E78-5011-88DA-FC702B0527EA,0000,1,139,0,11,11,11,1,3,131.66666666666666,128,128,139,11,5.185449728701348,0.6666666666666666,0.33333333333333337,5.5,11,1,2,1,5,133,134,128,139,11,4.381780460041329,0.4,0.6,5.25,11,3,2,1,10,134.3,129.0,128,164,36,10.602358228243375,0.5,0.5,11.444444444444445,36,8,2,1,30,130.6,128.0,128,164,36,7.172168430816443,0.8,0.19999999999999996,4.586206896551724,36,10,17,0,0,,[],0,0,,[],102.0,0.3090169943749474,0.9510565162951535
2026-09-28,2026-09-27T22:13:00Z,Core,Sleep,0,152,observedRawSignal,48039CED-8E78-5011-88DA-FC702B0527EA,0000,1,152,0,24,13,13,1,3,139.66666666666666,139,128,152,24,9.809292646374773,0.3333333333333333,0.6666666666666667,12,13,2,1,1,5,136.6,136,128,152,24,8.845337754998392,0.4,0.6,8,13,3,2,1,10,136.7,132.0,128,164,36,11.576268828944842,0.4,0.6,8.88888888888889,36,8,2,1,30,131.4,128.0,128,164,36,8.114185110040317,0.7666666666666667,0.23333333333333328,5.0344827586206895,36,11,17,0,0,,[],0,0,,[],103.0,0.31316380648374953,0.949699126201877
2026-09-28,2026-09-27T22:14:00Z,Core,Sleep,0,149,observedRawSignal,48039CED-8E78-5011-88DA-FC702B0527EA,0000,1,149,0,21,-3,3,1,3,146.66666666666666,149,139,152,13,5.557777333511022,0.0,1.0,8,13,2,0,1,5,139.2,139,128,152,24,10.107423014794621,0.4,0.6,6.75,13,3,2,1,10,135.2,132.0,128,152,24,8.506468127254696,0.4,0.6,5.222222222222222,13,8,2,1,30,132.1,128.0,128,164,36,8.676981041814026,0.7333333333333333,0.2666666666666667,5.137931034482759,36,12,17,0,0,,[],0,0,,[],104.0,0.31730465640509214,0.9483236552061993
2026-09-28,2026-09-27T22:15:00Z,Core,Sleep,0,128,observedRawSignal,48039CED-8E78-5011-88DA-FC702B0527EA,0000,1,128,1,0,-21,21,1,3,143,149,128,152,24,10.677078252031311,0.3333333333333333,0.6666666666666667,12,21,2,1,1,5,139.2,139,128,152,24,10.107423014794621,0.4,0.6,12,21,4,1,1,10,135.2,132.0,128,152,24,8.506468127254696,0.4,0.6,7.333333333333333,21,8,2,1,30,132.1,128.0,128,164,36,8.676981041814026,0.7333333333333333,0.2666666666666667,5.344827586206897,36,12,17,0,0,,[],0,0,,[],105.0,0.3214394653031616,0.9469301294951057
2026-09-28,2026-09-27T22:16:00Z,Core,Sleep,0,128,observedRawSignal,48039CED-8E78-5011-88DA-FC702B0527EA,0000,1,128,1,0,0,0,1,3,135,128,128,149,21,9.899494936611665,0.6666666666666666,0.33333333333333337,10.5,21,1,2,1,5,139.2,139,128,152,24,10.107423014794621,0.4,0.6,9.25,21,3,2,1,10,135,131.0,128,152,24,8.648699324175862,0.5,0.5,7.111111111111111,21,7,2,1,30,131.6,128.0,128,164,36,8.46404158779953,0.7666666666666667,0.23333333333333328,4.827586206896552,36,11,17,0,0,,[],0,0,,[],106.0,0.32556815445715664,0.9455185755993168
2026-09-28,2026-09-27T22:17:00Z,Core,Sleep,0,128,observedRawSignal,48039CED-8E78-5011-88DA-FC702B0527EA,0000,1,128,1,0,0,0,1,3,128,128,128,128,0,0.0,1.0,0.0,0,0,0,3,1,5,137,128,128,152,24,11.063453348751464,0.6,0.4,6,21,2,3,1,10,135,131.0,128,152,24,8.648699324175862,0.5,0.5,6.444444444444445,21,6,3,1,30,131.6,128.0,128,164,36,8.46404158779953,0.7666666666666667,0.23333333333333328,4.827586206896552,36,11,16,0,0,,[],0,0,,[],107.0,0.3296906452627873,0.9440890203927842
2026-09-28,2026-09-27T22:18:00Z,Core,Sleep,0,128,observedRawSignal,48039CED-8E78-5011-88DA-FC702B0527EA,0000,1,128,1,0,0,0,1,3,128,128,128,128,0,0.0,1.0,0.0,0,0,0,3,1,5,132.2,128,128,149,21,8.4,0.8,0.19999999999999996,5.25,21,1,4,1,10,134.4,128.0,128,152,24,8.901685233707155,0.6,0.4,6.222222222222222,21,5,4,1,30,131.6,128.0,128,164,36,8.46404158779953,0.7666666666666667,0.23333333333333328,4.827586206896552,36,11,15,0,0,,[],0,0,,[],108.0,0.3338068592337709,0.9426414910921784
2026-09-28,2026-09-27T22:19:00Z,Core,Sleep,0,140,observedRawSignal,48039CED-8E78-5011-88DA-FC702B0527EA,0000,1,140,0,12,12,12,1,3,132,128,128,140,12,5.656854249492381,0.6666666666666666,0.33333333333333337,6,12,1,2,1,5,130.4,128,128,140,12,4.8,0.8,0.19999999999999996,3,12,1,4,1,10,134.8,128.0,128,152,24,9.05317623820502,0.6,0.4,6.666666666666667,21,5,4,1,30,132,128.0,128,164,36,8.567379996241558,0.7333333333333333,0.2666666666666667,5.241379310344827,36,12,14,0,0,,[],0,0,,[],109.0,0.33791671800332695,0.9411760152563706
2026-09-28,2026-09-27T22:20:00Z,Core,Sleep,0,128,observedRawSignal,48039CED-8E78-5011-88DA-FC702B0527EA,0000,1,128,1,0,-12,12,1,3,132,128,128,140,12,5.656854249492381,0.6666666666666666,0.33333333333333337,12,12,2,1,1,5,130.4,128,128,140,12,4.8,0.8,0.19999999999999996,6,12,2,3,1,10,134.8,128.0,128,152,24,9.05317623820502,0.6,0.4,8,21,6,4,1,30,132,128.0,128,164,36,8.567379996241558,0.7333333333333333,0.2666666666666667,5.655172413793103,36,13,13,0,0,,[],0,0,,[],110.0,0.3420201433256687,0.9396926207859084
2026-09-28,2026-09-27T22:21:00Z,Core,Sleep,0,128,observedRawSignal,48039CED-8E78-5011-88DA-FC702B0527EA,0000,1,128,1,0,0,0,1,3,132,128,128,140,12,5.656854249492381,0.6666666666666666,0.33333333333333337,6,12,1,2,1,5,130.4,128,128,140,12,4.8,0.8,0.19999999999999996,6,12,2,2,1,10,134.8,128.0,128,152,24,9.05317623820502,0.6,0.4,6.777777777777778,21,5,4,1,30,132,128.0,128,164,36,8.567379996241558,0.7333333333333333,0.2666666666666667,5.655172413793103,36,13,12,0,0,,[],0,0,,[],111.0,0.34611705707749296,0.9381913359224842
2026-09-28,2026-09-27T22:22:00Z,Core,Sleep,0,128,observedRawSignal,48039CED-8E78-5011-88DA-FC702B0527EA,0000,1,128,1,0,0,0,1,3,128,128,128,128,0,0.0,1.0,0.0,0,0,0,3,1,5,130.4,128,128,140,12,4.8,0.8,0.19999999999999996,6,12,2,3,1,10,133.7,128.0,128,152,24,9.143850392476903,0.7,0.30000000000000004,5.333333333333333,21,4,4,1,30,132,128.0,128,164,36,8.567379996241558,0.7333333333333333,0.2666666666666667,5.655172413793103,36,13,11,0,0,,[],0,0,,[],112.0,0.3502073812594674,0.9366721892483977
2026-09-28,2026-09-27T22:23:00Z,Core,Sleep,0,128,observedRawSignal,48039CED-8E78-5011-88DA-FC702B0527EA,0000,1,128,1,0,0,0,1,3,128,128,128,128,0,0.0,1.0,0.0,0,0,0,3,1,5,130.4,128,128,140,12,4.8,0.8,0.19999999999999996,3,12,1,4,1,10,131.3,128.0,128,149,21,6.9,0.8,0.19999999999999996,5,21,3,4,1,30,132,128.0,128,164,36,8.567379996241558,0.7333333333333333,0.2666666666666667,5.655172413793103,36,13,10,0,0,,[],0,0,,[],113.0,0.35429103799771583,0.9351352096860117
2026-09-28,2026-09-27T22:24:00Z,Core,Sleep,0,128,observedRawSignal,48039CED-8E78-5011-88DA-FC702B0527EA,0000,1,128,1,0,0,0,1,3,128,128,128,128,0,0.0,1.0,0.0,0,0,0,3,1,5,128,128,128,128,0,0.0,1.0,0.0,0,0,0,5,1,10,129.2,128.0,128,140,12,3.6,0.9,0.09999999999999998,2.6666666666666665,12,2,5,1,30,132,128.0,128,164,36,8.567379996241558,0.7333333333333333,0.2666666666666667,5.655172413793103,36,13,9,0,0,,[],0,0,,[],114.0,0.35836794954530027,0.9335804264972017
2026-09-28,2026-09-27T22:25:00Z,REM,Sleep,0,137,observedRawSignal,48039CED-8E78-5011-88DA-FC702B0527EA,0000,1,137,0,9,9,9,1,3,131,128,128,137,9,4.242640687119285,0.6666666666666666,0.33333333333333337,4.5,9,1,2,1,5,129.8,128,128,137,9,3.6,0.8,0.19999999999999996,2.25,9,1,4,1,10,130.1,128.0,128,140,12,4.253234063627348,0.8,0.19999999999999996,3.6666666666666665,12,3,5,1,30,132.3,128.0,128,164,36,8.579627031520658,0.7,0.30000000000000004,5.9655172413793105,36,14,8,0,0,,[],0,0,,[],115.0,0.36243803828370164,0.9320078692827986
2026-09-28,2026-09-27T22:26:00Z,REM,Sleep,0,128,observedRawSignal,48039CED-8E78-5011-88DA-FC702B0527EA,0000,1,128,1,0,-9,9,1,3,131,128,128,137,9,4.242640687119285,0.6666666666666666,0.33333333333333337,9,9,2,1,1,5,129.8,128,128,137,9,3.6,0.8,0.19999999999999996,4.5,9,2,3,1,10,130.1,128.0,128,140,12,4.253234063627348,0.8,0.19999999999999996,4.666666666666667,12,4,5,1,30,132.3,128.0,128,164,36,8.579627031520658,0.7,0.30000000000000004,6.275862068965517,36,15,7,0,0,,[],0,0,,[],116.0,0.36650122672429725,0.9304175679820246
2026-09-28,2026-09-27T22:27:00Z,REM,Sleep,0,128,observedRawSignal,48039CED-8E78-5011-88DA-FC702B0527EA,0000,1,128,1,0,0,0,1,3,131,128,128,137,9,4.242640687119285,0.6666666666666666,0.33333333333333337,4.5,9,1,2,1,5,129.8,128,128,137,9,3.6,0.8,0.19999999999999996,4.5,9,2,2,1,10,130.1,128.0,128,140,12,4.253234063627348,0.8,0.19999999999999996,4.666666666666667,12,4,5,1,30,132.3,128.0,128,164,36,8.579627031520658,0.7,0.30000000000000004,6.275862068965517,36,15,6,0,0,,[],0,0,,[],117.0,0.3705574375098362,0.9288095528719242
2026-09-28,2026-09-27T22:28:00Z,REM,Sleep,0,128,observedRawSignal,48039CED-8E78-5011-88DA-FC702B0527EA,0000,1,128,1,0,0,0,1,3,128,128,128,128,0,0.0,1.0,0.0,0,0,0,3,1,5,129.8,128,128,137,9,3.6,0.8,0.19999999999999996,4.5,9,2,3,1,10,130.1,128.0,128,140,12,4.253234063627348,0.8,0.19999999999999996,3.3333333333333335,12,3,5,1,30,132.3,128.0,128,164,36,8.579627031520658,0.7,0.30000000000000004,6.275862068965517,36,15,5,0,0,,[],0,0,,[],118.0,0.374606593415912,0.9271838545667874
2026-09-28,2026-09-27T22:29:00Z,REM,Sleep,0,128,observedRawSignal,48039CED-8E78-5011-88DA-FC702B0527EA,0000,1,128,1,0,0,0,1,3,128,128,128,128,0,0.0,1.0,0.0,0,0,0,3,1,5,129.8,128,128,137,9,3.6,0.8,0.19999999999999996,2.25,9,1,4,1,10,128.9,128.0,128,137,9,2.7,0.9,0.09999999999999998,2,9,2,5,1,30,132.3,128.0,128,164,36,8.579627031520658,0.7,0.30000000000000004,6.275862068965517,36,15,5,0,0,,[],0,0,,[],119.0,0.378648617352433,0.9255405040175664
2026-09-28,2026-09-27T22:30:00Z,REM,Sleep,0,128,observedRawSignal,48039CED-8E78-5011-88DA-FC702B0527EA,0000,1,128,1,0,0,0,1,3,128,128,128,128,0,0.0,1.0,0.0,0,0,0,3,1,5,128,128,128,128,0,0.0,1.0,0.0,0,0,0,5,1,10,128.9,128.0,128,137,9,2.7,0.9,0.09999999999999998,2,9,2,5,1,30,132.3,128.0,128,164,36,8.579627031520658,0.7,0.30000000000000004,6.275862068965517,36,15,5,0,0,,[],0,0,,[],120.0,0.3826834323650898,0.9238795325112867
2026-09-28,2026-09-27T22:31:00Z,REM,Sleep,0,128,observedRawSignal,48039CED-8E78-5011-88DA-FC702B0527EA,0000,1,128,1,0,0,0,1,3,128,128,128,128,0,0.0,1.0,0.0,0,0,0,3,1,5,128,128,128,128,0,0.0,1.0,0.0,0,0,0,5,1,10,128.9,128.0,128,137,9,2.7,0.9,0.09999999999999998,2,9,2,6,1,30,132.3,128.0,128,164,36,8.579627031520658,0.7,0.30000000000000004,6.275862068965517,36,15,6,0,0,,[],0,0,,[],121.0,0.3867109616368206,0.9222009716704518
2026-09-28,2026-09-27T22:32:00Z,REM,Sleep,0,128,observedRawSignal,48039CED-8E78-5011-88DA-FC702B0527EA,0000,1,128,1,0,0,0,1,3,128,128,128,128,0,0.0,1.0,0.0,0,0,0,3,1,5,128,128,128,128,0,0.0,1.0,0.0,0,0,0,5,1,10,128.9,128.0,128,137,9,2.7,0.9,0.09999999999999998,2,9,2,7,1,30,132.3,128.0,128,164,36,8.579627031520658,0.7,0.30000000000000004,6.275862068965517,36,15,7,0,0,,[],0,0,,[],122.0,0.3907311284892737,0.9205048534524404
2026-09-28,2026-09-27T22:33:00Z,REM,Sleep,0,128,observedRawSignal,48039CED-8E78-5011-88DA-FC702B0527EA,0000,1,128,1,0,0,0,1,3,128,128,128,128,0,0.0,1.0,0.0,0,0,0,3,1,5,128,128,128,128,0,0.0,1.0,0.0,0,0,0,5,1,10,128.9,128.0,128,137,9,2.7,0.9,0.09999999999999998,2,9,2,8,1,30,132.3,128.0,128,164,36,8.579627031520658,0.7,0.30000000000000004,5.0344827586206895,36,14,8,0,0,,[],0,0,,[],123.0,0.3947438563842672,0.9187912101488983
2026-09-28,2026-09-27T22:34:00Z,REM,Sleep,0,128,observedRawSignal,48039CED-8E78-5011-88DA-FC702B0527EA,0000,1,128,1,0,0,0,1,3,128,128,128,128,0,0.0,1.0,0.0,0,0,0,3,1,5,128,128,128,128,0,0.0,1.0,0.0,0,0,0,5,1,10,128.9,128.0,128,137,9,2.7,0.9,0.09999999999999998,1,9,1,9,1,30,131.1,128.0,128,152,24,6.2681735776859275,0.7333333333333333,0.2666666666666667,3.793103448275862,21,13,9,0,0,,[],0,0,,[],124.0,0.3987490689252462,0.917060074385124
2026-09-28,2026-09-27T22:35:00Z,REM,Sleep,0,128,observedRawSignal,48039CED-8E78-5011-88DA-FC702B0527EA,0000,1,128,1,0,0,0,1,3,128,128,128,128,0,0.0,1.0,0.0,0,0,0,3,1,5,128,128,128,128,0,0.0,1.0,0.0,0,0,0,5,1,10,128,128.0,128,128,0,0.0,1.0,0.0,0,0,0,10,1,30,131.1,128.0,128,152,24,6.2681735776859275,0.7333333333333333,0.2666666666666667,3.7241379310344827,21,12,10,1,1,64,"[""6e93873d1797282a3e142858b86e5f03a0a8cb595b175400bfa19e052e81e7ae""]",1,1,12,"[""cf84bbc6d41431a30e495a7bb98bcc39ff118e8ca76ff2cb9cd7cdf10a84643b""]",125.0,0.40274668985873724,0.9153114791194471
2026-09-28,2026-09-27T22:36:00Z,REM,Sleep,0,128,observedRawSignal,48039CED-8E78-5011-88DA-FC702B0527EA,0000,1,128,1,0,0,0,1,3,128,128,128,128,0,0.0,1.0,0.0,0,0,0,3,1,5,128,128,128,128,0,0.0,1.0,0.0,0,0,0,5,1,10,128,128.0,128,128,0,0.0,1.0,0.0,0,0,0,10,1,30,131.03333333333333,128.0,128,152,24,6.290115702875071,0.7666666666666667,0.23333333333333328,3.6551724137931036,21,11,11,0,0,,[],0,0,,[],126.0,0.40673664307580015,0.9135454576426009
2026-09-28,2026-09-27T22:37:00Z,REM,Sleep,0,128,observedRawSignal,48039CED-8E78-5011-88DA-FC702B0527EA,0000,1,128,1,0,0,0,1,3,128,128,128,128,0,0.0,1.0,0.0,0,0,0,3,1,5,128,128,128,128,0,0.0,1.0,0.0,0,0,0,5,1,10,128,128.0,128,128,0,0.0,1.0,0.0,0,0,0,10,1,30,131.03333333333333,128.0,128,152,24,6.290115702875071,0.7666666666666667,0.23333333333333328,3.4482758620689653,21,10,12,0,0,,[],0,0,,[],127.0,0.41071885261347724,0.9117620435770886
2026-09-28,2026-09-27T22:38:00Z,REM,Sleep,0,128,observedRawSignal,48039CED-8E78-5011-88DA-FC702B0527EA,0000,1,128,1,0,0,0,1,3,128,128,128,128,0,0.0,1.0,0.0,0,0,0,3,1,5,128,128,128,128,0,0.0,1.0,0.0,0,0,0,5,1,10,128,128.0,128,128,0,0.0,1.0,0.0,0,0,0,10,1,30,130.83333333333334,128.0,128,152,24,6.287995617753633,0.8,0.19999999999999996,3.3793103448275863,21,9,13,0,0,,[],0,0,,[],128.0,0.414693242656239,0.9099612708765432
2026-09-28,2026-09-27T22:39:00Z,REM,Sleep,0,128,observedRawSignal,48039CED-8E78-5011-88DA-FC702B0527EA,0000,1,128,1,0,0,0,1,3,128,128,128,128,0,0.0,1.0,0.0,0,0,0,3,1,5,128,128,128,128,0,0.0,1.0,0.0,0,0,0,5,1,10,128,128.0,128,128,0,0.0,1.0,0.0,0,0,0,10,1,30,130.56666666666666,128.0,128,152,24,6.23262028007126,0.8333333333333334,0.16666666666666663,3.103448275862069,21,8,14,0,0,,[],0,0,,[],129.0,0.41865973753742813,0.9081431738250813
2026-09-28,2026-09-27T22:40:00Z,REM,Sleep,0,128,observedRawSignal,48039CED-8E78-5011-88DA-FC702B0527EA,0000,1,128,1,0,0,0,1,3,128,128,128,128,0,0.0,1.0,0.0,0,0,0,3,1,5,128,128,128,128,0,0.0,1.0,0.0,0,0,0,5,1,10,128,128.0,128,128,0,0.0,1.0,0.0,0,0,0,10,1,30,130.56666666666666,128.0,128,152,24,6.23262028007126,0.8333333333333334,0.16666666666666663,3.103448275862069,21,8,15,0,0,,[],0,0,,[],130.0,0.42261826174069944,0.9063077870366499
2026-09-28,2026-09-27T22:41:00Z,REM,Sleep,0,128,observedRawSignal,48039CED-8E78-5011-88DA-FC702B0527EA,0000,1,128,1,0,0,0,1,3,128,128,128,128,0,0.0,1.0,0.0,0,0,0,3,1,5,128,128,128,128,0,0.0,1.0,0.0,0,0,0,5,1,10,128,128.0,128,128,0,0.0,1.0,0.0,0,0,0,10,1,30,130.56666666666666,128.0,128,152,24,6.23262028007126,0.8333333333333334,0.16666666666666663,2.7241379310344827,21,7,16,0,0,,[],0,0,,[],131.0,0.4265687399014583,0.904455145454368
2026-09-28,2026-09-27T22:42:00Z,REM,Sleep,0,128,observedRawSignal,48039CED-8E78-5011-88DA-FC702B0527EA,0000,1,128,1,0,0,0,1,3,128,128,128,128,0,0.0,1.0,0.0,0,0,0,3,1,5,128,128,128,128,0,0.0,1.0,0.0,0,0,0,5,1,10,128,128.0,128,128,0,0.0,1.0,0.0,0,0,0,10,1,30,130.2,128.0,128,152,24,6.046486583132389,0.8666666666666667,0.1333333333333333,2.2758620689655173,21,6,17,0,0,,[],0,0,,[],132.0,0.4305110968082951,0.9025852843498606
2026-09-28,2026-09-27T22:43:00Z,REM,Sleep,0,128,observedRawSignal,48039CED-8E78-5011-88DA-FC702B0527EA,0000,1,128,1,0,0,0,1,3,128,128,128,128,0,0.0,1.0,0.0,0,0,0,3,1,5,128,128,128,128,0,0.0,1.0,0.0,0,0,0,5,1,10,128,128.0,128,128,0,0.0,1.0,0.0,0,0,0,10,1,30,129.4,128.0,128,149,21,4.498888751680797,0.9,0.09999999999999998,2.1724137931034484,21,5,18,0,0,,[],0,0,,[],133.0,0.43444525740441703,0.9006982393225879
2026-09-28,2026-09-27T22:44:00Z,REM,Sleep,0,128,observedRawSignal,48039CED-8E78-5011-88DA-FC702B0527EA,0000,1,128,1,0,0,0,1,3,128,128,128,128,0,0.0,1.0,0.0,0,0,0,3,1,5,128,128,128,128,0,0.0,1.0,0.0,0,0,0,5,1,10,128,128.0,128,128,0,0.0,1.0,0.0,0,0,0,10,1,30,128.7,128.0,128,140,12,2.6476404589747453,0.9333333333333333,0.06666666666666665,1.4482758620689655,12,4,19,0,0,,[],0,0,,[],134.0,0.43837114678907746,0.898794046299167
2026-09-28,2026-09-27T22:45:00Z,REM,Sleep,0,128,observedRawSignal,48039CED-8E78-5011-88DA-FC702B0527EA,0000,1,128,1,0,0,0,1,3,128,128,128,128,0,0.0,1.0,0.0,0,0,0,3,1,5,128,128,128,128,0,0.0,1.0,0.0,0,0,0,5,1,10,128,128.0,128,128,0,0.0,1.0,0.0,0,0,0,10,1,30,128.7,128.0,128,140,12,2.6476404589747453,0.9333333333333333,0.06666666666666665,1.4482758620689655,12,4,20,0,0,,[],0,0,,[],135.0,0.4422886902190013,0.8968727415326883
2026-09-28,2026-09-27T22:46:00Z,REM,Sleep,0,128,observedRawSignal,48039CED-8E78-5011-88DA-FC702B0527EA,0000,1,128,1,0,0,0,1,3,128,128,128,128,0,0.0,1.0,0.0,0,0,0,3,1,5,128,128,128,128,0,0.0,1.0,0.0,0,0,0,5,1,10,128,128.0,128,128,0,0.0,1.0,0.0,0,0,0,10,1,30,128.7,128.0,128,140,12,2.6476404589747453,0.9333333333333333,0.06666666666666665,1.4482758620689655,12,4,21,0,0,,[],0,0,,[],136.0,0.44619781310980877,0.8949343616020251
2026-09-28,2026-09-27T22:47:00Z,REM,Sleep,0,128,observedRawSignal,48039CED-8E78-5011-88DA-FC702B0527EA,0000,1,128,1,0,0,0,1,3,128,128,128,128,0,0.0,1.0,0.0,0,0,0,3,1,5,128,128,128,128,0,0.0,1.0,0.0,0,0,0,5,1,10,128,128.0,128,128,0,0.0,1.0,0.0,0,0,0,10,1,30,128.7,128.0,128,140,12,2.6476404589747453,0.9333333333333333,0.06666666666666665,1.4482758620689655,12,4,22,0,0,,[],0,0,,[],137.0,0.45009844103743496,0.892978943411137
2026-09-28,2026-09-27T22:48:00Z,REM,Sleep,0,142,observedRawSignal,48039CED-8E78-5011-88DA-FC702B0527EA,0000,1,142,0,14,14,14,1,3,132.66666666666666,128,128,142,14,6.599663291074443,0.6666666666666666,0.33333333333333337,7,14,1,2,1,5,130.8,128,128,142,14,5.6,0.8,0.19999999999999996,3.5,14,1,4,1,10,129.4,128.0,128,142,14,4.2,0.9,0.09999999999999998,1.5555555555555556,14,1,9,1,30,129.16666666666666,128.0,128,142,14,3.5598064866256736,0.9,0.09999999999999998,1.5172413793103448,14,4,22,0,0,,[],0,0,,[],138.0,0.4539904997395468,0.8910065241883679
2026-09-28,2026-09-27T22:49:00Z,REM,Sleep,0,128,observedRawSignal,48039CED-8E78-5011-88DA-FC702B0527EA,0000,1,128,1,0,-14,14,1,3,132.66666666666666,128,128,142,14,6.599663291074443,0.6666666666666666,0.33333333333333337,14,14,2,1,1,5,130.8,128,128,142,14,5.6,0.8,0.19999999999999996,7,14,2,3,1,10,129.4,128.0,128,142,14,4.2,0.9,0.09999999999999998,3.111111111111111,14,2,8,1,30,128.76666666666668,128.0,128,142,14,2.9403325586667157,0.9333333333333333,0.06666666666666665,1.5862068965517242,14,4,22,0,0,,[],0,0,,[],139.0,0.4578739151169567,0.8890171414857364
2026-09-28,2026-09-27T22:50:00Z,REM,Sleep,0,128,observedRawSignal,48039CED-8E78-5011-88DA-FC702B0527EA,0000,1,128,1,0,0,0,1,3,132.66666666666666,128,128,142,14,6.599663291074443,0.6666666666666666,0.33333333333333337,7,14,1,2,1,5,130.8,128,128,142,14,5.6,0.8,0.19999999999999996,7,14,2,2,1,10,129.4,128.0,128,142,14,4.2,0.9,0.09999999999999998,3.111111111111111,14,2,7,1,30,128.76666666666668,128.0,128,142,14,2.9403325586667157,0.9333333333333333,0.06666666666666665,1.5862068965517242,14,4,22,0,0,,[],0,0,,[],140.0,0.4617486132350339,0.8870108331782217
2026-09-28,2026-09-27T22:51:00Z,REM,Sleep,0,128,observedRawSignal,48039CED-8E78-5011-88DA-FC702B0527EA,0000,1,128,1,0,0,0,1,3,128,128,128,128,0,0.0,1.0,0.0,0,0,0,3,1,5,130.8,128,128,142,14,5.6,0.8,0.19999999999999996,7,14,2,3,1,10,129.4,128.0,128,142,14,4.2,0.9,0.09999999999999998,3.111111111111111,14,2,6,1,30,128.76666666666668,128.0,128,142,14,2.9403325586667157,0.9333333333333333,0.06666666666666665,1.5862068965517242,14,4,22,0,0,,[],0,0,,[],141.0,0.4656145203251114,0.8849876374630419
2026-09-28,2026-09-27T22:52:00Z,REM,Sleep,0,128,observedRawSignal,48039CED-8E78-5011-88DA-FC702B0527EA,0000,1,128,1,0,0,0,1,3,128,128,128,128,0,0.0,1.0,0.0,0,0,0,3,1,5,130.8,128,128,142,14,5.6,0.8,0.19999999999999996,3.5,14,1,4,1,10,129.4,128.0,128,142,14,4.2,0.9,0.09999999999999998,3.111111111111111,14,2,5,1,30,128.76666666666668,128.0,128,142,14,2.9403325586667157,0.9333333333333333,0.06666666666666665,1.5862068965517242,14,4,22,0,0,,[],0,0,,[],142.0,0.4694715627858908,0.882947592858927
2026-09-28,2026-09-27T22:53:00Z,REM,Sleep,0,128,observedRawSignal,48039CED-8E78-5011-88DA-FC702B0527EA,0000,1,128,1,0,0,0,1,3,128,128,128,128,0,0.0,1.0,0.0,0,0,0,3,1,5,128,128,128,128,0,0.0,1.0,0.0,0,0,0,5,1,10,129.4,128.0,128,142,14,4.2,0.9,0.09999999999999998,3.111111111111111,14,2,5,1,30,128.76666666666668,128.0,128,142,14,2.9403325586667157,0.9333333333333333,0.06666666666666665,1.5862068965517242,14,4,22,0,0,,[],0,0,,[],143.0,0.47331966718484336,0.8808907382053855
2026-09-28,2026-09-27T22:54:00Z,Core,Sleep,0,128,observedRawSignal,48039CED-8E78-5011-88DA-FC702B0527EA,0000,1,128,1,0,0,0,1,3,128,128,128,128,0,0.0,1.0,0.0,0,0,0,3,1,5,128,128,128,128,0,0.0,1.0,0.0,0,0,0,5,1,10,129.4,128.0,128,142,14,4.2,0.9,0.09999999999999998,3.111111111111111,14,2,6,1,30,128.76666666666668,128.0,128,142,14,2.9403325586667157,0.9333333333333333,0.06666666666666665,1.2758620689655173,14,3,22,0,0,,[],0,0,,[],144.0,0.4771587602596084,0.8788171126619654
2026-09-28,2026-09-27T22:55:00Z,Core,Sleep,0,128,observedRawSignal,48039CED-8E78-5011-88DA-FC702B0527EA,0000,1,128,1,0,0,0,1,3,128,128,128,128,0,0.0,1.0,0.0,0,0,0,3,1,5,128,128,128,128,0,0.0,1.0,0.0,0,0,0,5,1,10,129.4,128.0,128,142,14,4.2,0.9,0.09999999999999998,3.111111111111111,14,2,7,1,30,128.46666666666667,128.0,128,142,14,2.513076909996102,0.9666666666666667,0.033333333333333326,0.9655172413793104,14,2,22,0,0,,[],0,0,,[],145.0,0.48098876891938763,0.8767267557075077
2026-09-28,2026-09-27T22:56:00Z,Core,Sleep,0,128,observedRawSignal,48039CED-8E78-5011-88DA-FC702B0527EA,0000,1,128,1,0,0,0,1,3,128,128,128,128,0,0.0,1.0,0.0,0,0,0,3,1,5,128,128,128,128,0,0.0,1.0,0.0,0,0,0,5,1,10,129.4,128.0,128,142,14,4.2,0.9,0.09999999999999998,3.111111111111111,14,2,8,1,30,128.46666666666667,128.0,128,142,14,2.513076909996102,0.9666666666666667,0.033333333333333326,0.9655172413793104,14,2,21,0,0,,[],0,0,,[],146.0,0.48480962024633706,0.8746197071393957
2026-09-28,2026-09-27T22:57:00Z,Core,Sleep,0,128,observedRawSignal,48039CED-8E78-5011-88DA-FC702B0527EA,0000,1,128,1,0,0,0,1,3,128,128,128,128,0,0.0,1.0,0.0,0,0,0,3,1,5,128,128,128,128,0,0.0,1.0,0.0,0,0,0,5,1,10,129.4,128.0,128,142,14,4.2,0.9,0.09999999999999998,1.5555555555555556,14,1,9,1,30,128.46666666666667,128.0,128,142,14,2.513076909996102,0.9666666666666667,0.033333333333333326,0.9655172413793104,14,2,20,0,0,,[],0,0,,[],147.0,0.48862124149695496,0.8724960070727972
2026-09-28,2026-09-27T22:58:00Z,Core,Sleep,0,135,observedRawSignal,48039CED-8E78-5011-88DA-FC702B0527EA,0000,1,135,0,7,7,7,1,3,130.33333333333334,128,128,135,7,3.2998316455372216,0.6666666666666666,0.33333333333333337,3.5,7,1,2,1,5,129.4,128,128,135,7,2.8,0.8,0.19999999999999996,1.75,7,1,4,1,10,128.7,128.0,128,135,7,2.1,0.9,0.09999999999999998,0.7777777777777778,7,1,9,1,30,128.7,128.0,128,142,14,2.7706798203088474,0.9333333333333333,0.06666666666666665,1.206896551724138,14,3,19,0,0,,[],0,0,,[],148.0,0.49242356010346705,0.8703556959398997
2026-09-28,2026-09-27T22:59:00Z,REM,Sleep,0,128,observedRawSignal,48039CED-8E78-5011-88DA-FC702B0527EA,0000,1,128,1,0,-7,7,1,3,130.33333333333334,128,128,135,7,3.2998316455372216,0.6666666666666666,0.33333333333333337,7,7,2,1,1,5,129.4,128,128,135,7,2.8,0.8,0.19999999999999996,3.5,7,2,3,1,10,128.7,128.0,128,135,7,2.1,0.9,0.09999999999999998,1.5555555555555556,7,2,8,1,30,128.7,128.0,128,142,14,2.7706798203088474,0.9333333333333333,0.06666666666666665,1.4482758620689655,14,4,18,0,0,,[],0,0,,[],149.0,0.4962165036752082,0.8681988144891423
2026-09-28,2026-09-27T23:00:00Z,REM,Sleep,0,128,observedRawSignal,48039CED-8E78-5011-88DA-FC702B0527EA,0000,1,128,1,0,0,0,1,3,130.33333333333334,128,128,135,7,3.2998316455372216,0.6666666666666666,0.33333333333333337,3.5,7,1,2,1,5,129.4,128,128,135,7,2.8,0.8,0.19999999999999996,3.5,7,2,2,1,10,128.7,128.0,128,135,7,2.1,0.9,0.09999999999999998,1.5555555555555556,7,2,7,1,30,128.7,128.0,128,142,14,2.7706798203088474,0.9333333333333333,0.06666666666666665,1.4482758620689655,14,4,17,0,0,,[],0,0,,[],150.0,0.49999999999999994,0.8660254037844387
2026-09-28,2026-09-27T23:01:00Z,REM,Sleep,0,140,observedRawSignal,48039CED-8E78-5011-88DA-FC702B0527EA,0000,1,140,0,12,12,12,1,3,132,128,128,140,12,5.656854249492381,0.6666666666666666,0.33333333333333337,6,12,1,2,1,5,131.8,128,128,140,12,4.915282290977803,0.6,0.4,6.5,12,3,2,1,10,129.9,128.0,128,140,12,3.9610604640676716,0.8,0.19999999999999996,2.888888888888889,12,3,6,1,30,129.1,128.0,128,142,14,3.428799595582493,0.9,0.09999999999999998,1.8620689655172413,14,5,16,0,0,,[],0,0,,[],151.0,0.5037739770455263,0.8638355052043957
2026-09-28,2026-09-27T23:02:00Z,REM,Sleep,0,128,observedRawSignal,48039CED-8E78-5011-88DA-FC702B0527EA,0000,1,128,1,0,-12,12,1,3,132,128,128,140,12,5.656854249492381,0.6666666666666666,0.33333333333333337,12,12,2,1,1,5,131.8,128,128,140,12,4.915282290977803,0.6,0.4,7.75,12,3,2,1,10,129.9,128.0,128,140,12,3.9610604640676716,0.8,0.19999999999999996,4.222222222222222,12,4,5,1,30,129.1,128.0,128,142,14,3.428799595582493,0.9,0.09999999999999998,2.2758620689655173,14,6,15,0,0,,[],0,0,,[],152.0,0.5075383629607041,0.8616291604415258
2026-09-28,2026-09-27T23:03:00Z,REM,Sleep,0,128,observedRawSignal,48039CED-8E78-5011-88DA-FC702B0527EA,0000,1,128,1,0,0,0,1,3,132,128,128,140,12,5.656854249492381,0.6666666666666666,0.33333333333333337,6,12,1,2,1,5,130.4,128,128,140,12,4.8,0.8,0.19999999999999996,6,12,2,2,1,10,129.9,128.0,128,140,12,3.9610604640676716,0.8,0.19999999999999996,4.222222222222222,12,4,4,1,30,129.1,128.0,128,142,14,3.428799595582493,0.9,0.09999999999999998,2.2758620689655173,14,6,14,0,0,,[],0,0,,[],153.0,0.5112930860770522,0.8594064115014527
2026-09-28,2026-09-27T23:04:00Z,REM,Sleep,0,128,observedRawSignal,48039CED-8E78-5011-88DA-FC702B0527EA,0000,1,128,1,0,0,0,1,3,128,128,128,128,0,0.0,1.0,0.0,0,0,0,3,1,5,130.4,128,128,140,12,4.8,0.8,0.19999999999999996,6,12,2,3,1,10,129.9,128.0,128,140,12,3.9610604640676716,0.8,0.19999999999999996,4.222222222222222,12,4,3,1,30,129.1,128.0,128,142,14,3.428799595582493,0.9,0.09999999999999998,2.2758620689655173,14,6,13,0,0,,[],0,0,,[],154.0,0.5150380749100542,0.8571673007021123
2026-09-28,2026-09-27T23:05:00Z,REM,Sleep,0,128,observedRawSignal,48039CED-8E78-5011-88DA-FC702B0527EA,0000,1,128,1,0,0,0,1,3,128,128,128,128,0,0.0,1.0,0.0,0,0,0,3,1,5,130.4,128,128,140,12,4.8,0.8,0.19999999999999996,3,12,1,4,1,10,129.9,128.0,128,140,12,3.9610604640676716,0.8,0.19999999999999996,4.222222222222222,12,4,4,1,30,129.1,128.0,128,142,14,3.428799595582493,0.9,0.09999999999999998,2.2758620689655173,14,6,12,1,1,61,"[""cbfdc896cef32cf5c392fda635d214524b1c11b10eb4be5025178ed428c83e70""]",1,1,13,"[""b93d007c99f83c92ffcf89606ec976f19dd272bd70e7c8b7849f90c9ac383ae0""]",155.0,0.5187732581605213,0.8549118706729466
2026-09-28,2026-09-27T23:06:00Z,REM,Sleep,0,128,observedRawSignal,48039CED-8E78-5011-88DA-FC702B0527EA,0000,1,128,1,0,0,0,1,3,128,128,128,128,0,0.0,1.0,0.0,0,0,0,3,1,5,128,128,128,128,0,0.0,1.0,0.0,0,0,0,5,1,10,129.9,128.0,128,140,12,3.9610604640676716,0.8,0.19999999999999996,4.222222222222222,12,4,5,1,30,129.1,128.0,128,142,14,3.428799595582493,0.9,0.09999999999999998,2.2758620689655173,14,6,11,0,0,,[],0,0,,[],156.0,0.5224985647159488,0.8526401643540923
2026-09-28,2026-09-27T23:07:00Z,REM,Sleep,0,128,observedRawSignal,48039CED-8E78-5011-88DA-FC702B0527EA,0000,1,128,1,0,0,0,1,3,128,128,128,128,0,0.0,1.0,0.0,0,0,0,3,1,5,128,128,128,128,0,0.0,1.0,0.0,0,0,0,5,1,10,129.9,128.0,128,140,12,3.9610604640676716,0.8,0.19999999999999996,3.4444444444444446,12,3,6,1,30,129.1,128.0,128,142,14,3.428799595582493,0.9,0.09999999999999998,2.2758620689655173,14,6,10,0,0,,[],0,0,,[],157.0,0.5262139236518696,0.8503522249955628
2026-09-28,2026-09-27T23:08:00Z,REM,Sleep,0,128,observedRawSignal,48039CED-8E78-5011-88DA-FC702B0527EA,0000,1,128,1,0,0,0,1,3,128,128,128,128,0,0.0,1.0,0.0,0,0,0,3,1,5,128,128,128,128,0,0.0,1.0,0.0,0,0,0,5,1,10,129.2,128.0,128,140,12,3.6,0.9,0.09999999999999998,2.6666666666666665,12,2,7,1,30,129.1,128.0,128,142,14,3.428799595582493,0.9,0.09999999999999998,2.2758620689655173,14,6,9,0,0,,[],0,0,,[],158.0,0.5299192642332049,0.848048096156426
2026-09-28,2026-09-27T23:09:00Z,REM,Sleep,0,128,observedRawSignal,48039CED-8E78-5011-88DA-FC702B0527EA,0000,1,128,1,0,0,0,1,3,128,128,128,128,0,0.0,1.0,0.0,0,0,0,3,1,5,128,128,128,128,0,0.0,1.0,0.0,0,0,0,5,1,10,129.2,128.0,128,140,12,3.6,0.9,0.09999999999999998,2.6666666666666665,12,2,8,1,30,129.1,128.0,128,142,14,3.428799595582493,0.9,0.09999999999999998,2.2758620689655173,14,6,9,0,0,,[],0,0,,[],159.0,0.5336145159156115,0.8457278217039733
2026-09-28,2026-09-27T23:10:00Z,REM,Sleep,0,128,observedRawSignal,48039CED-8E78-5011-88DA-FC702B0527EA,0000,1,128,1,0,0,0,1,3,128,128,128,128,0,0.0,1.0,0.0,0,0,0,3,1,5,128,128,128,128,0,0.0,1.0,0.0,0,0,0,5,1,10,129.2,128.0,128,140,12,3.6,0.9,0.09999999999999998,1.3333333333333333,12,1,9,1,30,129.1,128.0,128,142,14,3.428799595582493,0.9,0.09999999999999998,2.2758620689655173,14,6,9,0,0,,[],0,0,,[],160.0,0.5372996083468239,0.8433914458128857
2026-09-28,2026-09-27T23:11:00Z,REM,Sleep,0,128,observedRawSignal,48039CED-8E78-5011-88DA-FC702B0527EA,0000,1,128,1,0,0,0,1,3,128,128,128,128,0,0.0,1.0,0.0,0,0,0,3,1,5,128,128,128,128,0,0.0,1.0,0.0,0,0,0,5,1,10,128,128.0,128,128,0,0.0,1.0,0.0,0,0,0,10,1,30,129.1,128.0,128,142,14,3.428799595582493,0.9,0.09999999999999998,2.2758620689655173,14,6,10,0,0,,[],0,0,,[],161.0,0.5409744713679939,0.8410390129643924
2026-09-28,2026-09-27T23:12:00Z,REM,Sleep,0,128,observedRawSignal,48039CED-8E78-5011-88DA-FC702B0527EA,0000,1,128,1,0,0,0,1,3,128,128,128,128,0,0.0,1.0,0.0,0,0,0,3,1,5,128,128,128,128,0,0.0,1.0,0.0,0,0,0,5,1,10,128,128.0,128,128,0,0.0,1.0,0.0,0,0,0,10,1,30,129.1,128.0,128,142,14,3.428799595582493,0.9,0.09999999999999998,2.2758620689655173,14,6,11,0,0,,[],0,0,,[],162.0,0.5446390350150271,0.838670567945424
2026-09-28,2026-09-27T23:13:00Z,REM,Sleep,0,128,observedRawSignal,48039CED-8E78-5011-88DA-FC702B0527EA,0000,1,128,1,0,0,0,1,3,128,128,128,128,0,0.0,1.0,0.0,0,0,0,3,1,5,128,128,128,128,0,0.0,1.0,0.0,0,0,0,5,1,10,128,128.0,128,128,0,0.0,1.0,0.0,0,0,0,10,1,30,129.1,128.0,128,142,14,3.428799595582493,0.9,0.09999999999999998,2.2758620689655173,14,6,12,0,0,,[],0,0,,[],163.0,0.5482932295199138,0.8362861558477596
2026-09-28,2026-09-27T23:14:00Z,REM,Sleep,0,128,observedRawSignal,48039CED-8E78-5011-88DA-FC702B0527EA,0000,1,128,1,0,0,0,1,3,128,128,128,128,0,0.0,1.0,0.0,0,0,0,3,1,5,128,128,128,128,0,0.0,1.0,0.0,0,0,0,5,1,10,128,128.0,128,128,0,0.0,1.0,0.0,0,0,0,10,1,30,129.1,128.0,128,142,14,3.428799595582493,0.9,0.09999999999999998,2.2758620689655173,14,6,13,0,0,,[],0,0,,[],164.0,0.5519369853120581,0.8338858220671682
2026-09-28,2026-09-27T23:15:00Z,Core,Sleep,0,128,observedRawSignal,48039CED-8E78-5011-88DA-FC702B0527EA,0000,1,128,1,0,0,0,1,3,128,128,128,128,0,0.0,1.0,0.0,0,0,0,3,1,5,128,128,128,128,0,0.0,1.0,0.0,0,0,0,5,1,10,128,128.0,128,128,0,0.0,1.0,0.0,0,0,0,10,1,30,129.1,128.0,128,142,14,3.428799595582493,0.9,0.09999999999999998,2.2758620689655173,14,6,14,0,0,,[],0,0,,[],165.0,0.5555702330196022,0.8314696123025452
2026-09-28,2026-09-27T23:16:00Z,Core,Sleep,0,128,observedRawSignal,48039CED-8E78-5011-88DA-FC702B0527EA,0000,1,128,1,0,0,0,1,3,128,128,128,128,0,0.0,1.0,0.0,0,0,0,3,1,5,128,128,128,128,0,0.0,1.0,0.0,0,0,0,5,1,10,128,128.0,128,128,0,0.0,1.0,0.0,0,0,0,10,1,30,129.1,128.0,128,142,14,3.428799595582493,0.9,0.09999999999999998,2.2758620689655173,14,6,15,0,0,,[],0,0,,[],166.0,0.5591929034707469,0.8290375725550417
2026-09-28,2026-09-27T23:17:00Z,Core,Sleep,0,144,observedRawSignal,48039CED-8E78-5011-88DA-FC702B0527EA,0000,1,144,0,16,16,16,1,3,133.33333333333334,128,128,144,16,7.542472332656507,0.6666666666666666,0.33333333333333337,8,16,1,2,1,5,131.2,128,128,144,16,6.4,0.8,0.19999999999999996,4,16,1,4,1,10,129.6,128.0,128,144,16,4.8,0.9,0.09999999999999998,1.7777777777777777,16,1,9,1,30,129.63333333333333,128.0,128,144,16,4.339610837646876,0.8666666666666667,0.1333333333333333,2.3448275862068964,16,6,15,0,0,,[],0,0,,[],167.0,0.5628049276950685,0.8265897491271886
2026-09-28,2026-09-27T23:18:00Z,Core,Sleep,0,152,observedRawSignal,48039CED-8E78-5011-88DA-FC702B0527EA,0000,1,152,0,24,8,8,1,3,141.33333333333334,144,128,152,24,9.977753031397176,0.3333333333333333,0.6666666666666667,12,16,2,1,1,5,136,128,128,152,24,10.119288512538814,0.6,0.4,6,16,2,3,1,10,132,128.0,128,152,24,8.19756061276768,0.8,0.19999999999999996,2.6666666666666665,16,2,8,1,30,129.96666666666667,128.0,128,152,24,5.504442650158951,0.8666666666666667,0.1333333333333333,2.1379310344827585,16,6,15,0,0,,[],0,0,,[],168.0,0.5664062369248328,0.8241261886220157
2026-09-28,2026-09-27T23:19:00Z,Core,Sleep,0,128,observedRawSignal,48039CED-8E78-5011-88DA-FC702B0527EA,0000,1,128,1,0,-24,24,1,3,141.33333333333334,144,128,152,24,9.977753031397176,0.3333333333333333,0.6666666666666667,16,24,2,1,1,5,136,128,128,152,24,10.119288512538814,0.6,0.4,12,24,3,2,1,10,132,128.0,128,152,24,8.19756061276768,0.8,0.19999999999999996,5.333333333333333,24,3,7,1,30,129.96666666666667,128.0,128,152,24,5.504442650158951,0.8666666666666667,0.1333333333333333,2.9655172413793105,24,7,15,0,0,,[],0,0,,[],169.0,0.569996762596303,0.8216469379421637
2026-09-28,2026-09-27T23:20:00Z,Core,Sleep,0,128,observedRawSignal,48039CED-8E78-5011-88DA-FC702B0527EA,0000,1,128,1,0,0,0,1,3,136,128,128,152,24,11.313708498984761,0.6666666666666666,0.33333333333333337,12,24,1,2,1,5,136,128,128,152,24,10.119288512538814,0.6,0.4,12,24,3,2,1,10,132,128.0,128,152,24,8.19756061276768,0.8,0.19999999999999996,5.333333333333333,24,3,6,1,30,129.96666666666667,128.0,128,152,24,5.504442650158951,0.8666666666666667,0.1333333333333333,2.9655172413793105,24,7,15,0,0,,[],0,0,,[],170.0,0.573576436351046,0.8191520442889918
2026-09-28,2026-09-27T23:21:00Z,Core,Sleep,0,128,observedRawSignal,48039CED-8E78-5011-88DA-FC702B0527EA,0000,1,128,1,0,0,0,1,3,128,128,128,128,0,0.0,1.0,0.0,0,0,0,3,1,5,136,128,128,152,24,10.119288512538814,0.6,0.4,8,24,2,3,1,10,132,128.0,128,152,24,8.19756061276768,0.8,0.19999999999999996,5.333333333333333,24,3,5,1,30,129.96666666666667,128.0,128,152,24,5.504442650158951,0.8666666666666667,0.1333333333333333,2.9655172413793105,24,7,15,0,0,,[],0,0,,[],171.0,0.5771451900372335,0.8166415551616789
2026-09-28,2026-09-27T23:22:00Z,Core,Sleep,0,128,observedRawSignal,48039CED-8E78-5011-88DA-FC702B0527EA,0000,1,128,1,0,0,0,1,3,128,128,128,128,0,0.0,1.0,0.0,0,0,0,3,1,5,132.8,128,128,152,24,9.6,0.8,0.19999999999999996,6,24,1,4,1,10,132,128.0,128,152,24,8.19756061276768,0.8,0.19999999999999996,5.333333333333333,24,3,4,1,30,129.96666666666667,128.0,128,152,24,5.504442650158951,0.8666666666666667,0.1333333333333333,2.9655172413793105,24,7,15,0,0,,[],0,0,,[],172.0,0.5807029557109398,0.8141155183563192
2026-09-28,2026-09-27T23:23:00Z,Core,Sleep,0,128,observedRawSignal,48039CED-8E78-5011-88DA-FC702B0527EA,0000,1,128,1,0,0,0,1,3,128,128,128,128,0,0.0,1.0,0.0,0,0,0,3,1,5,128,128,128,128,0,0.0,1.0,0.0,0,0,0,5,1,10,132,128.0,128,152,24,8.19756061276768,0.8,0.19999999999999996,5.333333333333333,24,3,5,1,30,129.96666666666667,128.0,128,152,24,5.504442650158951,0.8666666666666667,0.1333333333333333,2.9655172413793105,24,7,15,0,0,,[],0,0,,[],173.0,0.5842496656374344,0.8115739819650123
2026-09-28,2026-09-27T23:24:00Z,Core,Sleep,0,128,observedRawSignal,48039CED-8E78-5011-88DA-FC702B0527EA,0000,1,128,1,0,0,0,1,3,128,128,128,128,0,0.0,1.0,0.0,0,0,0,3,1,5,128,128,128,128,0,0.0,1.0,0.0,0,0,0,5,1,10,132,128.0,128,152,24,8.19756061276768,0.8,0.19999999999999996,5.333333333333333,24,3,6,1,30,129.96666666666667,128.0,128,152,24,5.504442650158951,0.8666666666666667,0.1333333333333333,2.9655172413793105,24,7,15,0,0,,[],0,0,,[],174.0,0.5877852522924731,0.8090169943749475
2026-09-28,2026-09-27T23:25:00Z,Core,Sleep,0,128,observedRawSignal,48039CED-8E78-5011-88DA-FC702B0527EA,0000,1,128,1,0,0,0,1,3,128,128,128,128,0,0.0,1.0,0.0,0,0,0,3,1,5,128,128,128,128,0,0.0,1.0,0.0,0,0,0,5,1,10,132,128.0,128,152,24,8.19756061276768,0.8,0.19999999999999996,5.333333333333333,24,3,7,1,30,129.96666666666667,128.0,128,152,24,5.504442650158951,0.8666666666666667,0.1333333333333333,2.9655172413793105,24,7,15,0,0,,[],0,0,,[],175.0,0.5913096483635824,0.8064446042674827
2026-09-28,2026-09-27T23:26:00Z,Core,Sleep,0,130,observedRawSignal,48039CED-8E78-5011-88DA-FC702B0527EA,0000,1,130,0,2,2,2,1,3,128.66666666666666,128,128,130,2,0.9428090415820634,0.6666666666666666,0.33333333333333337,1,2,1,2,1,5,128.4,128,128,130,2,0.8,0.8,0.19999999999999996,0.5,2,1,4,1,10,132.2,128.0,128,152,24,8.121576201698781,0.7,0.30000000000000004,3.7777777777777777,24,3,7,1,30,130.03333333333333,128.0,128,152,24,5.492317867308442,0.8333333333333334,0.16666666666666663,3.0344827586206895,24,8,15,0,0,,[],0,0,,[],176.0,0.5948227867513413,0.8038568606172173
2026-09-28,2026-09-27T23:27:00Z,Core,Sleep,0,134,observedRawSignal,48039CED-8E78-5011-88DA-FC702B0527EA,0000,1,134,0,6,4,4,1,3,130.66666666666666,130,128,134,6,2.494438257849294,0.3333333333333333,0.6666666666666667,3,4,2,1,1,5,129.6,128,128,134,6,2.3323807579381204,0.6,0.4,1.5,4,2,3,1,10,131.2,128.0,128,152,24,7.166589146867567,0.7,0.30000000000000004,3.3333333333333335,24,3,7,1,30,130.23333333333332,128.0,128,152,24,5.523786945766665,0.8,0.19999999999999996,2.9310344827586206,24,8,15,0,0,,[],0,0,,[],177.0,0.5983246005706591,0.8012538126910607
2026-09-28,2026-09-27T23:28:00Z,Core,Sleep,0,128,observedRawSignal,48039CED-8E78-5011-88DA-FC702B0527EA,0000,1,128,1,0,-6,6,1,3,130.66666666666666,130,128,134,6,2.494438257849294,0.3333333333333333,0.6666666666666667,5,6,2,1,1,5,129.6,128,128,134,6,2.3323807579381204,0.6,0.4,3,6,3,2,1,10,128.8,128.0,128,134,6,1.833030277982336,0.8,0.19999999999999996,1.3333333333333333,6,3,7,1,30,130,128.0,128,152,24,5.465040408511785,0.8333333333333334,0.16666666666666663,2.896551724137931,24,8,15,0,0,,[],0,0,,[],178.0,0.6018150231520483,0.7986355100472928
2026-09-28,2026-09-27T23:29:00Z,REM,Sleep,0,128,observedRawSignal,48039CED-8E78-5011-88DA-FC702B0527EA,0000,1,128,1,0,0,0,1,3,130,128,128,134,6,2.8284271247461903,0.6666666666666666,0.33333333333333337,3,6,1,2,1,5,129.6,128,128,134,6,2.3323807579381204,0.6,0.4,3,6,3,2,1,10,128.8,128.0,128,134,6,1.833030277982336,0.8,0.19999999999999996,1.3333333333333333,6,3,6,1,30,130,128.0,128,152,24,5.465040408511785,0.8333333333333334,0.16666666666666663,2.896551724137931,24,8,15,0,0,,[],0,0,,[],179.0,0.6052939880428944,0.796002002534622
2026-09-28,2026-09-27T23:30:00Z,REM,Sleep,0,139,observedRawSignal,48039CED-8E78-5011-88DA-FC702B0527EA,0000,1,139,0,11,11,11,1,3,131.66666666666666,128,128,139,11,5.185449728701348,0.6666666666666666,0.33333333333333337,5.5,11,1,2,1,5,131.8,130,128,139,11,4.214261501141095,0.4,0.6,5.25,11,3,2,1,10,129.9,128.0,128,139,11,3.5341194094144583,0.7,0.30000000000000004,2.5555555555555554,11,4,5,1,30,130.36666666666667,128.0,128,152,24,5.683211142381469,0.8,0.19999999999999996,2.8620689655172415,24,8,15,0,0,,[],0,0,,[],180.0,0.6087614290087207,0.7933533402912352
2026-09-28,2026-09-27T23:31:00Z,REM,Sleep,0,128,observedRawSignal,48039CED-8E78-5011-88DA-FC702B0527EA,0000,1,128,1,0,-11,11,1,3,131.66666666666666,128,128,139,11,5.185449728701348,0.6666666666666666,0.33333333333333337,11,11,2,1,1,5,131.4,128,128,139,11,4.454211490264018,0.6,0.4,7,11,3,2,1,10,129.9,128.0,128,139,11,3.5341194094144583,0.7,0.30000000000000004,3.7777777777777777,11,5,4,1,30,129.96666666666667,128.0,128,152,24,5.406683107249973,0.8333333333333334,0.16666666666666663,2.8275862068965516,24,8,15,0,0,,[],0,0,,[],181.0,0.6122172800344493,0.7906895737438434
2026-09-28,2026-09-27T23:32:00Z,REM,Sleep,0,128,observedRawSignal,48039CED-8E78-5011-88DA-FC702B0527EA,0000,1,128,1,0,0,0,1,3,131.66666666666666,128,128,139,11,5.185449728701348,0.6666666666666666,0.33333333333333337,5.5,11,1,2,1,5,130.2,128,128,139,11,4.4,0.8,0.19999999999999996,5.5,11,2,2,1,10,129.9,128.0,128,139,11,3.5341194094144583,0.7,0.30000000000000004,3.7777777777777777,11,5,3,1,30,129.96666666666667,128.0,128,152,24,5.406683107249973,0.8333333333333334,0.16666666666666663,2.8275862068965516,24,8,14,0,0,,[],0,0,,[],182.0,0.6156614753256582,0.788010753606722
2026-09-28,2026-09-27T23:33:00Z,REM,Sleep,0,128,observedRawSignal,48039CED-8E78-5011-88DA-FC702B0527EA,0000,1,128,1,0,0,0,1,3,128,128,128,128,0,0.0,1.0,0.0,0,0,0,3,1,5,130.2,128,128,139,11,4.4,0.8,0.19999999999999996,5.5,11,2,3,1,10,129.9,128.0,128,139,11,3.5341194094144583,0.7,0.30000000000000004,3.7777777777777777,11,5,3,1,30,129.96666666666667,128.0,128,152,24,5.406683107249973,0.8333333333333334,0.16666666666666663,2.8275862068965516,24,8,13,0,0,,[],0,0,,[],183.0,0.619093949309834,0.785316930880745
2026-09-28,2026-09-27T23:34:00Z,REM,Sleep,0,128,observedRawSignal,48039CED-8E78-5011-88DA-FC702B0527EA,0000,1,128,1,0,0,0,1,3,128,128,128,128,0,0.0,1.0,0.0,0,0,0,3,1,5,130.2,128,128,139,11,4.4,0.8,0.19999999999999996,2.75,11,1,4,1,10,129.9,128.0,128,139,11,3.5341194094144583,0.7,0.30000000000000004,3.7777777777777777,11,5,4,1,30,129.96666666666667,128.0,128,152,24,5.406683107249973,0.8333333333333334,0.16666666666666663,2.8275862068965516,24,8,12,0,0,,[],0,0,,[],184.0,0.6225146366376196,0.7826081568524139
2026-09-28,2026-09-27T23:35:00Z,REM,Sleep,0,129,observedRawSignal,48039CED-8E78-5011-88DA-FC702B0527EA,0000,1,129,0,1,1,1,1,3,128.33333333333334,128,128,129,1,0.4714045207910317,0.6666666666666666,0.33333333333333337,0.5,1,1,2,1,5,128.2,128,128,129,1,0.4,0.8,0.19999999999999996,0.25,1,1,4,1,10,130,128.0,128,139,11,3.492849839314596,0.6,0.4,3.6666666666666665,11,5,4,1,30,130,128.0,128,152,24,5.3975302994363386,0.8,0.19999999999999996,2.8620689655172415,24,9,11,1,1,61,"[""e4fcc3a147fae935a064c40dde9ede246c19d9a93d0b5e785292243dbbc58f52""]",1,1,13,"[""2cd1e1354753d94df22fba5f07428eda05038b8a66179497f1dc7cf6a5ee3a81""]",185.0,0.6259234721840591,0.7798844830928818
2026-09-28,2026-09-27T23:36:00Z,REM,Sleep,0,128,observedRawSignal,48039CED-8E78-5011-88DA-FC702B0527EA,0000,1,128,1,0,-1,1,1,3,128.33333333333334,128,128,129,1,0.4714045207910317,0.6666666666666666,0.33333333333333337,1,1,2,1,1,5,128.2,128,128,129,1,0.4,0.8,0.19999999999999996,0.5,1,2,3,1,10,129.8,128.0,128,139,11,3.54400902933387,0.7,0.30000000000000004,3.3333333333333335,11,5,4,1,30,130,128.0,128,152,24,5.3975302994363386,0.8,0.19999999999999996,2.896551724137931,24,10,10,0,0,,[],0,0,,[],186.0,0.6293203910498374,0.7771459614569709
2026-09-28,2026-09-27T23:37:00Z,REM,Sleep,0,128,observedRawSignal,48039CED-8E78-5011-88DA-FC702B0527EA,0000,1,128,1,0,0,0,1,3,128.33333333333334,128,128,129,1,0.4714045207910317,0.6666666666666666,0.33333333333333337,0.5,1,1,2,1,5,128.2,128,128,129,1,0.4,0.8,0.19999999999999996,0.5,1,2,2,1,10,129.2,128.0,128,139,11,3.280243893371345,0.8,0.19999999999999996,2.6666666666666665,11,4,4,1,30,130,128.0,128,152,24,5.3975302994363386,0.8,0.19999999999999996,2.896551724137931,24,10,9,0,0,,[],0,0,,[],187.0,0.6327053285625159,0.7743926440821857
2026-09-28,2026-09-27T23:38:00Z,REM,Sleep,0,128,observedRawSignal,48039CED-8E78-5011-88DA-FC702B0527EA,0000,1,128,1,0,0,0,1,3,128,128,128,128,0,0.0,1.0,0.0,0,0,0,3,1,5,128.2,128,128,129,1,0.4,0.8,0.19999999999999996,0.5,1,2,3,1,10,129.2,128.0,128,139,11,3.280243893371345,0.8,0.19999999999999996,2.6666666666666665,11,4,4,1,30,130,128.0,128,152,24,5.3975302994363386,0.8,0.19999999999999996,2.896551724137931,24,10,8,0,0,,[],0,0,,[],188.0,0.636078220277764,0.77162458338772
2026-09-28,2026-09-27T23:39:00Z,REM,Sleep,0,128,observedRawSignal,48039CED-8E78-5011-88DA-FC702B0527EA,0000,1,128,1,0,0,0,1,3,128,128,128,128,0,0.0,1.0,0.0,0,0,0,3,1,5,128.2,128,128,129,1,0.4,0.8,0.19999999999999996,0.25,1,1,4,1,10,129.2,128.0,128,139,11,3.280243893371345,0.8,0.19999999999999996,1.4444444444444444,11,3,4,1,30,130,128.0,128,152,24,5.3975302994363386,0.8,0.19999999999999996,2.896551724137931,24,10,7,0,0,,[],0,0,,[],189.0,0.6394390019805848,0.7688418320734595
2026-09-28,2026-09-27T23:40:00Z,Core,Sleep,0,128,observedRawSignal,48039CED-8E78-5011-88DA-FC702B0527EA,0000,1,128,1,0,0,0,1,3,128,128,128,128,0,0.0,1.0,0.0,0,0,0,3,1,5,128,128,128,128,0,0.0,1.0,0.0,0,0,0,5,1,10,128.1,128.0,128,129,1,0.3,0.9,0.09999999999999998,0.2222222222222222,1,2,5,1,30,130,128.0,128,152,24,5.3975302994363386,0.8,0.19999999999999996,2.896551724137931,24,10,7,0,0,,[],0,0,,[],190.0,0.6427876096865393,0.766044443118978
2026-09-28,2026-09-27T23:41:00Z,Core,Sleep,0,139,observedRawSignal,48039CED-8E78-5011-88DA-FC702B0527EA,0000,1,139,0,11,11,11,1,3,131.66666666666666,128,128,139,11,5.185449728701348,0.6666666666666666,0.33333333333333337,5.5,11,1,2,1,5,130.2,128,128,139,11,4.4,0.8,0.19999999999999996,2.75,11,1,4,1,10,129.2,128.0,128,139,11,3.280243893371345,0.8,0.19999999999999996,1.4444444444444444,11,3,5,1,30,130.36666666666667,128.0,128,152,24,5.618323197854993,0.7666666666666667,0.23333333333333328,3.2758620689655173,24,11,7,0,0,,[],0,0,,[],191.0,0.6461239796429638,0.7632324697825289
2026-09-28,2026-09-27T23:42:00Z,Core,Sleep,0,128,observedRawSignal,48039CED-8E78-5011-88DA-FC702B0527EA,0000,1,128,1,0,-11,11,1,3,131.66666666666666,128,128,139,11,5.185449728701348,0.6666666666666666,0.33333333333333337,11,11,2,1,1,5,130.2,128,128,139,11,4.4,0.8,0.19999999999999996,5.5,11,2,3,1,10,129.2,128.0,128,139,11,3.280243893371345,0.8,0.19999999999999996,2.6666666666666665,11,4,5,1,30,130.36666666666667,128.0,128,152,24,5.618323197854993,0.7666666666666667,0.23333333333333328,3.6551724137931036,24,12,7,0,0,,[],0,0,,[],192.0,0.6494480483301837,0.7604059656000309
2026-09-28,2026-09-27T23:43:00Z,Core,Sleep,0,128,observedRawSignal,48039CED-8E78-5011-88DA-FC702B0527EA,0000,1,128,1,0,0,0,1,3,131.66666666666666,128,128,139,11,5.185449728701348,0.6666666666666666,0.33333333333333337,5.5,11,1,2,1,5,130.2,128,128,139,11,4.4,0.8,0.19999999999999996,5.5,11,2,2,1,10,129.2,128.0,128,139,11,3.280243893371345,0.8,0.19999999999999996,2.6666666666666665,11,4,5,1,30,130.36666666666667,128.0,128,152,24,5.618323197854993,0.7666666666666667,0.23333333333333328,3.6551724137931036,24,12,7,0,0,,[],0,0,,[],193.0,0.6527597524627224,0.7575649843840496
2026-09-28,2026-09-27T23:44:00Z,Core,Sleep,0,128,observedRawSignal,48039CED-8E78-5011-88DA-FC702B0527EA,0000,1,128,1,0,0,0,1,3,128,128,128,128,0,0.0,1.0,0.0,0,0,0,3,1,5,130.2,128,128,139,11,4.4,0.8,0.19999999999999996,5.5,11,2,3,1,10,129.2,128.0,128,139,11,3.280243893371345,0.8,0.19999999999999996,2.5555555555555554,11,3,5,1,30,130.36666666666667,128.0,128,152,24,5.618323197854993,0.7666666666666667,0.23333333333333328,3.6551724137931036,24,12,7,0,0,,[],0,0,,[],194.0,0.6560590289905072,0.754709580222772
2026-09-28,2026-09-27T23:45:00Z,Core,Sleep,0,128,observedRawSignal,48039CED-8E78-5011-88DA-FC702B0527EA,0000,1,128,1,0,0,0,1,3,128,128,128,128,0,0.0,1.0,0.0,0,0,0,3,1,5,130.2,128,128,139,11,4.4,0.8,0.19999999999999996,2.75,11,1,4,1,10,129.1,128.0,128,139,11,3.3,0.9,0.09999999999999998,2.4444444444444446,11,2,5,1,30,130.36666666666667,128.0,128,152,24,5.618323197854993,0.7666666666666667,0.23333333333333328,3.6551724137931036,24,12,7,0,0,,[],0,0,,[],195.0,0.6593458151000688,0.7518398074789775
2026-09-28,2026-09-27T23:46:00Z,Core,Sleep,0,128,observedRawSignal,48039CED-8E78-5011-88DA-FC702B0527EA,0000,1,128,1,0,0,0,1,3,128,128,128,128,0,0.0,1.0,0.0,0,0,0,3,1,5,128,128,128,128,0,0.0,1.0,0.0,0,0,0,5,1,10,129.1,128.0,128,139,11,3.3,0.9,0.09999999999999998,2.4444444444444446,11,2,5,1,30,130.36666666666667,128.0,128,152,24,5.618323197854993,0.7666666666666667,0.23333333333333328,3.103448275862069,24,11,7,0,0,,[],0,0,,[],196.0,0.6626200482157375,0.7489557207890021
2026-09-28,2026-09-27T23:47:00Z,Core,Sleep,0,128,observedRawSignal,48039CED-8E78-5011-88DA-FC702B0527EA,0000,1,128,1,0,0,0,1,3,128,128,128,128,0,0.0,1.0,0.0,0,0,0,3,1,5,128,128,128,128,0,0.0,1.0,0.0,0,0,0,5,1,10,129.1,128.0,128,139,11,3.3,0.9,0.09999999999999998,2.4444444444444446,11,2,6,1,30,129.83333333333334,128.0,128,152,24,5.027148518019159,0.8,0.19999999999999996,2.8275862068965516,24,10,7,0,0,,[],0,0,,[],197.0,0.6658816660008343,0.7460573750616994
2026-09-28,2026-09-27T23:48:00Z,Core,Sleep,0,132,observedRawSignal,48039CED-8E78-5011-88DA-FC702B0527EA,0000,1,132,0,4,4,4,1,3,129.33333333333334,128,128,132,4,1.8856180831641267,0.6666666666666666,0.33333333333333337,2,4,1,2,1,5,128.8,128,128,132,4,1.6,0.8,0.19999999999999996,1,4,1,4,1,10,129.5,128.0,128,139,11,3.383784863137726,0.8,0.19999999999999996,2.888888888888889,11,3,6,1,30,129.16666666666666,128.0,128,139,11,2.9335227211589063,0.8,0.19999999999999996,2.1379310344827585,11,10,7,0,0,,[],0,0,,[],198.0,0.6691306063588582,0.7431448254773942
2026-09-28,2026-09-27T23:49:00Z,Core,Sleep,0,128,observedRawSignal,48039CED-8E78-5011-88DA-FC702B0527EA,0000,1,128,1,0,-4,4,1,3,129.33333333333334,128,128,132,4,1.8856180831641267,0.6666666666666666,0.33333333333333337,4,4,2,1,1,5,128.8,128,128,132,4,1.6,0.8,0.19999999999999996,2,4,2,3,1,10,129.5,128.0,128,139,11,3.383784863137726,0.8,0.19999999999999996,3.3333333333333335,11,4,6,1,30,129.16666666666666,128.0,128,139,11,2.9335227211589063,0.8,0.19999999999999996,2.2758620689655173,11,11,6,0,0,,[],0,0,,[],199.0,0.672366807434668,0.7402181274868321
2026-09-28,2026-09-27T23:50:00Z,Core,Sleep,0,128,observedRawSignal,48039CED-8E78-5011-88DA-FC702B0527EA,0000,1,128,1,0,0,0,1,3,129.33333333333334,128,128,132,4,1.8856180831641267,0.6666666666666666,0.33333333333333337,2,4,1,2,1,5,128.8,128,128,132,4,1.6,0.8,0.19999999999999996,2,4,2,2,1,10,129.5,128.0,128,139,11,3.383784863137726,0.8,0.19999999999999996,2.111111111111111,11,3,6,1,30,129.16666666666666,128.0,128,139,11,2.9335227211589063,0.8,0.19999999999999996,2.2758620689655173,11,11,6,0,0,,[],0,0,,[],200.0,0.6755902076156602,0.7372773368101241
2026-09-28,2026-09-27T23:51:00Z,Core,Sleep,0,128,observedRawSignal,48039CED-8E78-5011-88DA-FC702B0527EA,0000,1,128,1,0,0,0,1,3,128,128,128,128,0,0.0,1.0,0.0,0,0,0,3,1,5,128.8,128,128,132,4,1.6,0.8,0.19999999999999996,2,4,2,3,1,10,128.4,128.0,128,132,4,1.2,0.9,0.09999999999999998,0.8888888888888888,4,2,6,1,30,129.16666666666666,128.0,128,139,11,2.9335227211589063,0.8,0.19999999999999996,2.2758620689655173,11,11,6,0,0,,[],0,0,,[],201.0,0.6788007455329418,0.7343225094356856
2026-09-28,2026-09-27T23:52:00Z,Core,Sleep,0,128,observedRawSignal,48039CED-8E78-5011-88DA-FC702B0527EA,0000,1,128,1,0,0,0,1,3,128,128,128,128,0,0.0,1.0,0.0,0,0,0,3,1,5,128.8,128,128,132,4,1.6,0.8,0.19999999999999996,1,4,1,4,1,10,128.4,128.0,128,132,4,1.2,0.9,0.09999999999999998,0.8888888888888888,4,2,5,1,30,129.16666666666666,128.0,128,139,11,2.9335227211589063,0.8,0.19999999999999996,2.2758620689655173,11,11,6,0,0,,[],0,0,,[],202.0,0.6819983600624985,0.7313537016191706
2026-09-28,2026-09-27T23:53:00Z,Core,Sleep,0,128,observedRawSignal,48039CED-8E78-5011-88DA-FC702B0527EA,0000,1,128,1,0,0,0,1,3,128,128,128,128,0,0.0,1.0,0.0,0,0,0,3,1,5,128,128,128,128,0,0.0,1.0,0.0,0,0,0,5,1,10,128.4,128.0,128,132,4,1.2,0.9,0.09999999999999998,0.8888888888888888,4,2,5,1,30,129.16666666666666,128.0,128,139,11,2.9335227211589063,0.8,0.19999999999999996,2.2758620689655173,11,11,6,0,0,,[],0,0,,[],203.0,0.6851829903263591,0.7283709698824002
2026-09-28,2026-09-27T23:54:00Z,Core,Sleep,0,128,observedRawSignal,48039CED-8E78-5011-88DA-FC702B0527EA,0000,1,128,1,0,0,0,1,3,128,128,128,128,0,0.0,1.0,0.0,0,0,0,3,1,5,128,128,128,128,0,0.0,1.0,0.0,0,0,0,5,1,10,128.4,128.0,128,132,4,1.2,0.9,0.09999999999999998,0.8888888888888888,4,2,6,1,30,129.16666666666666,128.0,128,139,11,2.9335227211589063,0.8,0.19999999999999996,2.2758620689655173,11,11,6,0,0,,[],0,0,,[],204.0,0.6883545756937539,0.7253743710122877
2026-09-28,2026-09-27T23:55:00Z,Core,Sleep,0,128,observedRawSignal,48039CED-8E78-5011-88DA-FC702B0527EA,0000,1,128,1,0,0,0,1,3,128,128,128,128,0,0.0,1.0,0.0,0,0,0,3,1,5,128,128,128,128,0,0.0,1.0,0.0,0,0,0,5,1,10,128.4,128.0,128,132,4,1.2,0.9,0.09999999999999998,0.8888888888888888,4,2,7,1,30,129.16666666666666,128.0,128,139,11,2.9335227211589063,0.8,0.19999999999999996,2.206896551724138,11,10,7,0,0,,[],0,0,,[],205.0,0.6915130557822693,0.7223639620597556
2026-09-28,2026-09-27T23:56:00Z,Core,Sleep,0,128,observedRawSignal,48039CED-8E78-5011-88DA-FC702B0527EA,0000,1,128,1,0,0,0,1,3,128,128,128,128,0,0.0,1.0,0.0,0,0,0,3,1,5,128,128,128,128,0,0.0,1.0,0.0,0,0,0,5,1,10,128.4,128.0,128,132,4,1.2,0.9,0.09999999999999998,0.8888888888888888,4,2,8,1,30,129.1,128.0,128,139,11,2.936551265231604,0.8333333333333334,0.16666666666666663,2.0689655172413794,11,9,8,0,0,,[],0,0,,[],206.0,0.6946583704589973,0.7193398003386512
2026-09-28,2026-09-27T23:57:00Z,Core,Sleep,0,128,observedRawSignal,48039CED-8E78-5011-88DA-FC702B0527EA,0000,1,128,1,0,0,0,1,3,128,128,128,128,0,0.0,1.0,0.0,0,0,0,3,1,5,128,128,128,128,0,0.0,1.0,0.0,0,0,0,5,1,10,128.4,128.0,128,132,4,1.2,0.9,0.09999999999999998,0.4444444444444444,4,1,9,1,30,128.9,128.0,128,139,11,2.7970222261064235,0.8666666666666667,0.1333333333333333,1.8620689655172413,11,8,9,0,0,,[],0,0,,[],207.0,0.6977904598416801,0.7163019434246543
2026-09-28,2026-09-27T23:58:00Z,Core,Sleep,0,128,observedRawSignal,48039CED-8E78-5011-88DA-FC702B0527EA,0000,1,128,1,0,0,0,1,3,128,128,128,128,0,0.0,1.0,0.0,0,0,0,3,1,5,128,128,128,128,0,0.0,1.0,0.0,0,0,0,5,1,10,128,128.0,128,128,0,0.0,1.0,0.0,0,0,0,10,1,30,128.9,128.0,128,139,11,2.7970222261064235,0.8666666666666667,0.1333333333333333,1.8620689655172413,11,8,10,0,0,,[],0,0,,[],208.0,0.7009092642998509,0.7132504491541816
2026-09-28,2026-09-27T23:59:00Z,REM,Sleep,0,128,observedRawSignal,48039CED-8E78-5011-88DA-FC702B0527EA,0000,1,128,1,0,0,0,1,3,128,128,128,128,0,0.0,1.0,0.0,0,0,0,3,1,5,128,128,128,128,0,0.0,1.0,0.0,0,0,0,5,1,10,128,128.0,128,128,0,0.0,1.0,0.0,0,0,0,10,1,30,128.9,128.0,128,139,11,2.7970222261064235,0.8666666666666667,0.1333333333333333,1.4827586206896552,11,7,11,0,0,,[],0,0,,[],209.0,0.7040147244559684,0.7101853756232854
2026-09-28,2026-09-28T00:00:00Z,REM,Sleep,0,128,observedRawSignal,D1597089-5341-5159-B276-DFA4ADFBE739,0001,1,128,1,0,0,0,1,3,128,128,128,128,0,0.0,1.0,0.0,0,0,0,3,1,5,128,128,128,128,0,0.0,1.0,0.0,0,0,0,5,1,10,128,128.0,128,128,0,0.0,1.0,0.0,0,0,0,10,1,30,128.53333333333333,128.0,128,139,11,2.0773915267843845,0.9,0.09999999999999998,1.103448275862069,11,6,12,0,0,,[],0,0,,[],210.0,0.7071067811865475,0.7071067811865476
2026-09-28,2026-09-28T00:01:00Z,REM,Sleep,0,128,observedRawSignal,D1597089-5341-5159-B276-DFA4ADFBE739,0001,1,128,1,0,0,0,1,3,128,128,128,128,0,0.0,1.0,0.0,0,0,0,3,1,5,128,128,128,128,0,0.0,1.0,0.0,0,0,0,5,1,10,128,128.0,128,128,0,0.0,1.0,0.0,0,0,0,10,1,30,128.53333333333333,128.0,128,139,11,2.0773915267843845,0.9,0.09999999999999998,1.103448275862069,11,6,13,0,0,,[],0,0,,[],211.0,0.7101853756232853,0.7040147244559684
2026-09-28,2026-09-28T00:02:00Z,REM,Sleep,0,128,observedRawSignal,D1597089-5341-5159-B276-DFA4ADFBE739,0001,1,128,1,0,0,0,1,3,128,128,128,128,0,0.0,1.0,0.0,0,0,0,3,1,5,128,128,128,128,0,0.0,1.0,0.0,0,0,0,5,1,10,128,128.0,128,128,0,0.0,1.0,0.0,0,0,0,10,1,30,128.53333333333333,128.0,128,139,11,2.0773915267843845,0.9,0.09999999999999998,1.103448275862069,11,6,14,0,0,,[],0,0,,[],212.0,0.7132504491541816,0.7009092642998509
2026-09-28,2026-09-28T00:03:00Z,REM,Sleep,0,137,observedRawSignal,D1597089-5341-5159-B276-DFA4ADFBE739,0001,1,137,0,9,9,9,1,3,131,128,128,137,9,4.242640687119285,0.6666666666666666,0.33333333333333337,4.5,9,1,2,1,5,129.8,128,128,137,9,3.6,0.8,0.19999999999999996,2.25,9,1,4,1,10,128.9,128.0,128,137,9,2.7,0.9,0.09999999999999998,1,9,1,9,1,30,128.83333333333334,128.0,128,139,11,2.5701275368268313,0.8666666666666667,0.1333333333333333,1.4137931034482758,11,7,14,0,0,,[],0,0,,[],213.0,0.7163019434246541,0.6977904598416802
2026-09-28,2026-09-28T00:04:00Z,REM,Sleep,0,128,observedRawSignal,D1597089-5341-5159-B276-DFA4ADFBE739,0001,1,128,1,0,-9,9,1,3,131,128,128,137,9,4.242640687119285,0.6666666666666666,0.33333333333333337,9,9,2,1,1,5,129.8,128,128,137,9,3.6,0.8,0.19999999999999996,4.5,9,2,3,1,10,128.9,128.0,128,137,9,2.7,0.9,0.09999999999999998,2,9,2,8,1,30,128.83333333333334,128.0,128,139,11,2.5701275368268313,0.8666666666666667,0.1333333333333333,1.6896551724137931,11,7,14,0,0,,[],0,0,,[],214.0,0.7193398003386511,0.6946583704589974
2026-09-28,2026-09-28T00:05:00Z,REM,Sleep,0,128,observedRawSignal,D1597089-5341-5159-B276-DFA4ADFBE739,0001,1,128,1,0,0,0,1,3,131,128,128,137,9,4.242640687119285,0.6666666666666666,0.33333333333333337,4.5,9,1,2,1,5,129.8,128,128,137,9,3.6,0.8,0.19999999999999996,4.5,9,2,2,1,10,128.9,128.0,128,137,9,2.7,0.9,0.09999999999999998,2,9,2,7,1,30,128.8,128.0,128,139,11,2.574231276841043,0.9,0.09999999999999998,1.6551724137931034,11,6,14,1,1,59,"[""3bfb6a70a47fd2ceb340432c6eae5ce44f44c8f83861283365a1080a99c076d7""]",1,1,11,"[""77684af90606d22e2bf647da16101b4961b107476e06daa4cf55cd012c9af3cd""]",215.0,0.7223639620597555,0.6915130557822694
2026-09-28,2026-09-28T00:06:00Z,REM,Sleep,0,128,observedRawSignal,D1597089-5341-5159-B276-DFA4ADFBE739,0001,1,128,1,0,0,0,1,3,128,128,128,128,0,0.0,1.0,0.0,0,0,0,3,1,5,129.8,128,128,137,9,3.6,0.8,0.19999999999999996,4.5,9,2,3,1,10,128.9,128.0,128,137,9,2.7,0.9,0.09999999999999998,2,9,2,6,1,30,128.8,128.0,128,139,11,2.574231276841043,0.9,0.09999999999999998,1.6551724137931034,11,6,14,0,0,,[],0,0,,[],216.0,0.7253743710122876,0.688354575693754
2026-09-28,2026-09-28T00:07:00Z,REM,Sleep,0,128,observedRawSignal,D1597089-5341-5159-B276-DFA4ADFBE739,0001,1,128,1,0,0,0,1,3,128,128,128,128,0,0.0,1.0,0.0,0,0,0,3,1,5,129.8,128,128,137,9,3.6,0.8,0.19999999999999996,2.25,9,1,4,1,10,128.9,128.0,128,137,9,2.7,0.9,0.09999999999999998,2,9,2,5,1,30,128.8,128.0,128,139,11,2.574231276841043,0.9,0.09999999999999998,1.6551724137931034,11,6,14,0,0,,[],0,0,,[],217.0,0.7283709698824004,0.6851829903263591
2026-09-28,2026-09-28T00:08:00Z,REM,Sleep,0,128,observedRawSignal,D1597089-5341-5159-B276-DFA4ADFBE739,0001,1,128,1,0,0,0,1,3,128,128,128,128,0,0.0,1.0,0.0,0,0,0,3,1,5,128,128,128,128,0,0.0,1.0,0.0,0,0,0,5,1,10,128.9,128.0,128,137,9,2.7,0.9,0.09999999999999998,2,9,2,5,1,30,128.8,128.0,128,139,11,2.574231276841043,0.9,0.09999999999999998,1.6551724137931034,11,6,14,0,0,,[],0,0,,[],218.0,0.7313537016191705,0.6819983600624985
2026-09-28,2026-09-28T00:09:00Z,REM,Sleep,0,128,observedRawSignal,D1597089-5341-5159-B276-DFA4ADFBE739,0001,1,128,1,0,0,0,1,3,128,128,128,128,0,0.0,1.0,0.0,0,0,0,3,1,5,128,128,128,128,0,0.0,1.0,0.0,0,0,0,5,1,10,128.9,128.0,128,137,9,2.7,0.9,0.09999999999999998,2,9,2,6,1,30,128.8,128.0,128,139,11,2.574231276841043,0.9,0.09999999999999998,1.6551724137931034,11,6,14,0,0,,[],0,0,,[],219.0,0.7343225094356854,0.6788007455329418
2026-09-28,2026-09-28T00:10:00Z,REM,Sleep,0,128,observedRawSignal,D1597089-5341-5159-B276-DFA4ADFBE739,0001,1,128,1,0,0,0,1,3,128,128,128,128,0,0.0,1.0,0.0,0,0,0,3,1,5,128,128,128,128,0,0.0,1.0,0.0,0,0,0,5,1,10,128.9,128.0,128,137,9,2.7,0.9,0.09999999999999998,2,9,2,7,1,30,128.8,128.0,128,139,11,2.574231276841043,0.9,0.09999999999999998,1.2758620689655173,11,5,14,0,0,,[],0,0,,[],220.0,0.7372773368101241,0.6755902076156602
2026-09-28,2026-09-28T00:11:00Z,REM,Sleep,0,128,observedRawSignal,D1597089-5341-5159-B276-DFA4ADFBE739,0001,1,128,1,0,0,0,1,3,128,128,128,128,0,0.0,1.0,0.0,0,0,0,3,1,5,128,128,128,128,0,0.0,1.0,0.0,0,0,0,5,1,10,128.9,128.0,128,137,9,2.7,0.9,0.09999999999999998,2,9,2,8,1,30,128.43333333333334,128.0,128,137,9,1.74515201502779,0.9333333333333333,0.06666666666666665,0.896551724137931,9,4,14,0,0,,[],0,0,,[],221.0,0.7402181274868321,0.672366807434668
2026-09-28,2026-09-28T00:12:00Z,REM,Sleep,0,128,observedRawSignal,D1597089-5341-5159-B276-DFA4ADFBE739,0001,1,128,1,0,0,0,1,3,128,128,128,128,0,0.0,1.0,0.0,0,0,0,3,1,5,128,128,128,128,0,0.0,1.0,0.0,0,0,0,5,1,10,128.9,128.0,128,137,9,2.7,0.9,0.09999999999999998,1,9,1,9,1,30,128.43333333333334,128.0,128,137,9,1.74515201502779,0.9333333333333333,0.06666666666666665,0.896551724137931,9,4,14,0,0,,[],0,0,,[],222.0,0.7431448254773942,0.6691306063588582
2026-09-28,2026-09-28T00:13:00Z,REM,Sleep,0,128,observedRawSignal,D1597089-5341-5159-B276-DFA4ADFBE739,0001,1,128,1,0,0,0,1,3,128,128,128,128,0,0.0,1.0,0.0,0,0,0,3,1,5,128,128,128,128,0,0.0,1.0,0.0,0,0,0,5,1,10,128,128.0,128,128,0,0.0,1.0,0.0,0,0,0,10,1,30,128.43333333333334,128.0,128,137,9,1.74515201502779,0.9333333333333333,0.06666666666666665,0.896551724137931,9,4,14,0,0,,[],0,0,,[],223.0,0.7460573750616996,0.6658816660008343
2026-09-28,2026-09-28T00:14:00Z,Deep,Sleep,0,128,observedRawSignal,D1597089-5341-5159-B276-DFA4ADFBE739,0001,1,128,1,0,0,0,1,3,128,128,128,128,0,0.0,1.0,0.0,0,0,0,3,1,5,128,128,128,128,0,0.0,1.0,0.0,0,0,0,5,1,10,128,128.0,128,128,0,0.0,1.0,0.0,0,0,0,10,1,30,128.43333333333334,128.0,128,137,9,1.74515201502779,0.9333333333333333,0.06666666666666665,0.896551724137931,9,4,14,0,0,,[],0,0,,[],224.0,0.7489557207890021,0.6626200482157375
2026-09-28,2026-09-28T00:15:00Z,Deep,Sleep,0,128,observedRawSignal,D1597089-5341-5159-B276-DFA4ADFBE739,0001,1,128,1,0,0,0,1,3,128,128,128,128,0,0.0,1.0,0.0,0,0,0,3,1,5,128,128,128,128,0,0.0,1.0,0.0,0,0,0,5,1,10,128,128.0,128,128,0,0.0,1.0,0.0,0,0,0,10,1,30,128.43333333333334,128.0,128,137,9,1.74515201502779,0.9333333333333333,0.06666666666666665,0.896551724137931,9,4,14,0,0,,[],0,0,,[],225.0,0.7518398074789774,0.659345815100069
2026-09-28,2026-09-28T00:16:00Z,Deep,Sleep,0,132,observedRawSignal,D1597089-5341-5159-B276-DFA4ADFBE739,0001,1,132,0,4,4,4,1,3,129.33333333333334,128,128,132,4,1.8856180831641267,0.6666666666666666,0.33333333333333337,2,4,1,2,1,5,128.8,128,128,132,4,1.6,0.8,0.19999999999999996,1,4,1,4,1,10,128.4,128.0,128,132,4,1.2,0.9,0.09999999999999998,0.4444444444444444,4,1,9,1,30,128.56666666666666,128.0,128,137,9,1.8562207723101138,0.9,0.09999999999999998,1.0344827586206897,9,5,14,0,0,,[],0,0,,[],226.0,0.754709580222772,0.6560590289905073
2026-09-28,2026-09-28T00:17:00Z,Core,Sleep,0,137,observedRawSignal,D1597089-5341-5159-B276-DFA4ADFBE739,0001,1,137,0,9,5,5,1,3,132.33333333333334,132,128,137,9,3.681787005729087,0.3333333333333333,0.6666666666666667,4.5,5,2,1,1,5,130.6,128,128,137,9,3.5552777669262356,0.6,0.4,2.25,5,2,3,1,10,129.3,128.0,128,137,9,2.8301943396169813,0.8,0.19999999999999996,1,5,2,8,1,30,128.86666666666667,128.0,128,137,9,2.390722810272148,0.8666666666666667,0.1333333333333333,1.0689655172413792,9,5,14,0,0,,[],0,0,,[],227.0,0.7575649843840495,0.6527597524627226
2026-09-28,2026-09-28T00:18:00Z,Core,Sleep,0,128,observedRawSignal,D1597089-5341-5159-B276-DFA4ADFBE739,0001,1,128,1,0,-9,9,1,3,132.33333333333334,132,128,137,9,3.681787005729087,0.3333333333333333,0.6666666666666667,7,9,2,1,1,5,130.6,128,128,137,9,3.5552777669262356,0.6,0.4,4.5,9,3,2,1,10,129.3,128.0,128,137,9,2.8301943396169813,0.8,0.19999999999999996,2,9,3,7,1,30,128.73333333333332,128.0,128,137,9,2.322833518691246,0.9,0.09999999999999998,1.2413793103448276,9,5,14,0,0,,[],0,0,,[],228.0,0.760405965600031,0.6494480483301835
2026-09-28,2026-09-28T00:19:00Z,Core,Sleep,0,128,observedRawSignal,D1597089-5341-5159-B276-DFA4ADFBE739,0001,1,128,1,0,0,0,1,3,131,128,128,137,9,4.242640687119285,0.6666666666666666,0.33333333333333337,4.5,9,1,2,1,5,130.6,128,128,137,9,3.5552777669262356,0.6,0.4,4.5,9,3,2,1,10,129.3,128.0,128,137,9,2.8301943396169813,0.8,0.19999999999999996,2,9,3,6,1,30,128.73333333333332,128.0,128,137,9,2.322833518691246,0.9,0.09999999999999998,1.2413793103448276,9,5,13,0,0,,[],0,0,,[],229.0,0.7632324697825289,0.6461239796429639
2026-09-28,2026-09-28T00:20:00Z,Core,Sleep,0,128,observedRawSignal,D1597089-5341-5159-B276-DFA4ADFBE739,0001,1,128,1,0,0,0,1,3,128,128,128,128,0,0.0,1.0,0.0,0,0,0,3,1,5,130.6,128,128,137,9,3.5552777669262356,0.6,0.4,3.5,9,2,3,1,10,129.3,128.0,128,137,9,2.8301943396169813,0.8,0.19999999999999996,2,9,3,5,1,30,128.73333333333332,128.0,128,137,9,2.322833518691246,0.9,0.09999999999999998,1.2413793103448276,9,5,12,0,0,,[],0,0,,[],230.0,0.766044443118978,0.6427876096865394
2026-09-28,2026-09-28T00:21:00Z,Core,Sleep,0,128,observedRawSignal,D1597089-5341-5159-B276-DFA4ADFBE739,0001,1,128,1,0,0,0,1,3,128,128,128,128,0,0.0,1.0,0.0,0,0,0,3,1,5,129.8,128,128,137,9,3.6,0.8,0.19999999999999996,2.25,9,1,4,1,10,129.3,128.0,128,137,9,2.8301943396169813,0.8,0.19999999999999996,2,9,3,4,1,30,128.73333333333332,128.0,128,137,9,2.322833518691246,0.9,0.09999999999999998,1.2413793103448276,9,5,12,0,0,,[],0,0,,[],231.0,0.7688418320734596,0.6394390019805847
2026-09-28,2026-09-28T00:22:00Z,Core,Sleep,0,132,observedRawSignal,D1597089-5341-5159-B276-DFA4ADFBE739,0001,1,132,0,4,4,4,1,3,129.33333333333334,128,128,132,4,1.8856180831641267,0.6666666666666666,0.33333333333333337,2,4,1,2,1,5,128.8,128,128,132,4,1.6,0.8,0.19999999999999996,1,4,1,4,1,10,129.7,128.0,128,137,9,2.9,0.7,0.30000000000000004,2.4444444444444446,9,4,4,1,30,128.86666666666667,128.0,128,137,9,2.390722810272148,0.8666666666666667,0.1333333333333333,1.3793103448275863,9,6,12,0,0,,[],0,0,,[],232.0,0.77162458338772,0.636078220277764
2026-09-28,2026-09-28T00:23:00Z,Core,Sleep,0,137,observedRawSignal,D1597089-5341-5159-B276-DFA4ADFBE739,0001,1,137,0,9,5,5,1,3,132.33333333333334,132,128,137,9,3.681787005729087,0.3333333333333333,0.6666666666666667,4.5,5,2,1,1,5,130.6,128,128,137,9,3.5552777669262356,0.6,0.4,2.25,5,2,3,1,10,130.6,128.0,128,137,9,3.5552777669262356,0.6,0.4,3,9,5,4,1,30,129.16666666666666,128.0,128,137,9,2.7938424357067015,0.8333333333333334,0.16666666666666663,1.5517241379310345,9,7,12,0,0,,[],0,0,,[],233.0,0.7743926440821856,0.6327053285625162
2026-09-28,2026-09-28T00:24:00Z,Core,Sleep,0,128,observedRawSignal,D1597089-5341-5159-B276-DFA4ADFBE739,0001,1,128,1,0,-9,9,1,3,132.33333333333334,132,128,137,9,3.681787005729087,0.3333333333333333,0.6666666666666667,7,9,2,1,1,5,130.6,128,128,137,9,3.5552777669262356,0.6,0.4,4.5,9,3,2,1,10,130.6,128.0,128,137,9,3.5552777669262356,0.6,0.4,4,9,6,4,1,30,129.16666666666666,128.0,128,137,9,2.7938424357067015,0.8333333333333334,0.16666666666666663,1.8620689655172413,9,8,12,0,0,,[],0,0,,[],234.0,0.7771459614569708,0.6293203910498375
2026-09-28,2026-09-28T00:25:00Z,Core,Sleep,0,128,observedRawSignal,D1597089-5341-5159-B276-DFA4ADFBE739,0001,1,128,1,0,0,0,1,3,131,128,128,137,9,4.242640687119285,0.6666666666666666,0.33333333333333337,4.5,9,1,2,1,5,130.6,128,128,137,9,3.5552777669262356,0.6,0.4,4.5,9,3,2,1,10,130.6,128.0,128,137,9,3.5552777669262356,0.6,0.4,3.5555555555555554,9,5,4,1,30,129.16666666666666,128.0,128,137,9,2.7938424357067015,0.8333333333333334,0.16666666666666663,1.8620689655172413,9,8,12,0,0,,[],0,0,,[],235.0,0.7798844830928817,0.6259234721840591
2026-09-28,2026-09-28T00:26:00Z,Core,Sleep,0,128,observedRawSignal,D1597089-5341-5159-B276-DFA4ADFBE739,0001,1,128,1,0,0,0,1,3,128,128,128,128,0,0.0,1.0,0.0,0,0,0,3,1,5,130.6,128,128,137,9,3.5552777669262356,0.6,0.4,3.5,9,2,3,1,10,130.2,128.0,128,137,9,3.6,0.7,0.30000000000000004,3,9,4,4,1,30,129.16666666666666,128.0,128,137,9,2.7938424357067015,0.8333333333333334,0.16666666666666663,1.8620689655172413,9,8,12,0,0,,[],0,0,,[],236.0,0.7826081568524138,0.6225146366376196
2026-09-28,2026-09-28T00:27:00Z,Core,Sleep,0,128,observedRawSignal,D1597089-5341-5159-B276-DFA4ADFBE739,0001,1,128,1,0,0,0,1,3,128,128,128,128,0,0.0,1.0,0.0,0,0,0,3,1,5,129.8,128,128,137,9,3.6,0.8,0.19999999999999996,2.25,9,1,4,1,10,129.3,128.0,128,137,9,2.8301943396169813,0.8,0.19999999999999996,2,9,3,4,1,30,129.16666666666666,128.0,128,137,9,2.7938424357067015,0.8333333333333334,0.16666666666666663,1.8620689655172413,9,8,12,0,0,,[],0,0,,[],237.0,0.7853169308807448,0.6190939493098341
2026-09-28,2026-09-28T00:28:00Z,Core,Sleep,0,128,observedRawSignal,D1597089-5341-5159-B276-DFA4ADFBE739,0001,1,128,1,0,0,0,1,3,128,128,128,128,0,0.0,1.0,0.0,0,0,0,3,1,5,128,128,128,128,0,0.0,1.0,0.0,0,0,0,5,1,10,129.3,128.0,128,137,9,2.8301943396169813,0.8,0.19999999999999996,2,9,3,5,1,30,129.16666666666666,128.0,128,137,9,2.7938424357067015,0.8333333333333334,0.16666666666666663,1.8620689655172413,9,8,12,0,0,,[],0,0,,[],238.0,0.788010753606722,0.6156614753256583
2026-09-28,2026-09-28T00:29:00Z,REM,Sleep,0,128,observedRawSignal,D1597089-5341-5159-B276-DFA4ADFBE739,0001,1,128,1,0,0,0,1,3,128,128,128,128,0,0.0,1.0,0.0,0,0,0,3,1,5,128,128,128,128,0,0.0,1.0,0.0,0,0,0,5,1,10,129.3,128.0,128,137,9,2.8301943396169813,0.8,0.19999999999999996,2,9,3,6,1,30,129.16666666666666,128.0,128,137,9,2.7938424357067015,0.8333333333333334,0.16666666666666663,1.8620689655172413,9,8,12,0,0,,[],0,0,,[],239.0,0.7906895737438433,0.6122172800344493
2026-09-28,2026-09-28T00:30:00Z,REM,Sleep,0,128,observedRawSignal,D1597089-5341-5159-B276-DFA4ADFBE739,0001,1,128,1,0,0,0,1,3,128,128,128,128,0,0.0,1.0,0.0,0,0,0,3,1,5,128,128,128,128,0,0.0,1.0,0.0,0,0,0,5,1,10,129.3,128.0,128,137,9,2.8301943396169813,0.8,0.19999999999999996,2,9,3,7,1,30,129.16666666666666,128.0,128,137,9,2.7938424357067015,0.8333333333333334,0.16666666666666663,1.8620689655172413,9,8,12,0,0,,[],0,0,,[],240.0,0.7933533402912352,0.6087614290087207
2026-09-28,2026-09-28T00:31:00Z,REM,Sleep,0,128,observedRawSignal,D1597089-5341-5159-B276-DFA4ADFBE739,0001,1,128,1,0,0,0,1,3,128,128,128,128,0,0.0,1.0,0.0,0,0,0,3,1,5,128,128,128,128,0,0.0,1.0,0.0,0,0,0,5,1,10,129.3,128.0,128,137,9,2.8301943396169813,0.8,0.19999999999999996,1.5555555555555556,9,2,8,1,30,129.16666666666666,128.0,128,137,9,2.7938424357067015,0.8333333333333334,0.16666666666666663,1.8620689655172413,9,8,12,0,0,,[],0,0,,[],241.0,0.796002002534622,0.6052939880428944
2026-09-28,2026-09-28T00:32:00Z,REM,Sleep,0,128,observedRawSignal,D1597089-5341-5159-B276-DFA4ADFBE739,0001,1,128,1,0,0,0,1,3,128,128,128,128,0,0.0,1.0,0.0,0,0,0,3,1,5,128,128,128,128,0,0.0,1.0,0.0,0,0,0,5,1,10,128.9,128.0,128,137,9,2.7,0.9,0.09999999999999998,1,9,1,9,1,30,129.16666666666666,128.0,128,137,9,2.7938424357067015,0.8333333333333334,0.16666666666666663,1.5517241379310345,9,7,12,0,0,,[],0,0,,[],242.0,0.7986355100472928,0.6018150231520483
2026-09-28,2026-09-28T00:33:00Z,REM,Sleep,0,128,observedRawSignal,D1597089-5341-5159-B276-DFA4ADFBE739,0001,1,128,1,0,0,0,1,3,128,128,128,128,0,0.0,1.0,0.0,0,0,0,3,1,5,128,128,128,128,0,0.0,1.0,0.0,0,0,0,5,1,10,128,128.0,128,128,0,0.0,1.0,0.0,0,0,0,10,1,30,128.86666666666667,128.0,128,137,9,2.390722810272148,0.8666666666666667,0.1333333333333333,1.2413793103448276,9,6,12,0,0,,[],0,0,,[],243.0,0.8012538126910607,0.5983246005706591
2026-09-28,2026-09-28T00:34:00Z,Deep,Sleep,0,128,observedRawSignal,D1597089-5341-5159-B276-DFA4ADFBE739,0001,1,128,1,0,0,0,1,3,128,128,128,128,0,0.0,1.0,0.0,0,0,0,3,1,5,128,128,128,128,0,0.0,1.0,0.0,0,0,0,5,1,10,128,128.0,128,128,0,0.0,1.0,0.0,0,0,0,10,1,30,128.86666666666667,128.0,128,137,9,2.390722810272148,0.8666666666666667,0.1333333333333333,1.2413793103448276,9,6,11,0,0,,[],0,0,,[],244.0,0.8038568606172173,0.5948227867513414
2026-09-28,2026-09-28T00:35:00Z,Deep,Sleep,0,128,observedRawSignal,D1597089-5341-5159-B276-DFA4ADFBE739,0001,1,128,1,0,0,0,1,3,128,128,128,128,0,0.0,1.0,0.0,0,0,0,3,1,5,128,128,128,128,0,0.0,1.0,0.0,0,0,0,5,1,10,128,128.0,128,128,0,0.0,1.0,0.0,0,0,0,10,1,30,128.86666666666667,128.0,128,137,9,2.390722810272148,0.8666666666666667,0.1333333333333333,1.2413793103448276,9,6,12,1,1,61,"[""484e85e567af1b49e5676cdf662899fd1c25adf2100f99953cec4b9686fba77b""]",1,1,14,"[""23addb06690b40a881be352f1b9e4a9c4603435bc7e079054f631fce94f54651""]",245.0,0.8064446042674825,0.5913096483635825
2026-09-28,2026-09-28T00:36:00Z,Deep,Sleep,0,128,observedRawSignal,D1597089-5341-5159-B276-DFA4ADFBE739,0001,1,128,1,0,0,0,1,3,128,128,128,128,0,0.0,1.0,0.0,0,0,0,3,1,5,128,128,128,128,0,0.0,1.0,0.0,0,0,0,5,1,10,128,128.0,128,128,0,0.0,1.0,0.0,0,0,0,10,1,30,128.86666666666667,128.0,128,137,9,2.390722810272148,0.8666666666666667,0.1333333333333333,1.2413793103448276,9,6,13,0,0,,[],0,0,,[],246.0,0.8090169943749475,0.5877852522924731
2026-09-28,2026-09-28T00:37:00Z,Deep,Sleep,0,128,observedRawSignal,D1597089-5341-5159-B276-DFA4ADFBE739,0001,1,128,1,0,0,0,1,3,128,128,128,128,0,0.0,1.0,0.0,0,0,0,3,1,5,128,128,128,128,0,0.0,1.0,0.0,0,0,0,5,1,10,128,128.0,128,128,0,0.0,1.0,0.0,0,0,0,10,1,30,128.86666666666667,128.0,128,137,9,2.390722810272148,0.8666666666666667,0.1333333333333333,1.2413793103448276,9,6,14,0,0,,[],0,0,,[],247.0,0.8115739819650122,0.5842496656374345
2026-09-28,2026-09-28T00:38:00Z,Deep,Sleep,0,128,observedRawSignal,D1597089-5341-5159-B276-DFA4ADFBE739,0001,1,128,1,0,0,0,1,3,128,128,128,128,0,0.0,1.0,0.0,0,0,0,3,1,5,128,128,128,128,0,0.0,1.0,0.0,0,0,0,5,1,10,128,128.0,128,128,0,0.0,1.0,0.0,0,0,0,10,1,30,128.86666666666667,128.0,128,137,9,2.390722810272148,0.8666666666666667,0.1333333333333333,1.2413793103448276,9,6,15,0,0,,[],0,0,,[],248.0,0.8141155183563191,0.5807029557109399
2026-09-28,2026-09-28T00:39:00Z,Deep,Sleep,0,128,observedRawSignal,D1597089-5341-5159-B276-DFA4ADFBE739,0001,1,128,1,0,0,0,1,3,128,128,128,128,0,0.0,1.0,0.0,0,0,0,3,1,5,128,128,128,128,0,0.0,1.0,0.0,0,0,0,5,1,10,128,128.0,128,128,0,0.0,1.0,0.0,0,0,0,10,1,30,128.86666666666667,128.0,128,137,9,2.390722810272148,0.8666666666666667,0.1333333333333333,1.2413793103448276,9,6,16,0,0,,[],0,0,,[],249.0,0.8166415551616789,0.5771451900372336
2026-09-28,2026-09-28T00:40:00Z,Deep,Sleep,0,128,observedRawSignal,D1597089-5341-5159-B276-DFA4ADFBE739,0001,1,128,1,0,0,0,1,3,128,128,128,128,0,0.0,1.0,0.0,0,0,0,3,1,5,128,128,128,128,0,0.0,1.0,0.0,0,0,0,5,1,10,128,128.0,128,128,0,0.0,1.0,0.0,0,0,0,10,1,30,128.86666666666667,128.0,128,137,9,2.390722810272148,0.8666666666666667,0.1333333333333333,1.2413793103448276,9,6,17,0,0,,[],0,0,,[],250.0,0.8191520442889918,0.573576436351046
2026-09-28,2026-09-28T00:41:00Z,Deep,Sleep,0,128,observedRawSignal,D1597089-5341-5159-B276-DFA4ADFBE739,0001,1,128,1,0,0,0,1,3,128,128,128,128,0,0.0,1.0,0.0,0,0,0,3,1,5,128,128,128,128,0,0.0,1.0,0.0,0,0,0,5,1,10,128,128.0,128,128,0,0.0,1.0,0.0,0,0,0,10,1,30,128.86666666666667,128.0,128,137,9,2.390722810272148,0.8666666666666667,0.1333333333333333,1.2413793103448276,9,6,18,0,0,,[],0,0,,[],251.0,0.8216469379421637,0.569996762596303
2026-09-28,2026-09-28T00:42:00Z,Deep,Sleep,0,136,observedRawSignal,D1597089-5341-5159-B276-DFA4ADFBE739,0001,1,136,0,8,8,8,1,3,130.66666666666666,128,128,136,8,3.7712361663282534,0.6666666666666666,0.33333333333333337,4,8,1,2,1,5,129.6,128,128,136,8,3.2,0.8,0.19999999999999996,2,8,1,4,1,10,128.8,128.0,128,136,8,2.4,0.9,0.09999999999999998,0.8888888888888888,8,1,9,1,30,129.13333333333333,128.0,128,137,9,2.7047283700134392,0.8333333333333334,0.16666666666666663,1.5172413793103448,9,7,18,0,0,,[],0,0,,[],252.0,0.8241261886220157,0.5664062369248328
2026-09-28,2026-09-28T00:43:00Z,Core,Sleep,0,128,observedRawSignal,D1597089-5341-5159-B276-DFA4ADFBE739,0001,1,128,1,0,-8,8,1,3,130.66666666666666,128,128,136,8,3.7712361663282534,0.6666666666666666,0.33333333333333337,8,8,2,1,1,5,129.6,128,128,136,8,3.2,0.8,0.19999999999999996,4,8,2,3,1,10,128.8,128.0,128,136,8,2.4,0.9,0.09999999999999998,1.7777777777777777,8,2,8,1,30,129.13333333333333,128.0,128,137,9,2.7047283700134392,0.8333333333333334,0.16666666666666663,1.793103448275862,9,8,18,0,0,,[],0,0,,[],253.0,0.8265897491271886,0.5628049276950686
2026-09-28,2026-09-28T00:44:00Z,Core,Sleep,0,128,observedRawSignal,D1597089-5341-5159-B276-DFA4ADFBE739,0001,1,128,1,0,0,0,1,3,130.66666666666666,128,128,136,8,3.7712361663282534,0.6666666666666666,0.33333333333333337,4,8,1,2,1,5,129.6,128,128,136,8,3.2,0.8,0.19999999999999996,4,8,2,2,1,10,128.8,128.0,128,136,8,2.4,0.9,0.09999999999999998,1.7777777777777777,8,2,7,1,30,129.13333333333333,128.0,128,137,9,2.7047283700134392,0.8333333333333334,0.16666666666666663,1.793103448275862,9,8,18,0,0,,[],0,0,,[],254.0,0.8290375725550417,0.5591929034707468
2026-09-28,2026-09-28T00:45:00Z,Core,Sleep,0,128,observedRawSignal,D1597089-5341-5159-B276-DFA4ADFBE739,0001,1,128,1,0,0,0,1,3,128,128,128,128,0,0.0,1.0,0.0,0,0,0,3,1,5,129.6,128,128,136,8,3.2,0.8,0.19999999999999996,4,8,2,3,1,10,128.8,128.0,128,136,8,2.4,0.9,0.09999999999999998,1.7777777777777777,8,2,6,1,30,129.13333333333333,128.0,128,137,9,2.7047283700134392,0.8333333333333334,0.16666666666666663,1.6551724137931034,9,7,18,0,0,,[],0,0,,[],255.0,0.8314696123025452,0.5555702330196023
2026-09-28,2026-09-28T00:46:00Z,Core,Sleep,0,128,observedRawSignal,D1597089-5341-5159-B276-DFA4ADFBE739,0001,1,128,1,0,0,0,1,3,128,128,128,128,0,0.0,1.0,0.0,0,0,0,3,1,5,129.6,128,128,136,8,3.2,0.8,0.19999999999999996,2,8,1,4,1,10,128.8,128.0,128,136,8,2.4,0.9,0.09999999999999998,1.7777777777777777,8,2,5,1,30,129,128.0,128,137,9,2.6583202716502514,0.8666666666666667,0.1333333333333333,1.4827586206896552,9,6,18,0,0,,[],0,0,,[],256.0,0.8338858220671681,0.5519369853120583
2026-09-28,2026-09-28T00:47:00Z,Core,Sleep,0,128,observedRawSignal,D1597089-5341-5159-B276-DFA4ADFBE739,0001,1,128,1,0,0,0,1,3,128,128,128,128,0,0.0,1.0,0.0,0,0,0,3,1,5,128,128,128,128,0,0.0,1.0,0.0,0,0,0,5,1,10,128.8,128.0,128,136,8,2.4,0.9,0.09999999999999998,1.7777777777777777,8,2,5,1,30,128.7,128.0,128,137,9,2.208317610006918,0.9,0.09999999999999998,1.1724137931034482,9,5,18,0,0,,[],0,0,,[],257.0,0.8362861558477594,0.5482932295199139
2026-09-28,2026-09-28T00:48:00Z,Core,Sleep,0,128,observedRawSignal,D1597089-5341-5159-B276-DFA4ADFBE739,0001,1,128,1,0,0,0,1,3,128,128,128,128,0,0.0,1.0,0.0,0,0,0,3,1,5,128,128,128,128,0,0.0,1.0,0.0,0,0,0,5,1,10,128.8,128.0,128,136,8,2.4,0.9,0.09999999999999998,1.7777777777777777,8,2,6,1,30,128.7,128.0,128,137,9,2.208317610006918,0.9,0.09999999999999998,1.1724137931034482,9,5,18,0,0,,[],0,0,,[],258.0,0.8386705679454239,0.5446390350150271
2026-09-28,2026-09-28T00:49:00Z,Core,Sleep,0,128,observedRawSignal,D1597089-5341-5159-B276-DFA4ADFBE739,0001,1,128,1,0,0,0,1,3,128,128,128,128,0,0.0,1.0,0.0,0,0,0,3,1,5,128,128,128,128,0,0.0,1.0,0.0,0,0,0,5,1,10,128.8,128.0,128,136,8,2.4,0.9,0.09999999999999998,1.7777777777777777,8,2,7,1,30,128.7,128.0,128,137,9,2.208317610006918,0.9,0.09999999999999998,1.1724137931034482,9,5,18,0,0,,[],0,0,,[],259.0,0.8410390129643924,0.540974471367994
2026-09-28,2026-09-28T00:50:00Z,Core,Sleep,0,128,observedRawSignal,D1597089-5341-5159-B276-DFA4ADFBE739,0001,1,128,1,0,0,0,1,3,128,128,128,128,0,0.0,1.0,0.0,0,0,0,3,1,5,128,128,128,128,0,0.0,1.0,0.0,0,0,0,5,1,10,128.8,128.0,128,136,8,2.4,0.9,0.09999999999999998,1.7777777777777777,8,2,8,1,30,128.7,128.0,128,137,9,2.208317610006918,0.9,0.09999999999999998,1.1724137931034482,9,5,18,0,0,,[],0,0,,[],260.0,0.8433914458128856,0.5372996083468239
2026-09-28,2026-09-28T00:51:00Z,Core,Sleep,0,128,observedRawSignal,D1597089-5341-5159-B276-DFA4ADFBE739,0001,1,128,1,0,0,0,1,3,128,128,128,128,0,0.0,1.0,0.0,0,0,0,3,1,5,128,128,128,128,0,0.0,1.0,0.0,0,0,0,5,1,10,128.8,128.0,128,136,8,2.4,0.9,0.09999999999999998,0.8888888888888888,8,1,9,1,30,128.7,128.0,128,137,9,2.208317610006918,0.9,0.09999999999999998,1.0344827586206897,9,4,18,0,0,,[],0,0,,[],261.0,0.8457278217039733,0.5336145159156114
2026-09-28,2026-09-28T00:52:00Z,Core,Sleep,0,128,observedRawSignal,D1597089-5341-5159-B276-DFA4ADFBE739,0001,1,128,1,0,0,0,1,3,128,128,128,128,0,0.0,1.0,0.0,0,0,0,3,1,5,128,128,128,128,0,0.0,1.0,0.0,0,0,0,5,1,10,128,128.0,128,128,0,0.0,1.0,0.0,0,0,0,10,1,30,128.56666666666666,128.0,128,137,9,2.124199195513976,0.9333333333333333,0.06666666666666665,0.8620689655172413,9,3,18,0,0,,[],0,0,,[],262.0,0.848048096156426,0.5299192642332049
2026-09-28,2026-09-28T00:53:00Z,Core,Sleep,0,136,observedRawSignal,D1597089-5341-5159-B276-DFA4ADFBE739,0001,1,136,0,8,8,8,1,3,130.66666666666666,128,128,136,8,3.7712361663282534,0.6666666666666666,0.33333333333333337,4,8,1,2,1,5,129.6,128,128,136,8,3.2,0.8,0.19999999999999996,2,8,1,4,1,10,128.8,128.0,128,136,8,2.4,0.9,0.09999999999999998,0.8888888888888888,8,1,9,1,30,128.53333333333333,128.0,128,136,8,1.9955506062794355,0.9333333333333333,0.06666666666666665,0.8275862068965517,8,3,18,0,0,,[],0,0,,[],263.0,0.8503522249955628,0.5262139236518696
2026-09-28,2026-09-28T00:54:00Z,Deep,Sleep,0,128,observedRawSignal,D1597089-5341-5159-B276-DFA4ADFBE739,0001,1,128,1,0,-8,8,1,3,130.66666666666666,128,128,136,8,3.7712361663282534,0.6666666666666666,0.33333333333333337,8,8,2,1,1,5,129.6,128,128,136,8,3.2,0.8,0.19999999999999996,4,8,2,3,1,10,128.8,128.0,128,136,8,2.4,0.9,0.09999999999999998,1.7777777777777777,8,2,8,1,30,128.53333333333333,128.0,128,136,8,1.9955506062794355,0.9333333333333333,0.06666666666666665,1.103448275862069,8,4,17,0,0,,[],0,0,,[],264.0,0.8526401643540922,0.5224985647159489
2026-09-28,2026-09-28T00:55:00Z,Core,Sleep,0,128,observedRawSignal,D1597089-5341-5159-B276-DFA4ADFBE739,0001,1,128,1,0,0,0,1,3,130.66666666666666,128,128,136,8,3.7712361663282534,0.6666666666666666,0.33333333333333337,4,8,1,2,1,5,129.6,128,128,136,8,3.2,0.8,0.19999999999999996,4,8,2,2,1,10,128.8,128.0,128,136,8,2.4,0.9,0.09999999999999998,1.7777777777777777,8,2,7,1,30,128.53333333333333,128.0,128,136,8,1.9955506062794355,0.9333333333333333,0.06666666666666665,1.103448275862069,8,4,16,0,0,,[],0,0,,[],265.0,0.8549118706729465,0.5187732581605216
2026-09-28,2026-09-28T00:56:00Z,Core,Sleep,0,128,observedRawSignal,D1597089-5341-5159-B276-DFA4ADFBE739,0001,1,128,1,0,0,0,1,3,128,128,128,128,0,0.0,1.0,0.0,0,0,0,3,1,5,129.6,128,128,136,8,3.2,0.8,0.19999999999999996,4,8,2,3,1,10,128.8,128.0,128,136,8,2.4,0.9,0.09999999999999998,1.7777777777777777,8,2,6,1,30,128.53333333333333,128.0,128,136,8,1.9955506062794355,0.9333333333333333,0.06666666666666665,1.103448275862069,8,4,15,0,0,,[],0,0,,[],266.0,0.8571673007021122,0.5150380749100543
2026-09-28,2026-09-28T00:57:00Z,Core,Sleep,0,128,observedRawSignal,D1597089-5341-5159-B276-DFA4ADFBE739,0001,1,128,1,0,0,0,1,3,128,128,128,128,0,0.0,1.0,0.0,0,0,0,3,1,5,129.6,128,128,136,8,3.2,0.8,0.19999999999999996,2,8,1,4,1,10,128.8,128.0,128,136,8,2.4,0.9,0.09999999999999998,1.7777777777777777,8,2,5,1,30,128.53333333333333,128.0,128,136,8,1.9955506062794355,0.9333333333333333,0.06666666666666665,1.103448275862069,8,4,14,0,0,,[],0,0,,[],267.0,0.8594064115014527,0.511293086077052
2026-09-28,2026-09-28T00:58:00Z,Core,Sleep,0,128,observedRawSignal,D1597089-5341-5159-B276-DFA4ADFBE739,0001,1,128,1,0,0,0,1,3,128,128,128,128,0,0.0,1.0,0.0,0,0,0,3,1,5,128,128,128,128,0,0.0,1.0,0.0,0,0,0,5,1,10,128.8,128.0,128,136,8,2.4,0.9,0.09999999999999998,1.7777777777777777,8,2,5,1,30,128.53333333333333,128.0,128,136,8,1.9955506062794355,0.9333333333333333,0.06666666666666665,1.103448275862069,8,4,13,0,0,,[],0,0,,[],268.0,0.8616291604415257,0.5075383629607042
2026-09-28,2026-09-28T00:59:00Z,Core,Sleep,0,128,observedRawSignal,D1597089-5341-5159-B276-DFA4ADFBE739,0001,1,128,1,0,0,0,1,3,128,128,128,128,0,0.0,1.0,0.0,0,0,0,3,1,5,128,128,128,128,0,0.0,1.0,0.0,0,0,0,5,1,10,128.8,128.0,128,136,8,2.4,0.9,0.09999999999999998,1.7777777777777777,8,2,6,1,30,128.53333333333333,128.0,128,136,8,1.9955506062794355,0.9333333333333333,0.06666666666666665,1.103448275862069,8,4,12,0,0,,[],0,0,,[],269.0,0.8638355052043957,0.5037739770455263
2026-09-28,2026-09-28T01:00:00Z,REM,Sleep,0,137,observedRawSignal,D1597089-5341-5159-B276-DFA4ADFBE739,0001,1,137,0,9,9,9,1,3,131,128,128,137,9,4.242640687119285,0.6666666666666666,0.33333333333333337,4.5,9,1,2,1,5,129.8,128,128,137,9,3.6,0.8,0.19999999999999996,2.25,9,1,4,1,10,129.7,128.0,128,137,9,3.4073450074801643,0.8,0.19999999999999996,2.7777777777777777,9,3,6,1,30,128.83333333333334,128.0,128,137,9,2.5044405008349115,0.9,0.09999999999999998,1.4137931034482758,9,5,11,0,0,,[],0,0,,[],270.0,0.8660254037844386,0.5000000000000001
2026-09-28,2026-09-28T01:01:00Z,REM,Sleep,0,132,observedRawSignal,D1597089-5341-5159-B276-DFA4ADFBE739,0001,1,132,0,4,-5,5,1,3,132.33333333333334,132,128,137,9,3.681787005729087,0.3333333333333333,0.6666666666666667,7,9,2,1,1,5,130.6,128,128,137,9,3.5552777669262356,0.6,0.4,3.5,9,2,3,1,10,130.1,128.0,128,137,9,3.4190641994557516,0.7,0.30000000000000004,3.3333333333333335,9,4,6,1,30,128.96666666666667,128.0,128,137,9,2.562334005463682,0.8666666666666667,0.1333333333333333,1.5862068965517242,9,6,10,0,0,,[],0,0,,[],271.0,0.8681988144891423,0.49621650367520814
2026-09-28,2026-09-28T01:02:00Z,REM,Sleep,0,128,observedRawSignal,D1597089-5341-5159-B276-DFA4ADFBE739,0001,1,128,1,0,-4,4,1,3,132.33333333333334,132,128,137,9,3.681787005729087,0.3333333333333333,0.6666666666666667,4.5,5,2,1,1,5,130.6,128,128,137,9,3.5552777669262356,0.6,0.4,4.5,9,3,2,1,10,130.1,128.0,128,137,9,3.4190641994557516,0.7,0.30000000000000004,2.888888888888889,9,4,6,1,30,128.96666666666667,128.0,128,137,9,2.562334005463682,0.8666666666666667,0.1333333333333333,1.7241379310344827,9,7,10,0,0,,[],0,0,,[],272.0,0.8703556959398997,0.4924235601034671
2026-09-28,2026-09-28T01:03:00Z,REM,Sleep,0,128,observedRawSignal,D1597089-5341-5159-B276-DFA4ADFBE739,0001,1,128,1,0,0,0,1,3,129.33333333333334,128,128,132,4,1.8856180831641267,0.6666666666666666,0.33333333333333337,2,4,1,2,1,5,130.6,128,128,137,9,3.5552777669262356,0.6,0.4,4.5,9,3,2,1,10,129.3,128.0,128,137,9,2.8301943396169813,0.8,0.19999999999999996,2,9,3,6,1,30,128.96666666666667,128.0,128,137,9,2.562334005463682,0.8666666666666667,0.1333333333333333,1.7241379310344827,9,7,10,0,0,,[],0,0,,[],273.0,0.8724960070727971,0.48862124149695496
2026-09-28,2026-09-28T01:04:00Z,REM,Sleep,0,130,observedRawSignal,D1597089-5341-5159-B276-DFA4ADFBE739,0001,1,130,0,2,2,2,1,3,128.66666666666666,128,128,130,2,0.9428090415820634,0.6666666666666666,0.33333333333333337,1,2,1,2,1,5,131,130,128,137,9,3.3466401061363023,0.4,0.6,2.75,5,3,2,1,10,129.5,128.0,128,137,9,2.80178514522438,0.7,0.30000000000000004,2.2222222222222223,9,4,5,1,30,129.03333333333333,128.0,128,137,9,2.562334005463682,0.8333333333333334,0.16666666666666663,1.793103448275862,9,8,10,0,0,,[],0,0,,[],274.0,0.8746197071393957,0.4848096202463371
2026-09-28,2026-09-28T01:05:00Z,REM,Sleep,0,128,observedRawSignal,D1597089-5341-5159-B276-DFA4ADFBE739,0001,1,128,1,0,-2,2,1,3,128.66666666666666,128,128,130,2,0.9428090415820634,0.6666666666666666,0.33333333333333337,2,2,2,1,1,5,129.2,128,128,132,4,1.6,0.6,0.4,2,4,3,2,1,10,129.5,128.0,128,137,9,2.80178514522438,0.7,0.30000000000000004,2.4444444444444446,9,5,4,1,30,129.03333333333333,128.0,128,137,9,2.562334005463682,0.8333333333333334,0.16666666666666663,1.8620689655172413,9,9,10,1,1,61,"[""54c6d8b5fbbe19671efa7120ded8e195452b61516b49a57c181102f8d79d23de""]",1,1,12,"[""0278094fc84cba36eb58d56a908afdbd863363dacd4b03b0052ec80c939f07bb""]",275.0,0.8767267557075077,0.48098876891938774
2026-09-28,2026-09-28T01:06:00Z,REM,Sleep,0,128,observedRawSignal,D1597089-5341-5159-B276-DFA4ADFBE739,0001,1,128,1,0,0,0,1,3,128.66666666666666,128,128,130,2,0.9428090415820634,0.6666666666666666,0.33333333333333337,1,2,1,2,1,5,128.4,128,128,130,2,0.8,0.8,0.19999999999999996,1,2,2,2,1,10,129.5,128.0,128,137,9,2.80178514522438,0.7,0.30000000000000004,2.4444444444444446,9,5,3,1,30,129.03333333333333,128.0,128,137,9,2.562334005463682,0.8333333333333334,0.16666666666666663,1.8620689655172413,9,9,10,0,0,,[],0,0,,[],276.0,0.8788171126619654,0.4771587602596084
2026-09-28,2026-09-28T01:07:00Z,REM,Sleep,0,128,observedRawSignal,D1597089-5341-5159-B276-DFA4ADFBE739,0001,1,128,1,0,0,0,1,3,128,128,128,128,0,0.0,1.0,0.0,0,0,0,3,1,5,128.4,128,128,130,2,0.8,0.8,0.19999999999999996,1,2,2,3,1,10,129.5,128.0,128,137,9,2.80178514522438,0.7,0.30000000000000004,2.4444444444444446,9,5,3,1,30,129.03333333333333,128.0,128,137,9,2.562334005463682,0.8333333333333334,0.16666666666666663,1.8620689655172413,9,9,10,0,0,,[],0,0,,[],277.0,0.8808907382053855,0.4733196671848434
2026-09-28,2026-09-28T01:08:00Z,Core,Sleep,0,128,observedRawSignal,D1597089-5341-5159-B276-DFA4ADFBE739,0001,1,128,1,0,0,0,1,3,128,128,128,128,0,0.0,1.0,0.0,0,0,0,3,1,5,128.4,128,128,130,2,0.8,0.8,0.19999999999999996,0.5,2,1,4,1,10,129.5,128.0,128,137,9,2.80178514522438,0.7,0.30000000000000004,2.4444444444444446,9,5,4,1,30,129.03333333333333,128.0,128,137,9,2.562334005463682,0.8333333333333334,0.16666666666666663,1.8620689655172413,9,9,10,0,0,,[],0,0,,[],278.0,0.8829475928589269,0.46947156278589086
2026-09-28,2026-09-28T01:09:00Z,Core,Sleep,0,128,observedRawSignal,D1597089-5341-5159-B276-DFA4ADFBE739,0001,1,128,1,0,0,0,1,3,128,128,128,128,0,0.0,1.0,0.0,0,0,0,3,1,5,128,128,128,128,0,0.0,1.0,0.0,0,0,0,5,1,10,129.5,128.0,128,137,9,2.80178514522438,0.7,0.30000000000000004,1.4444444444444444,5,4,5,1,30,129.03333333333333,128.0,128,137,9,2.562334005463682,0.8333333333333334,0.16666666666666663,1.8620689655172413,9,9,10,0,0,,[],0,0,,[],279.0,0.8849876374630418,0.4656145203251115
2026-09-28,2026-09-28T01:10:00Z,Core,Sleep,0,128,observedRawSignal,D1597089-5341-5159-B276-DFA4ADFBE739,0001,1,128,1,0,0,0,1,3,128,128,128,128,0,0.0,1.0,0.0,0,0,0,3,1,5,128,128,128,128,0,0.0,1.0,0.0,0,0,0,5,1,10,128.6,128.0,128,132,4,1.2806248474865698,0.8,0.19999999999999996,0.8888888888888888,4,3,6,1,30,129.03333333333333,128.0,128,137,9,2.562334005463682,0.8333333333333334,0.16666666666666663,1.8620689655172413,9,9,10,0,0,,[],0,0,,[],280.0,0.8870108331782216,0.4617486132350341
2026-09-28,2026-09-28T01:11:00Z,Core,Sleep,0,134,observedRawSignal,D1597089-5341-5159-B276-DFA4ADFBE739,0001,1,134,0,6,6,6,1,3,130,128,128,134,6,2.8284271247461903,0.6666666666666666,0.33333333333333337,3,6,1,2,1,5,129.2,128,128,134,6,2.4,0.8,0.19999999999999996,1.5,6,1,4,1,10,128.8,128.0,128,134,6,1.833030277982336,0.8,0.19999999999999996,1.1111111111111112,6,3,6,1,30,129.23333333333332,128.0,128,137,9,2.7041120949809425,0.8,0.19999999999999996,1.793103448275862,9,9,10,0,0,,[],0,0,,[],281.0,0.8890171414857364,0.45787391511695674
2026-09-28,2026-09-28T01:12:00Z,Core,Sleep,0,128,observedRawSignal,D1597089-5341-5159-B276-DFA4ADFBE739,0001,1,128,1,0,-6,6,1,3,130,128,128,134,6,2.8284271247461903,0.6666666666666666,0.33333333333333337,6,6,2,1,1,5,129.2,128,128,134,6,2.4,0.8,0.19999999999999996,3,6,2,3,1,10,128.8,128.0,128,134,6,1.833030277982336,0.8,0.19999999999999996,1.7777777777777777,6,4,6,1,30,128.96666666666667,128.0,128,137,9,2.4011571284602673,0.8333333333333334,0.16666666666666663,1.7241379310344827,9,9,10,0,0,,[],0,0,,[],282.0,0.8910065241883679,0.45399049973954686
2026-09-28,2026-09-28T01:13:00Z,Core,Sleep,0,128,observedRawSignal,D1597089-5341-5159-B276-DFA4ADFBE739,0001,1,128,1,0,0,0,1,3,130,128,128,134,6,2.8284271247461903,0.6666666666666666,0.33333333333333337,3,6,1,2,1,5,129.2,128,128,134,6,2.4,0.8,0.19999999999999996,3,6,2,2,1,10,128.8,128.0,128,134,6,1.833030277982336,0.8,0.19999999999999996,1.5555555555555556,6,3,6,1,30,128.96666666666667,128.0,128,137,9,2.4011571284602673,0.8333333333333334,0.16666666666666663,1.7241379310344827,9,9,9,0,0,,[],0,0,,[],283.0,0.8929789434111369,0.45009844103743507
2026-09-28,2026-09-28T01:14:00Z,Core,Sleep,0,128,observedRawSignal,D1597089-5341-5159-B276-DFA4ADFBE739,0001,1,128,1,0,0,0,1,3,128,128,128,128,0,0.0,1.0,0.0,0,0,0,3,1,5,129.2,128,128,134,6,2.4,0.8,0.19999999999999996,3,6,2,3,1,10,128.6,128.0,128,134,6,1.8,0.9,0.09999999999999998,1.3333333333333333,6,2,6,1,30,128.96666666666667,128.0,128,137,9,2.4011571284602673,0.8333333333333334,0.16666666666666663,1.7241379310344827,9,9,8,0,0,,[],0,0,,[],284.0,0.8949343616020251,0.4461978131098087
2026-09-28,2026-09-28T01:15:00Z,Core,Sleep,0,128,observedRawSignal,D1597089-5341-5159-B276-DFA4ADFBE739,0001,1,128,1,0,0,0,1,3,128,128,128,128,0,0.0,1.0,0.0,0,0,0,3,1,5,129.2,128,128,134,6,2.4,0.8,0.19999999999999996,1.5,6,1,4,1,10,128.6,128.0,128,134,6,1.8,0.9,0.09999999999999998,1.3333333333333333,6,2,5,1,30,128.96666666666667,128.0,128,137,9,2.4011571284602673,0.8333333333333334,0.16666666666666663,1.7241379310344827,9,9,7,0,0,,[],0,0,,[],285.0,0.8968727415326884,0.44228869021900125
2026-09-28,2026-09-28T01:16:00Z,Core,Sleep,0,128,observedRawSignal,D1597089-5341-5159-B276-DFA4ADFBE739,0001,1,128,1,0,0,0,1,3,128,128,128,128,0,0.0,1.0,0.0,0,0,0,3,1,5,128,128,128,128,0,0.0,1.0,0.0,0,0,0,5,1,10,128.6,128.0,128,134,6,1.8,0.9,0.09999999999999998,1.3333333333333333,6,2,5,1,30,128.96666666666667,128.0,128,137,9,2.4011571284602673,0.8333333333333334,0.16666666666666663,1.7241379310344827,9,9,6,0,0,,[],0,0,,[],286.0,0.8987940462991669,0.43837114678907746
2026-09-28,2026-09-28T01:17:00Z,Core,Sleep,0,128,observedRawSignal,D1597089-5341-5159-B276-DFA4ADFBE739,0001,1,128,1,0,0,0,1,3,128,128,128,128,0,0.0,1.0,0.0,0,0,0,3,1,5,128,128,128,128,0,0.0,1.0,0.0,0,0,0,5,1,10,128.6,128.0,128,134,6,1.8,0.9,0.09999999999999998,1.3333333333333333,6,2,6,1,30,128.96666666666667,128.0,128,137,9,2.4011571284602673,0.8333333333333334,0.16666666666666663,1.7241379310344827,9,9,6,0,0,,[],0,0,,[],287.0,0.9006982393225879,0.43444525740441714
2026-09-28,2026-09-28T01:18:00Z,Core,Sleep,0,128,observedRawSignal,D1597089-5341-5159-B276-DFA4ADFBE739,0001,1,128,1,0,0,0,1,3,128,128,128,128,0,0.0,1.0,0.0,0,0,0,3,1,5,128,128,128,128,0,0.0,1.0,0.0,0,0,0,5,1,10,128.6,128.0,128,134,6,1.8,0.9,0.09999999999999998,1.3333333333333333,6,2,7,1,30,128.96666666666667,128.0,128,137,9,2.4011571284602673,0.8333333333333334,0.16666666666666663,1.7241379310344827,9,9,7,0,0,,[],0,0,,[],288.0,0.9025852843498605,0.43051109680829525
2026-09-28,2026-09-28T01:19:00Z,Core,Sleep,0,128,observedRawSignal,D1597089-5341-5159-B276-DFA4ADFBE739,0001,1,128,1,0,0,0,1,3,128,128,128,128,0,0.0,1.0,0.0,0,0,0,3,1,5,128,128,128,128,0,0.0,1.0,0.0,0,0,0,5,1,10,128.6,128.0,128,134,6,1.8,0.9,0.09999999999999998,1.3333333333333333,6,2,8,1,30,128.96666666666667,128.0,128,137,9,2.4011571284602673,0.8333333333333334,0.16666666666666663,1.7241379310344827,9,9,8,0,0,,[],0,0,,[],289.0,0.9044551454543679,0.4265687399014585
2026-09-28,2026-09-28T01:20:00Z,Core,Sleep,0,128,observedRawSignal,D1597089-5341-5159-B276-DFA4ADFBE739,0001,1,128,1,0,0,0,1,3,128,128,128,128,0,0.0,1.0,0.0,0,0,0,3,1,5,128,128,128,128,0,0.0,1.0,0.0,0,0,0,5,1,10,128.6,128.0,128,134,6,1.8,0.9,0.09999999999999998,0.6666666666666666,6,1,9,1,30,128.96666666666667,128.0,128,137,9,2.4011571284602673,0.8333333333333334,0.16666666666666663,1.7241379310344827,9,9,9,0,0,,[],0,0,,[],290.0,0.9063077870366499,0.42261826174069944
2026-09-28,2026-09-28T01:21:00Z,Core,Sleep,0,128,observedRawSignal,D1597089-5341-5159-B276-DFA4ADFBE739,0001,1,128,1,0,0,0,1,3,128,128,128,128,0,0.0,1.0,0.0,0,0,0,3,1,5,128,128,128,128,0,0.0,1.0,0.0,0,0,0,5,1,10,128,128.0,128,128,0,0.0,1.0,0.0,0,0,0,10,1,30,128.96666666666667,128.0,128,137,9,2.4011571284602673,0.8333333333333334,0.16666666666666663,1.7241379310344827,9,9,10,0,0,,[],0,0,,[],291.0,0.9081431738250813,0.41865973753742813
2026-09-28,2026-09-28T01:22:00Z,Core,Sleep,0,128,observedRawSignal,D1597089-5341-5159-B276-DFA4ADFBE739,0001,1,128,1,0,0,0,1,3,128,128,128,128,0,0.0,1.0,0.0,0,0,0,3,1,5,128,128,128,128,0,0.0,1.0,0.0,0,0,0,5,1,10,128,128.0,128,128,0,0.0,1.0,0.0,0,0,0,10,1,30,128.96666666666667,128.0,128,137,9,2.4011571284602673,0.8333333333333334,0.16666666666666663,1.4482758620689655,9,8,11,0,0,,[],0,0,,[],292.0,0.9099612708765432,0.4146932426562389
2026-09-28,2026-09-28T01:23:00Z,Deep,Sleep,0,128,observedRawSignal,D1597089-5341-5159-B276-DFA4ADFBE739,0001,1,128,1,0,0,0,1,3,128,128,128,128,0,0.0,1.0,0.0,0,0,0,3,1,5,128,128,128,128,0,0.0,1.0,0.0,0,0,0,5,1,10,128,128.0,128,128,0,0.0,1.0,0.0,0,0,0,10,1,30,128.7,128.0,128,137,9,2.019075696121041,0.8666666666666667,0.1333333333333333,1.1724137931034482,9,7,12,0,0,,[],0,0,,[],293.0,0.9117620435770886,0.4107188526134772
2026-09-28,2026-09-28T01:24:00Z,Deep,Sleep,0,128,observedRawSignal,D1597089-5341-5159-B276-DFA4ADFBE739,0001,1,128,1,0,0,0,1,3,128,128,128,128,0,0.0,1.0,0.0,0,0,0,3,1,5,128,128,128,128,0,0.0,1.0,0.0,0,0,0,5,1,10,128,128.0,128,128,0,0.0,1.0,0.0,0,0,0,10,1,30,128.7,128.0,128,137,9,2.019075696121041,0.8666666666666667,0.1333333333333333,1.1724137931034482,9,7,13,0,0,,[],0,0,,[],294.0,0.9135454576426009,0.4067366430758002
2026-09-28,2026-09-28T01:25:00Z,Deep,Sleep,0,128,observedRawSignal,D1597089-5341-5159-B276-DFA4ADFBE739,0001,1,128,1,0,0,0,1,3,128,128,128,128,0,0.0,1.0,0.0,0,0,0,3,1,5,128,128,128,128,0,0.0,1.0,0.0,0,0,0,5,1,10,128,128.0,128,128,0,0.0,1.0,0.0,0,0,0,10,1,30,128.7,128.0,128,137,9,2.019075696121041,0.8666666666666667,0.1333333333333333,1.1724137931034482,9,7,14,0,0,,[],0,0,,[],295.0,0.9153114791194471,0.40274668985873724
2026-09-28,2026-09-28T01:26:00Z,Deep,Sleep,0,128,observedRawSignal,D1597089-5341-5159-B276-DFA4ADFBE739,0001,1,128,1,0,0,0,1,3,128,128,128,128,0,0.0,1.0,0.0,0,0,0,3,1,5,128,128,128,128,0,0.0,1.0,0.0,0,0,0,5,1,10,128,128.0,128,128,0,0.0,1.0,0.0,0,0,0,10,1,30,128.7,128.0,128,137,9,2.019075696121041,0.8666666666666667,0.1333333333333333,1.1724137931034482,9,7,15,0,0,,[],0,0,,[],296.0,0.917060074385124,0.39874906892524625
2026-09-28,2026-09-28T01:27:00Z,Deep,Sleep,0,128,observedRawSignal,D1597089-5341-5159-B276-DFA4ADFBE739,0001,1,128,1,0,0,0,1,3,128,128,128,128,0,0.0,1.0,0.0,0,0,0,3,1,5,128,128,128,128,0,0.0,1.0,0.0,0,0,0,5,1,10,128,128.0,128,128,0,0.0,1.0,0.0,0,0,0,10,1,30,128.7,128.0,128,137,9,2.019075696121041,0.8666666666666667,0.1333333333333333,1.1724137931034482,9,7,16,0,0,,[],0,0,,[],297.0,0.9187912101488983,0.39474385638426734
2026-09-28,2026-09-28T01:28:00Z,Deep,Sleep,0,128,observedRawSignal,D1597089-5341-5159-B276-DFA4ADFBE739,0001,1,128,1,0,0,0,1,3,128,128,128,128,0,0.0,1.0,0.0,0,0,0,3,1,5,128,128,128,128,0,0.0,1.0,0.0,0,0,0,5,1,10,128,128.0,128,128,0,0.0,1.0,0.0,0,0,0,10,1,30,128.7,128.0,128,137,9,2.019075696121041,0.8666666666666667,0.1333333333333333,1.1724137931034482,9,7,17,0,0,,[],0,0,,[],298.0,0.9205048534524403,0.39073112848927394
2026-09-28,2026-09-28T01:29:00Z,Deep,Sleep,0,128,observedRawSignal,D1597089-5341-5159-B276-DFA4ADFBE739,0001,1,128,1,0,0,0,1,3,128,128,128,128,0,0.0,1.0,0.0,0,0,0,3,1,5,128,128,128,128,0,0.0,1.0,0.0,0,0,0,5,1,10,128,128.0,128,128,0,0.0,1.0,0.0,0,0,0,10,1,30,128.7,128.0,128,137,9,2.019075696121041,0.8666666666666667,0.1333333333333333,0.8620689655172413,6,6,18,0,0,,[],0,0,,[],299.0,0.9222009716704518,0.3867109616368206
2026-09-28,2026-09-28T01:30:00Z,Deep,Sleep,0,128,observedRawSignal,D1597089-5341-5159-B276-DFA4ADFBE739,0001,1,128,1,0,0,0,1,3,128,128,128,128,0,0.0,1.0,0.0,0,0,0,3,1,5,128,128,128,128,0,0.0,1.0,0.0,0,0,0,5,1,10,128,128.0,128,128,0,0.0,1.0,0.0,0,0,0,10,1,30,128.4,128.0,128,134,6,1.3063945294843617,0.9,0.09999999999999998,0.6896551724137931,6,5,19,0,0,,[],0,0,,[],300.0,0.9238795325112867,0.38268343236508984
2026-09-28,2026-09-28T01:31:00Z,Deep,Sleep,0,128,observedRawSignal,D1597089-5341-5159-B276-DFA4ADFBE739,0001,1,128,1,0,0,0,1,3,128,128,128,128,0,0.0,1.0,0.0,0,0,0,3,1,5,128,128,128,128,0,0.0,1.0,0.0,0,0,0,5,1,10,128,128.0,128,128,0,0.0,1.0,0.0,0,0,0,10,1,30,128.26666666666668,128.0,128,134,6,1.1234866364235145,0.9333333333333333,0.06666666666666665,0.5517241379310345,6,4,20,0,0,,[],0,0,,[],301.0,0.9255405040175664,0.37864861735243305
2026-09-28,2026-09-28T01:32:00Z,Deep,Sleep,0,128,observedRawSignal,D1597089-5341-5159-B276-DFA4ADFBE739,0001,1,128,1,0,0,0,1,3,128,128,128,128,0,0.0,1.0,0.0,0,0,0,3,1,5,128,128,128,128,0,0.0,1.0,0.0,0,0,0,5,1,10,128,128.0,128,128,0,0.0,1.0,0.0,0,0,0,10,1,30,128.26666666666668,128.0,128,134,6,1.1234866364235145,0.9333333333333333,0.06666666666666665,0.5517241379310345,6,4,21,0,0,,[],0,0,,[],302.0,0.9271838545667874,0.37460659341591196
2026-09-28,2026-09-28T01:33:00Z,Deep,Sleep,0,128,observedRawSignal,D1597089-5341-5159-B276-DFA4ADFBE739,0001,1,128,1,0,0,0,1,3,128,128,128,128,0,0.0,1.0,0.0,0,0,0,3,1,5,128,128,128,128,0,0.0,1.0,0.0,0,0,0,5,1,10,128,128.0,128,128,0,0.0,1.0,0.0,0,0,0,10,1,30,128.26666666666668,128.0,128,134,6,1.1234866364235145,0.9333333333333333,0.06666666666666665,0.4827586206896552,6,3,22,0,0,,[],0,0,,[],303.0,0.9288095528719242,0.3705574375098362
2026-09-28,2026-09-28T01:34:00Z,Deep,Sleep,0,128,observedRawSignal,D1597089-5341-5159-B276-DFA4ADFBE739,0001,1,128,1,0,0,0,1,3,128,128,128,128,0,0.0,1.0,0.0,0,0,0,3,1,5,128,128,128,128,0,0.0,1.0,0.0,0,0,0,5,1,10,128,128.0,128,128,0,0.0,1.0,0.0,0,0,0,10,1,30,128.2,128.0,128,134,6,1.0770329614269007,0.9666666666666667,0.033333333333333326,0.41379310344827586,6,2,23,0,0,,[],0,0,,[],304.0,0.9304175679820246,0.3665012267242973
2026-09-28,2026-09-28T01:35:00Z,Deep,Sleep,0,128,observedRawSignal,D1597089-5341-5159-B276-DFA4ADFBE739,0001,1,128,1,0,0,0,1,3,128,128,128,128,0,0.0,1.0,0.0,0,0,0,3,1,5,128,128,128,128,0,0.0,1.0,0.0,0,0,0,5,1,10,128,128.0,128,128,0,0.0,1.0,0.0,0,0,0,10,1,30,128.2,128.0,128,134,6,1.0770329614269007,0.9666666666666667,0.033333333333333326,0.41379310344827586,6,2,24,1,1,57,"[""f70a03d3e1a86cb9e57081b241a40d263c57f8031d8a72ee5df79f0dd6d23439""]",1,1,11,"[""cd4839470e671b054886c4f4dcd789fe32306e9904c8c2ea1283eb24fe8f54fe""]",305.0,0.9320078692827984,0.3624380382837017
2026-09-28,2026-09-28T01:36:00Z,Deep,Sleep,0,128,observedRawSignal,D1597089-5341-5159-B276-DFA4ADFBE739,0001,1,128,1,0,0,0,1,3,128,128,128,128,0,0.0,1.0,0.0,0,0,0,3,1,5,128,128,128,128,0,0.0,1.0,0.0,0,0,0,5,1,10,128,128.0,128,128,0,0.0,1.0,0.0,0,0,0,10,1,30,128.2,128.0,128,134,6,1.0770329614269007,0.9666666666666667,0.033333333333333326,0.41379310344827586,6,2,25,0,0,,[],0,0,,[],306.0,0.9335804264972017,0.3583679495453004
2026-09-28,2026-09-28T01:37:00Z,Deep,Sleep,0,128,observedRawSignal,D1597089-5341-5159-B276-DFA4ADFBE739,0001,1,128,1,0,0,0,1,3,128,128,128,128,0,0.0,1.0,0.0,0,0,0,3,1,5,128,128,128,128,0,0.0,1.0,0.0,0,0,0,5,1,10,128,128.0,128,128,0,0.0,1.0,0.0,0,0,0,10,1,30,128.2,128.0,128,134,6,1.0770329614269007,0.9666666666666667,0.033333333333333326,0.41379310344827586,6,2,26,0,0,,[],0,0,,[],307.0,0.9351352096860117,0.3542910379977158
2026-09-28,2026-09-28T01:38:00Z,Deep,Sleep,0,128,observedRawSignal,D1597089-5341-5159-B276-DFA4ADFBE739,0001,1,128,1,0,0,0,1,3,128,128,128,128,0,0.0,1.0,0.0,0,0,0,3,1,5,128,128,128,128,0,0.0,1.0,0.0,0,0,0,5,1,10,128,128.0,128,128,0,0.0,1.0,0.0,0,0,0,10,1,30,128.2,128.0,128,134,6,1.0770329614269007,0.9666666666666667,0.033333333333333326,0.41379310344827586,6,2,27,0,0,,[],0,0,,[],308.0,0.9366721892483976,0.35020738125946743
2026-09-28,2026-09-28T01:39:00Z,Deep,Sleep,0,128,observedRawSignal,D1597089-5341-5159-B276-DFA4ADFBE739,0001,1,128,1,0,0,0,1,3,128,128,128,128,0,0.0,1.0,0.0,0,0,0,3,1,5,128,128,128,128,0,0.0,1.0,0.0,0,0,0,5,1,10,128,128.0,128,128,0,0.0,1.0,0.0,0,0,0,10,1,30,128.2,128.0,128,134,6,1.0770329614269007,0.9666666666666667,0.033333333333333326,0.41379310344827586,6,2,28,0,0,,[],0,0,,[],309.0,0.9381913359224842,0.346117057077493
2026-09-28,2026-09-28T01:40:00Z,Deep,Sleep,0,128,observedRawSignal,D1597089-5341-5159-B276-DFA4ADFBE739,0001,1,128,1,0,0,0,1,3,128,128,128,128,0,0.0,1.0,0.0,0,0,0,3,1,5,128,128,128,128,0,0.0,1.0,0.0,0,0,0,5,1,10,128,128.0,128,128,0,0.0,1.0,0.0,0,0,0,10,1,30,128.2,128.0,128,134,6,1.0770329614269007,0.9666666666666667,0.033333333333333326,0.20689655172413793,6,1,29,0,0,,[],0,0,,[],310.0,0.9396926207859083,0.3420201433256688
2026-09-28,2026-09-28T01:41:00Z,Deep,Sleep,0,128,observedRawSignal,D1597089-5341-5159-B276-DFA4ADFBE739,0001,1,128,1,0,0,0,1,3,128,128,128,128,0,0.0,1.0,0.0,0,0,0,3,1,5,128,128,128,128,0,0.0,1.0,0.0,0,0,0,5,1,10,128,128.0,128,128,0,0.0,1.0,0.0,0,0,0,10,1,30,128,128.0,128,128,0,0.0,1.0,0.0,0,0,0,30,0,0,,[],0,0,,[],311.0,0.9411760152563706,0.3379167180033271
2026-09-28,2026-09-28T01:42:00Z,Deep,Sleep,0,128,observedRawSignal,D1597089-5341-5159-B276-DFA4ADFBE739,0001,1,128,1,0,0,0,1,3,128,128,128,128,0,0.0,1.0,0.0,0,0,0,3,1,5,128,128,128,128,0,0.0,1.0,0.0,0,0,0,5,1,10,128,128.0,128,128,0,0.0,1.0,0.0,0,0,0,10,1,30,128,128.0,128,128,0,0.0,1.0,0.0,0,0,0,30,0,0,,[],0,0,,[],312.0,0.9426414910921783,0.3338068592337711
2026-09-28,2026-09-28T01:43:00Z,Deep,Sleep,0,128,observedRawSignal,D1597089-5341-5159-B276-DFA4ADFBE739,0001,1,128,1,0,0,0,1,3,128,128,128,128,0,0.0,1.0,0.0,0,0,0,3,1,5,128,128,128,128,0,0.0,1.0,0.0,0,0,0,5,1,10,128,128.0,128,128,0,0.0,1.0,0.0,0,0,0,10,1,30,128,128.0,128,128,0,0.0,1.0,0.0,0,0,0,30,0,0,,[],0,0,,[],313.0,0.9440890203927842,0.3296906452627873
2026-09-28,2026-09-28T01:44:00Z,Deep,Sleep,0,128,observedRawSignal,D1597089-5341-5159-B276-DFA4ADFBE739,0001,1,128,1,0,0,0,1,3,128,128,128,128,0,0.0,1.0,0.0,0,0,0,3,1,5,128,128,128,128,0,0.0,1.0,0.0,0,0,0,5,1,10,128,128.0,128,128,0,0.0,1.0,0.0,0,0,0,10,1,30,128,128.0,128,128,0,0.0,1.0,0.0,0,0,0,30,0,0,,[],0,0,,[],314.0,0.9455185755993167,0.32556815445715676
2026-09-28,2026-09-28T01:45:00Z,Deep,Sleep,0,128,observedRawSignal,D1597089-5341-5159-B276-DFA4ADFBE739,0001,1,128,1,0,0,0,1,3,128,128,128,128,0,0.0,1.0,0.0,0,0,0,3,1,5,128,128,128,128,0,0.0,1.0,0.0,0,0,0,5,1,10,128,128.0,128,128,0,0.0,1.0,0.0,0,0,0,10,1,30,128,128.0,128,128,0,0.0,1.0,0.0,0,0,0,30,0,0,,[],0,0,,[],315.0,0.9469301294951057,0.3214394653031615
2026-09-28,2026-09-28T01:46:00Z,Deep,Sleep,0,149,observedRawSignal,D1597089-5341-5159-B276-DFA4ADFBE739,0001,1,149,0,21,21,21,1,3,135,128,128,149,21,9.899494936611665,0.6666666666666666,0.33333333333333337,10.5,21,1,2,1,5,132.2,128,128,149,21,8.4,0.8,0.19999999999999996,5.25,21,1,4,1,10,130.1,128.0,128,149,21,6.3,0.9,0.09999999999999998,2.3333333333333335,21,1,9,1,30,128.7,128.0,128,149,21,3.7696153649941526,0.9666666666666667,0.033333333333333326,0.7241379310344828,21,1,29,0,0,,[],0,0,,[],316.0,0.9483236552061993,0.3173046564050921
2026-09-28,2026-09-28T01:47:00Z,Deep,Sleep,0,128,observedRawSignal,D1597089-5341-5159-B276-DFA4ADFBE739,0001,1,128,1,0,-21,21,1,3,135,128,128,149,21,9.899494936611665,0.6666666666666666,0.33333333333333337,21,21,2,1,1,5,132.2,128,128,149,21,8.4,0.8,0.19999999999999996,10.5,21,2,3,1,10,130.1,128.0,128,149,21,6.3,0.9,0.09999999999999998,4.666666666666667,21,2,8,1,30,128.7,128.0,128,149,21,3.7696153649941526,0.9666666666666667,0.033333333333333326,1.4482758620689655,21,2,28,0,0,,[],0,0,,[],317.0,0.949699126201877,0.31316380648374953
2026-09-28,2026-09-28T01:48:00Z,Core,Sleep,0,128,observedRawSignal,D1597089-5341-5159-B276-DFA4ADFBE739,0001,1,128,1,0,0,0,1,3,135,128,128,149,21,9.899494936611665,0.6666666666666666,0.33333333333333337,10.5,21,1,2,1,5,132.2,128,128,149,21,8.4,0.8,0.19999999999999996,10.5,21,2,2,1,10,130.1,128.0,128,149,21,6.3,0.9,0.09999999999999998,4.666666666666667,21,2,7,1,30,128.7,128.0,128,149,21,3.7696153649941526,0.9666666666666667,0.033333333333333326,1.4482758620689655,21,2,27,0,0,,[],0,0,,[],318.0,0.9510565162951535,0.30901699437494745
2026-09-28,2026-09-28T01:49:00Z,Core,Sleep,0,128,observedRawSignal,D1597089-5341-5159-B276-DFA4ADFBE739,0001,1,128,1,0,0,0,1,3,128,128,128,128,0,0.0,1.0,0.0,0,0,0,3,1,5,132.2,128,128,149,21,8.4,0.8,0.19999999999999996,10.5,21,2,3,1,10,130.1,128.0,128,149,21,6.3,0.9,0.09999999999999998,4.666666666666667,21,2,6,1,30,128.7,128.0,128,149,21,3.7696153649941526,0.9666666666666667,0.033333333333333326,1.4482758620689655,21,2,26,0,0,,[],0,0,,[],319.0,0.9523957996432784,0.3048642990280109
2026-09-28,2026-09-28T01:50:00Z,Core,Sleep,0,128,observedRawSignal,D1597089-5341-5159-B276-DFA4ADFBE739,0001,1,128,1,0,0,0,1,3,128,128,128,128,0,0.0,1.0,0.0,0,0,0,3,1,5,132.2,128,128,149,21,8.4,0.8,0.19999999999999996,5.25,21,1,4,1,10,130.1,128.0,128,149,21,6.3,0.9,0.09999999999999998,4.666666666666667,21,2,5,1,30,128.7,128.0,128,149,21,3.7696153649941526,0.9666666666666667,0.033333333333333326,1.4482758620689655,21,2,25,0,0,,[],0,0,,[],320.0,0.9537169507482269,0.3007057995042733
2026-09-28,2026-09-28T01:51:00Z,Core,Sleep,0,128,observedRawSignal,D1597089-5341-5159-B276-DFA4ADFBE739,0001,1,128,1,0,0,0,1,3,128,128,128,128,0,0.0,1.0,0.0,0,0,0,3,1,5,128,128,128,128,0,0.0,1.0,0.0,0,0,0,5,1,10,130.1,128.0,128,149,21,6.3,0.9,0.09999999999999998,4.666666666666667,21,2,5,1,30,128.7,128.0,128,149,21,3.7696153649941526,0.9666666666666667,0.033333333333333326,1.4482758620689655,21,2,24,0,0,,[],0,0,,[],321.0,0.9550199444571865,0.29654157497557115
2026-09-28,2026-09-28T01:52:00Z,Core,Sleep,0,129,observedRawSignal,D1597089-5341-5159-B276-DFA4ADFBE739,0001,1,129,0,1,1,1,1,3,128.33333333333334,128,128,129,1,0.4714045207910317,0.6666666666666666,0.33333333333333337,0.5,1,1,2,1,5,128.2,128,128,129,1,0.4,0.8,0.19999999999999996,0.25,1,1,4,1,10,130.2,128.0,128,149,21,6.273754856543249,0.8,0.19999999999999996,4.777777777777778,21,3,5,1,30,128.73333333333332,128.0,128,149,21,3.767698973585278,0.9333333333333333,0.06666666666666665,1.4827586206896552,21,3,23,0,0,,[],0,0,,[],322.0,0.9563047559630354,0.29237170472273677
2026-09-28,2026-09-28T01:53:00Z,Core,Sleep,0,128,observedRawSignal,D1597089-5341-5159-B276-DFA4ADFBE739,0001,1,128,1,0,-1,1,1,3,128.33333333333334,128,128,129,1,0.4714045207910317,0.6666666666666666,0.33333333333333337,1,1,2,1,1,5,128.2,128,128,129,1,0.4,0.8,0.19999999999999996,0.5,1,2,3,1,10,130.2,128.0,128,149,21,6.273754856543249,0.8,0.19999999999999996,4.888888888888889,21,4,5,1,30,128.73333333333332,128.0,128,149,21,3.767698973585278,0.9333333333333333,0.06666666666666665,1.5172413793103448,21,4,22,0,0,,[],0,0,,[],323.0,0.9575713608048144,0.2881962681340894
2026-09-28,2026-09-28T01:54:00Z,Core,Sleep,0,135,observedRawSignal,D1597089-5341-5159-B276-DFA4ADFBE739,0001,1,135,0,7,7,7,1,3,130.66666666666666,129,128,135,7,3.0912061651652345,0.3333333333333333,0.6666666666666667,4,7,2,1,1,5,129.6,128,128,135,7,2.727636339397171,0.6,0.4,2.25,7,3,2,1,10,130.9,128.0,128,149,21,6.378871373526825,0.7,0.30000000000000004,5.666666666666667,21,5,5,1,30,128.96666666666667,128.0,128,149,21,3.9283867200445304,0.9,0.09999999999999998,1.7586206896551724,21,5,21,0,0,,[],0,0,,[],324.0,0.958819734868193,0.28401534470392253
2026-09-28,2026-09-28T01:55:00Z,Core,Sleep,0,128,observedRawSignal,D1597089-5341-5159-B276-DFA4ADFBE739,0001,1,128,1,0,-7,7,1,3,130.33333333333334,128,128,135,7,3.2998316455372216,0.6666666666666666,0.33333333333333337,7,7,2,1,1,5,129.6,128,128,135,7,2.727636339397171,0.6,0.4,4,7,4,1,1,10,130.9,128.0,128,149,21,6.378871373526825,0.7,0.30000000000000004,4.111111111111111,21,5,5,1,30,128.96666666666667,128.0,128,149,21,3.9283867200445304,0.9,0.09999999999999998,2,21,6,20,0,0,,[],0,0,,[],325.0,0.9600498543859287,0.27982901403099203
2026-09-28,2026-09-28T01:56:00Z,Core,Sleep,0,128,observedRawSignal,D1597089-5341-5159-B276-DFA4ADFBE739,0001,1,128,1,0,0,0,1,3,130.33333333333334,128,128,135,7,3.2998316455372216,0.6666666666666666,0.33333333333333337,3.5,7,1,2,1,5,129.6,128,128,135,7,2.727636339397171,0.6,0.4,3.75,7,3,2,1,10,128.8,128.0,128,135,7,2.08806130178211,0.8,0.19999999999999996,1.7777777777777777,7,4,5,1,30,128.96666666666667,128.0,128,149,21,3.9283867200445304,0.9,0.09999999999999998,2,21,6,19,0,0,,[],0,0,,[],326.0,0.9612616959383189,0.27563735581699916
2026-09-28,2026-09-28T01:57:00Z,Core,Sleep,0,128,observedRawSignal,D1597089-5341-5159-B276-DFA4ADFBE739,0001,1,128,1,0,0,0,1,3,128,128,128,128,0,0.0,1.0,0.0,0,0,0,3,1,5,129.4,128,128,135,7,2.8,0.8,0.19999999999999996,3.5,7,2,3,1,10,128.8,128.0,128,135,7,2.08806130178211,0.8,0.19999999999999996,1.7777777777777777,7,4,4,1,30,128.96666666666667,128.0,128,149,21,3.9283867200445304,0.9,0.09999999999999998,2,21,6,18,0,0,,[],0,0,,[],327.0,0.9624552364536473,0.2714404498650743
2026-09-28,2026-09-28T01:58:00Z,REM,Sleep,0,128,observedRawSignal,D1597089-5341-5159-B276-DFA4ADFBE739,0001,1,128,1,0,0,0,1,3,128,128,128,128,0,0.0,1.0,0.0,0,0,0,3,1,5,129.4,128,128,135,7,2.8,0.8,0.19999999999999996,1.75,7,1,4,1,10,128.8,128.0,128,135,7,2.08806130178211,0.8,0.19999999999999996,1.7777777777777777,7,4,4,1,30,128.96666666666667,128.0,128,149,21,3.9283867200445304,0.9,0.09999999999999998,2,21,6,17,0,0,,[],0,0,,[],328.0,0.963630453208623,0.26723837607825696
2026-09-28,2026-09-28T01:59:00Z,REM,Sleep,0,128,observedRawSignal,D1597089-5341-5159-B276-DFA4ADFBE739,0001,1,128,1,0,0,0,1,3,128,128,128,128,0,0.0,1.0,0.0,0,0,0,3,1,5,128,128,128,128,0,0.0,1.0,0.0,0,0,0,5,1,10,128.8,128.0,128,135,7,2.08806130178211,0.8,0.19999999999999996,1.7777777777777777,7,4,5,1,30,128.96666666666667,128.0,128,149,21,3.9283867200445304,0.9,0.09999999999999998,2,21,6,16,0,0,,[],0,0,,[],329.0,0.9647873238288129,0.26303121445797495
2026-09-28,2026-09-28T02:00:00Z,REM,Sleep,0,146,observedRawSignal,D1597089-5341-5159-B276-DFA4ADFBE739,0001,1,146,0,18,18,18,1,3,134,128,128,146,18,8.48528137423857,0.6666666666666666,0.33333333333333337,9,18,1,2,1,5,131.6,128,128,146,18,7.2,0.8,0.19999999999999996,4.5,18,1,4,1,10,130.6,128.0,128,146,18,5.535341001239219,0.7,0.30000000000000004,3.7777777777777777,18,5,5,1,30,129.56666666666666,128.0,128,149,21,4.971138926063345,0.8666666666666667,0.1333333333333333,2.6206896551724137,21,7,15,0,0,,[],0,0,,[],330.0,0.9659258262890683,0.25881904510252074
2026-09-28,2026-09-28T02:01:00Z,REM,Sleep,0,128,observedRawSignal,D1597089-5341-5159-B276-DFA4ADFBE739,0001,1,128,1,0,-18,18,1,3,134,128,128,146,18,8.48528137423857,0.6666666666666666,0.33333333333333337,18,18,2,1,1,5,131.6,128,128,146,18,7.2,0.8,0.19999999999999996,9,18,2,3,1,10,130.6,128.0,128,146,18,5.535341001239219,0.7,0.30000000000000004,5.666666666666667,18,5,5,1,30,129.56666666666666,128.0,128,149,21,4.971138926063345,0.8666666666666667,0.1333333333333333,3.2413793103448274,21,8,14,0,0,,[],0,0,,[],331.0,0.9670459389139431,0.2546019482055276
2026-09-28,2026-09-28T02:02:00Z,REM,Sleep,0,128,observedRawSignal,D1597089-5341-5159-B276-DFA4ADFBE739,0001,1,128,1,0,0,0,1,3,134,128,128,146,18,8.48528137423857,0.6666666666666666,0.33333333333333337,9,18,1,2,1,5,131.6,128,128,146,18,7.2,0.8,0.19999999999999996,9,18,2,2,1,10,130.5,128.0,128,146,18,5.572252686302013,0.8,0.19999999999999996,5.555555555555555,18,4,5,1,30,129.56666666666666,128.0,128,149,21,4.971138926063345,0.8666666666666667,0.1333333333333333,3.2413793103448274,21,8,13,0,0,,[],0,0,,[],332.0,0.9681476403781077,0.2503800040544415
2026-09-28,2026-09-28T02:03:00Z,REM,Sleep,0,128,observedRawSignal,D1597089-5341-5159-B276-DFA4ADFBE739,0001,1,128,1,0,0,0,1,3,128,128,128,128,0,0.0,1.0,0.0,0,0,0,3,1,5,131.6,128,128,146,18,7.2,0.8,0.19999999999999996,9,18,2,3,1,10,130.5,128.0,128,146,18,5.572252686302013,0.8,0.19999999999999996,4.777777777777778,18,3,5,1,30,129.56666666666666,128.0,128,149,21,4.971138926063345,0.8666666666666667,0.1333333333333333,3.2413793103448274,21,8,12,0,0,,[],0,0,,[],333.0,0.9692309097067544,0.24615329302899316
2026-09-28,2026-09-28T02:04:00Z,REM,Sleep,0,128,observedRawSignal,D1597089-5341-5159-B276-DFA4ADFBE739,0001,1,128,1,0,0,0,1,3,128,128,128,128,0,0.0,1.0,0.0,0,0,0,3,1,5,131.6,128,128,146,18,7.2,0.8,0.19999999999999996,4.5,18,1,4,1,10,129.8,128.0,128,146,18,5.4,0.9,0.09999999999999998,4,18,2,5,1,30,129.56666666666666,128.0,128,149,21,4.971138926063345,0.8666666666666667,0.1333333333333333,3.2413793103448274,21,8,11,0,0,,[],0,0,,[],334.0,0.9702957262759965,0.2419218955996679
2026-09-28,2026-09-28T02:05:00Z,REM,Sleep,0,146,observedRawSignal,D1597089-5341-5159-B276-DFA4ADFBE739,0001,1,146,0,18,18,18,1,3,134,128,128,146,18,8.48528137423857,0.6666666666666666,0.33333333333333337,9,18,1,2,1,5,131.6,128,128,146,18,7.2,0.8,0.19999999999999996,4.5,18,1,4,1,10,131.6,128.0,128,146,18,7.2,0.8,0.19999999999999996,6,18,3,4,1,30,130.16666666666666,128.0,128,149,21,5.768207886529596,0.8333333333333334,0.16666666666666663,3.8620689655172415,21,9,10,1,1,68,"[""697fb1fb147c589193e9d6b7a9ab962ffd3b11c046c990cc1aa8daee1ce4f293""]",1,1,13,"[""f3bb9aec190d18c1d4becb6f28943483f1f492ffc470e40da95c12ea032d0a85""]",335.0,0.9713420698132614,0.2376858923261731
2026-09-28,2026-09-28T02:06:00Z,REM,Sleep,0,128,observedRawSignal,D1597089-5341-5159-B276-DFA4ADFBE739,0001,1,128,1,0,-18,18,1,3,134,128,128,146,18,8.48528137423857,0.6666666666666666,0.33333333333333337,18,18,2,1,1,5,131.6,128,128,146,18,7.2,0.8,0.19999999999999996,9,18,2,3,1,10,131.6,128.0,128,146,18,7.2,0.8,0.19999999999999996,8,18,4,4,1,30,130.16666666666666,128.0,128,149,21,5.768207886529596,0.8333333333333334,0.16666666666666663,4.482758620689655,21,10,9,0,0,,[],0,0,,[],336.0,0.9723699203976766,0.23344536385590547
2026-09-28,2026-09-28T02:07:00Z,REM,Sleep,0,128,observedRawSignal,D1597089-5341-5159-B276-DFA4ADFBE739,0001,1,128,1,0,0,0,1,3,134,128,128,146,18,8.48528137423857,0.6666666666666666,0.33333333333333337,9,18,1,2,1,5,131.6,128,128,146,18,7.2,0.8,0.19999999999999996,9,18,2,2,1,10,131.6,128.0,128,146,18,7.2,0.8,0.19999999999999996,8,18,4,4,1,30,130.16666666666666,128.0,128,149,21,5.768207886529596,0.8333333333333334,0.16666666666666663,4.482758620689655,21,10,8,0,0,,[],0,0,,[],337.0,0.9733792584604485,0.22920039092241426
2026-09-28,2026-09-28T02:08:00Z,REM,Sleep,0,128,observedRawSignal,D1597089-5341-5159-B276-DFA4ADFBE739,0001,1,128,1,0,0,0,1,3,128,128,128,128,0,0.0,1.0,0.0,0,0,0,3,1,5,131.6,128,128,146,18,7.2,0.8,0.19999999999999996,9,18,2,3,1,10,131.6,128.0,128,146,18,7.2,0.8,0.19999999999999996,8,18,4,4,1,30,130.16666666666666,128.0,128,149,21,5.768207886529596,0.8333333333333334,0.16666666666666663,4.482758620689655,21,10,7,0,0,,[],0,0,,[],338.0,0.9743700647852352,0.22495105434386492
2026-09-28,2026-09-28T02:09:00Z,REM,Sleep,0,128,observedRawSignal,D1597089-5341-5159-B276-DFA4ADFBE739,0001,1,128,1,0,0,0,1,3,128,128,128,128,0,0.0,1.0,0.0,0,0,0,3,1,5,131.6,128,128,146,18,7.2,0.8,0.19999999999999996,4.5,18,1,4,1,10,131.6,128.0,128,146,18,7.2,0.8,0.19999999999999996,6,18,3,4,1,30,130.16666666666666,128.0,128,149,21,5.768207886529596,0.8333333333333334,0.16666666666666663,4.482758620689655,21,10,6,0,0,,[],0,0,,[],339.0,0.9753423205085127,0.22069743502150108
2026-09-28,2026-09-28T02:10:00Z,REM,Sleep,0,128,observedRawSignal,D1597089-5341-5159-B276-DFA4ADFBE739,0001,1,128,1,0,0,0,1,3,128,128,128,128,0,0.0,1.0,0.0,0,0,0,3,1,5,128,128,128,128,0,0.0,1.0,0.0,0,0,0,5,1,10,129.8,128.0,128,146,18,5.4,0.9,0.09999999999999998,4,18,2,5,1,30,130.16666666666666,128.0,128,149,21,5.768207886529596,0.8333333333333334,0.16666666666666663,4.482758620689655,21,10,5,0,0,,[],0,0,,[],340.0,0.9762960071199334,0.2164396139381029
2026-09-28,2026-09-28T02:11:00Z,REM,Sleep,0,128,observedRawSignal,D1597089-5341-5159-B276-DFA4ADFBE739,0001,1,128,1,0,0,0,1,3,128,128,128,128,0,0.0,1.0,0.0,0,0,0,3,1,5,128,128,128,128,0,0.0,1.0,0.0,0,0,0,5,1,10,129.8,128.0,128,146,18,5.4,0.9,0.09999999999999998,4,18,2,6,1,30,130.16666666666666,128.0,128,149,21,5.768207886529596,0.8333333333333334,0.16666666666666663,4.482758620689655,21,10,6,0,0,,[],0,0,,[],341.0,0.9772311064626789,0.21217767215644634
2026-09-28,2026-09-28T02:12:00Z,Core,Sleep,0,128,observedRawSignal,D1597089-5341-5159-B276-DFA4ADFBE739,0001,1,128,1,0,0,0,1,3,128,128,128,128,0,0.0,1.0,0.0,0,0,0,3,1,5,128,128,128,128,0,0.0,1.0,0.0,0,0,0,5,1,10,129.8,128.0,128,146,18,5.4,0.9,0.09999999999999998,4,18,2,7,1,30,130.16666666666666,128.0,128,149,21,5.768207886529596,0.8333333333333334,0.16666666666666663,4.482758620689655,21,10,7,0,0,,[],0,0,,[],342.0,0.9781476007338056,0.20791169081775945
2026-09-28,2026-09-28T02:13:00Z,Core,Sleep,0,128,observedRawSignal,D1597089-5341-5159-B276-DFA4ADFBE739,0001,1,128,1,0,0,0,1,3,128,128,128,128,0,0.0,1.0,0.0,0,0,0,3,1,5,128,128,128,128,0,0.0,1.0,0.0,0,0,0,5,1,10,129.8,128.0,128,146,18,5.4,0.9,0.09999999999999998,4,18,2,8,1,30,130.16666666666666,128.0,128,149,21,5.768207886529596,0.8333333333333334,0.16666666666666663,4.482758620689655,21,10,8,0,0,,[],0,0,,[],343.0,0.9790454724845838,0.20364175114017766
2026-09-28,2026-09-28T02:14:00Z,Core,Sleep,0,128,observedRawSignal,D1597089-5341-5159-B276-DFA4ADFBE739,0001,1,128,1,0,0,0,1,3,128,128,128,128,0,0.0,1.0,0.0,0,0,0,3,1,5,128,128,128,128,0,0.0,1.0,0.0,0,0,0,5,1,10,129.8,128.0,128,146,18,5.4,0.9,0.09999999999999998,2,18,1,9,1,30,130.16666666666666,128.0,128,149,21,5.768207886529596,0.8333333333333334,0.16666666666666663,4.482758620689655,21,10,9,0,0,,[],0,0,,[],344.0,0.9799247046208296,0.1993679344171974
2026-09-28,2026-09-28T02:15:00Z,Core,Sleep,0,157,observedRawSignal,D1597089-5341-5159-B276-DFA4ADFBE739,0001,1,157,0,29,29,29,1,3,137.66666666666666,128,128,157,29,13.67073110293992,0.6666666666666666,0.33333333333333337,14.5,29,1,2,1,5,133.8,128,128,157,29,11.6,0.8,0.19999999999999996,7.25,29,1,4,1,10,130.9,128.0,128,157,29,8.7,0.9,0.09999999999999998,3.2222222222222223,29,1,9,1,30,131.13333333333333,128.0,128,157,29,7.495480119526849,0.8,0.19999999999999996,4.758620689655173,29,10,9,0,0,,[],0,0,,[],345.0,0.9807852804032304,0.19509032201612833
2026-09-28,2026-09-28T02:16:00Z,Core,Sleep,0,128,observedRawSignal,D1597089-5341-5159-B276-DFA4ADFBE739,0001,1,128,1,0,-29,29,1,3,137.66666666666666,128,128,157,29,13.67073110293992,0.6666666666666666,0.33333333333333337,29,29,2,1,1,5,133.8,128,128,157,29,11.6,0.8,0.19999999999999996,14.5,29,2,3,1,10,130.9,128.0,128,157,29,8.7,0.9,0.09999999999999998,6.444444444444445,29,2,8,1,30,130.43333333333334,128.0,128,157,29,6.736385446876454,0.8333333333333334,0.16666666666666663,5.0344827586206895,29,10,9,0,0,,[],0,0,,[],346.0,0.981627183447664,0.19080899537654492
2026-09-28,2026-09-28T02:17:00Z,Core,Sleep,0,128,observedRawSignal,D1597089-5341-5159-B276-DFA4ADFBE739,0001,1,128,1,0,0,0,1,3,137.66666666666666,128,128,157,29,13.67073110293992,0.6666666666666666,0.33333333333333337,14.5,29,1,2,1,5,133.8,128,128,157,29,11.6,0.8,0.19999999999999996,14.5,29,2,2,1,10,130.9,128.0,128,157,29,8.7,0.9,0.09999999999999998,6.444444444444445,29,2,7,1,30,130.43333333333334,128.0,128,157,29,6.736385446876454,0.8333333333333334,0.16666666666666663,5.0344827586206895,29,10,9,0,0,,[],0,0,,[],347.0,0.9824503977255098,0.18652403600873457
2026-09-28,2026-09-28T02:18:00Z,Core,Sleep,0,128,observedRawSignal,D1597089-5341-5159-B276-DFA4ADFBE739,0001,1,128,1,0,0,0,1,3,128,128,128,128,0,0.0,1.0,0.0,0,0,0,3,1,5,133.8,128,128,157,29,11.6,0.8,0.19999999999999996,14.5,29,2,3,1,10,130.9,128.0,128,157,29,8.7,0.9,0.09999999999999998,6.444444444444445,29,2,6,1,30,130.43333333333334,128.0,128,157,29,6.736385446876454,0.8333333333333334,0.16666666666666663,5.0344827586206895,29,10,9,0,0,,[],0,0,,[],348.0,0.9832549075639546,0.18223552549214744
2026-09-28,2026-09-28T02:19:00Z,Core,Sleep,0,128,observedRawSignal,D1597089-5341-5159-B276-DFA4ADFBE739,0001,1,128,1,0,0,0,1,3,128,128,128,128,0,0.0,1.0,0.0,0,0,0,3,1,5,133.8,128,128,157,29,11.6,0.8,0.19999999999999996,7.25,29,1,4,1,10,130.9,128.0,128,157,29,8.7,0.9,0.09999999999999998,6.444444444444445,29,2,5,1,30,130.43333333333334,128.0,128,157,29,6.736385446876454,0.8333333333333334,0.16666666666666663,5.0344827586206895,29,10,9,0,0,,[],0,0,,[],349.0,0.9840406976462909,0.1779435454738418
2026-09-28,2026-09-28T02:20:00Z,Core,Sleep,0,133,observedRawSignal,D1597089-5341-5159-B276-DFA4ADFBE739,0001,1,133,0,5,5,5,1,3,129.66666666666666,128,128,133,5,2.3570226039551585,0.6666666666666666,0.33333333333333337,2.5,5,1,2,1,5,129,128,128,133,5,2.0,0.8,0.19999999999999996,1.25,5,1,4,1,10,131.4,128.0,128,157,29,8.662563131083086,0.8,0.19999999999999996,7,29,3,4,1,30,130.6,128.0,128,157,29,6.735973079914537,0.8,0.19999999999999996,5.206896551724138,29,11,9,0,0,,[],0,0,,[],350.0,0.984807753012208,0.17364817766693041
2026-09-28,2026-09-28T02:21:00Z,Core,Sleep,0,128,observedRawSignal,D1597089-5341-5159-B276-DFA4ADFBE739,0001,1,128,1,0,-5,5,1,3,129.66666666666666,128,128,133,5,2.3570226039551585,0.6666666666666666,0.33333333333333337,5,5,2,1,1,5,129,128,128,133,5,2.0,0.8,0.19999999999999996,2.5,5,2,3,1,10,131.4,128.0,128,157,29,8.662563131083086,0.8,0.19999999999999996,7.555555555555555,29,4,4,1,30,130.6,128.0,128,157,29,6.735973079914537,0.8,0.19999999999999996,5.344827586206897,29,11,9,0,0,,[],0,0,,[],351.0,0.9855560590580777,0.16934950384902475
2026-09-28,2026-09-28T02:22:00Z,Core,Sleep,0,128,observedRawSignal,D1597089-5341-5159-B276-DFA4ADFBE739,0001,1,128,1,0,0,0,1,3,129.66666666666666,128,128,133,5,2.3570226039551585,0.6666666666666666,0.33333333333333337,2.5,5,1,2,1,5,129,128,128,133,5,2.0,0.8,0.19999999999999996,2.5,5,2,2,1,10,131.4,128.0,128,157,29,8.662563131083086,0.8,0.19999999999999996,7.555555555555555,29,4,4,1,30,130.56666666666666,128.0,128,157,29,6.746274692170652,0.8333333333333334,0.16666666666666663,5.310344827586207,29,10,9,0,0,,[],0,0,,[],352.0,0.9862856015372313,0.16504760586067782
2026-09-28,2026-09-28T02:23:00Z,Core,Sleep,0,128,observedRawSignal,D1597089-5341-5159-B276-DFA4ADFBE739,0001,1,128,1,0,0,0,1,3,128,128,128,128,0,0.0,1.0,0.0,0,0,0,3,1,5,129,128,128,133,5,2.0,0.8,0.19999999999999996,2.5,5,2,3,1,10,131.4,128.0,128,157,29,8.662563131083086,0.8,0.19999999999999996,7.555555555555555,29,4,4,1,30,130.56666666666666,128.0,128,157,29,6.746274692170652,0.8333333333333334,0.16666666666666663,5.068965517241379,29,9,9,0,0,,[],0,0,,[],353.0,0.9869963665602319,0.1607425656038261
2026-09-28,2026-09-28T02:24:00Z,Core,Sleep,0,128,observedRawSignal,D1597089-5341-5159-B276-DFA4ADFBE739,0001,1,128,1,0,0,0,1,3,128,128,128,128,0,0.0,1.0,0.0,0,0,0,3,1,5,129,128,128,133,5,2.0,0.8,0.19999999999999996,1.25,5,1,4,1,10,131.4,128.0,128,157,29,8.662563131083086,0.8,0.19999999999999996,4.333333333333333,29,3,4,1,30,130.33333333333334,128.0,128,157,29,6.709860074712603,0.8666666666666667,0.1333333333333333,4.827586206896552,29,8,9,0,0,,[],0,0,,[],354.0,0.9876883405951378,0.15643446504023092
2026-09-28,2026-09-28T02:25:00Z,Core,Sleep,0,128,observedRawSignal,D1597089-5341-5159-B276-DFA4ADFBE739,0001,1,128,1,0,0,0,1,3,128,128,128,128,0,0.0,1.0,0.0,0,0,0,3,1,5,128,128,128,128,0,0.0,1.0,0.0,0,0,0,5,1,10,128.5,128.0,128,133,5,1.5,0.9,0.09999999999999998,1.1111111111111112,5,2,5,1,30,130.33333333333334,128.0,128,157,29,6.709860074712603,0.8666666666666667,0.1333333333333333,4.827586206896552,29,8,9,0,0,,[],0,0,,[],355.0,0.9883615104677607,0.1521233861899168
2026-09-28,2026-09-28T02:26:00Z,Core,Sleep,0,128,observedRawSignal,D1597089-5341-5159-B276-DFA4ADFBE739,0001,1,128,1,0,0,0,1,3,128,128,128,128,0,0.0,1.0,0.0,0,0,0,3,1,5,128,128,128,128,0,0.0,1.0,0.0,0,0,0,5,1,10,128.5,128.0,128,133,5,1.5,0.9,0.09999999999999998,1.1111111111111112,5,2,6,1,30,130.33333333333334,128.0,128,157,29,6.709860074712603,0.8666666666666667,0.1333333333333333,4.827586206896552,29,8,9,0,0,,[],0,0,,[],356.0,0.9890158633619168,0.14780941112961077
2026-09-28,2026-09-28T02:27:00Z,REM,Sleep,0,128,observedRawSignal,D1597089-5341-5159-B276-DFA4ADFBE739,0001,1,128,1,0,0,0,1,3,128,128,128,128,0,0.0,1.0,0.0,0,0,0,3,1,5,128,128,128,128,0,0.0,1.0,0.0,0,0,0,5,1,10,128.5,128.0,128,133,5,1.5,0.9,0.09999999999999998,1.1111111111111112,5,2,7,1,30,130.33333333333334,128.0,128,157,29,6.709860074712603,0.8666666666666667,0.1333333333333333,4.827586206896552,29,8,9,0,0,,[],0,0,,[],357.0,0.9896513868196702,0.1434926219911793
2026-09-28,2026-09-28T02:28:00Z,REM,Sleep,0,128,observedRawSignal,D1597089-5341-5159-B276-DFA4ADFBE739,0001,1,128,1,0,0,0,1,3,128,128,128,128,0,0.0,1.0,0.0,0,0,0,3,1,5,128,128,128,128,0,0.0,1.0,0.0,0,0,0,5,1,10,128.5,128.0,128,133,5,1.5,0.9,0.09999999999999998,1.1111111111111112,5,2,8,1,30,130.33333333333334,128.0,128,157,29,6.709860074712603,0.8666666666666667,0.1333333333333333,4.827586206896552,29,8,9,0,0,,[],0,0,,[],358.0,0.9902680687415703,0.1391731009600657
2026-09-28,2026-09-28T02:29:00Z,REM,Sleep,0,128,observedRawSignal,D1597089-5341-5159-B276-DFA4ADFBE739,0001,1,128,1,0,0,0,1,3,128,128,128,128,0,0.0,1.0,0.0,0,0,0,3,1,5,128,128,128,128,0,0.0,1.0,0.0,0,0,0,5,1,10,128.5,128.0,128,133,5,1.5,0.9,0.09999999999999998,0.5555555555555556,5,1,9,1,30,130.33333333333334,128.0,128,157,29,6.709860074712603,0.8666666666666667,0.1333333333333333,4.206896551724138,29,7,9,0,0,,[],0,0,,[],359.0,0.9908658973868822,0.13485093027372308
2026-09-28,2026-09-28T02:30:00Z,REM,Sleep,0,159,observedRawSignal,D1597089-5341-5159-B276-DFA4ADFBE739,0001,1,159,0,31,31,31,1,3,138.33333333333334,128,128,159,31,14.613540144521982,0.6666666666666666,0.33333333333333337,15.5,31,1,2,1,5,134.2,128,128,159,31,12.4,0.8,0.19999999999999996,7.75,31,1,4,1,10,131.1,128.0,128,159,31,9.3,0.9,0.09999999999999998,3.4444444444444446,31,1,9,1,30,130.76666666666668,128.0,128,159,31,8.002846715735318,0.8666666666666667,0.1333333333333333,4.655172413793103,31,7,9,0,0,,[],0,0,,[],360.0,0.9914448613738104,0.1305261922200517
2026-09-28,2026-09-28T02:31:00Z,REM,Sleep,0,128,observedRawSignal,D1597089-5341-5159-B276-DFA4ADFBE739,0001,1,128,1,0,-31,31,1,3,138.33333333333334,128,128,159,31,14.613540144521982,0.6666666666666666,0.33333333333333337,31,31,2,1,1,5,134.2,128,128,159,31,12.4,0.8,0.19999999999999996,15.5,31,2,3,1,10,131.1,128.0,128,159,31,9.3,0.9,0.09999999999999998,6.888888888888889,31,2,8,1,30,130.76666666666668,128.0,128,159,31,8.002846715735318,0.8666666666666667,0.1333333333333333,5.724137931034483,31,8,9,0,0,,[],0,0,,[],361.0,0.992004949679715,0.12619896913582973
2026-09-28,2026-09-28T02:32:00Z,REM,Sleep,0,128,observedRawSignal,D1597089-5341-5159-B276-DFA4ADFBE739,0001,1,128,1,0,0,0,1,3,138.33333333333334,128,128,159,31,14.613540144521982,0.6666666666666666,0.33333333333333337,15.5,31,1,2,1,5,134.2,128,128,159,31,12.4,0.8,0.19999999999999996,15.5,31,2,2,1,10,131.1,128.0,128,159,31,9.3,0.9,0.09999999999999998,6.888888888888889,31,2,7,1,30,130.76666666666668,128.0,128,159,31,8.002846715735318,0.8666666666666667,0.1333333333333333,5.724137931034483,31,8,9,0,0,,[],0,0,,[],362.0,0.992546151641322,0.12186934340514749
2026-09-28,2026-09-28T02:33:00Z,REM,Sleep,0,128,observedRawSignal,D1597089-5341-5159-B276-DFA4ADFBE739,0001,1,128,1,0,0,0,1,3,128,128,128,128,0,0.0,1.0,0.0,0,0,0,3,1,5,134.2,128,128,159,31,12.4,0.8,0.19999999999999996,15.5,31,2,3,1,10,131.1,128.0,128,159,31,9.3,0.9,0.09999999999999998,6.888888888888889,31,2,6,1,30,130.76666666666668,128.0,128,159,31,8.002846715735318,0.8666666666666667,0.1333333333333333,5.724137931034483,31,8,9,0,0,,[],0,0,,[],363.0,0.9930684569549263,0.1175373974578377
2026-09-28,2026-09-28T02:34:00Z,REM,Sleep,0,128,observedRawSignal,D1597089-5341-5159-B276-DFA4ADFBE739,0001,1,128,1,0,0,0,1,3,128,128,128,128,0,0.0,1.0,0.0,0,0,0,3,1,5,134.2,128,128,159,31,12.4,0.8,0.19999999999999996,7.75,31,1,4,1,10,131.1,128.0,128,159,31,9.3,0.9,0.09999999999999998,6.888888888888889,31,2,5,1,30,130.76666666666668,128.0,128,159,31,8.002846715735318,0.8666666666666667,0.1333333333333333,5.103448275862069,31,7,9,0,0,,[],0,0,,[],364.0,0.9935718556765875,0.11320321376790661
2026-09-28,2026-09-28T02:35:00Z,REM,Sleep,0,136,observedRawSignal,D1597089-5341-5159-B276-DFA4ADFBE739,0001,1,136,0,8,8,8,1,3,130.66666666666666,128,128,136,8,3.7712361663282534,0.6666666666666666,0.33333333333333337,4,8,1,2,1,5,129.6,128,128,136,8,3.2,0.8,0.19999999999999996,2,8,1,4,1,10,131.9,128.0,128,159,31,9.342911751697113,0.8,0.19999999999999996,7.777777777777778,31,3,4,1,30,130.43333333333334,128.0,128,159,31,7.557262878994102,0.8666666666666667,0.1333333333333333,4.758620689655173,31,7,9,1,1,65,"[""1a9fb74f3818faafd7528bea10baa8320a5d180b2a352a52ce406fd1b455951c""]",1,1,12,"[""379e57f6c37985b469da43d4959e62036c78212fea324a6341b177f4160d2290""]",365.0,0.9940563382223196,0.10886687485196474
2026-09-28,2026-09-28T02:36:00Z,REM,Sleep,0,131,observedRawSignal,D1597089-5341-5159-B276-DFA4ADFBE739,0001,1,131,0,3,-5,5,1,3,131.66666666666666,131,128,136,8,3.2998316455372216,0.3333333333333333,0.6666666666666667,6.5,8,2,1,1,5,130.2,128,128,136,8,3.1240998703626617,0.6,0.4,3.25,8,2,3,1,10,132.2,128.0,128,159,31,9.260669522232181,0.7,0.30000000000000004,8.333333333333334,31,4,4,1,30,130.53333333333333,128.0,128,159,31,7.5442398924978225,0.8333333333333334,0.16666666666666663,4.931034482758621,31,8,9,0,0,,[],0,0,,[],366.0,0.9945218953682733,0.10452846326765346
2026-09-28,2026-09-28T02:37:00Z,Core,Sleep,0,128,observedRawSignal,D1597089-5341-5159-B276-DFA4ADFBE739,0001,1,128,1,0,-3,3,1,3,131.66666666666666,131,128,136,8,3.2998316455372216,0.3333333333333333,0.6666666666666667,4,5,2,1,1,5,130.2,128,128,136,8,3.1240998703626617,0.6,0.4,4,8,3,2,1,10,132.2,128.0,128,159,31,9.260669522232181,0.7,0.30000000000000004,8.666666666666666,31,5,4,1,30,130.53333333333333,128.0,128,159,31,7.5442398924978225,0.8333333333333334,0.16666666666666663,5.0344827586206895,31,9,9,0,0,,[],0,0,,[],367.0,0.9949685182509117,0.10018806161207654
2026-09-28,2026-09-28T02:38:00Z,Core,Sleep,0,144,observedRawSignal,D1597089-5341-5159-B276-DFA4ADFBE739,0001,1,144,0,16,16,16,1,3,134.33333333333334,131,128,144,16,6.944222218666553,0.3333333333333333,0.6666666666666667,9.5,16,2,1,1,5,133.4,131,128,144,16,6.053098380168622,0.4,0.6,8,16,4,1,1,10,133.8,128.0,128,159,31,9.765244492586962,0.6,0.4,10.444444444444445,31,6,4,1,30,131.06666666666666,128.0,128,159,31,7.903304512811221,0.8,0.19999999999999996,5.586206896551724,31,10,9,0,0,,[],0,0,,[],368.0,0.9953961983671787,0.09584575252022408
2026-09-28,2026-09-28T02:39:00Z,Core,Sleep,0,128,observedRawSignal,D1597089-5341-5159-B276-DFA4ADFBE739,0001,1,128,1,0,-16,16,1,3,133.33333333333334,128,128,144,16,7.542472332656507,0.6666666666666666,0.33333333333333337,16,16,2,1,1,5,133.4,131,128,144,16,6.053098380168622,0.4,0.6,10,16,4,1,1,10,133.8,128.0,128,159,31,9.765244492586962,0.6,0.4,8.777777777777779,31,6,4,1,30,131.06666666666666,128.0,128,159,31,7.903304512811221,0.8,0.19999999999999996,6.137931034482759,31,11,9,0,0,,[],0,0,,[],369.0,0.9958049275746618,0.09150161866340252
2026-09-28,2026-09-28T02:40:00Z,Core,Sleep,0,128,observedRawSignal,D1597089-5341-5159-B276-DFA4ADFBE739,0001,1,128,1,0,0,0,1,3,133.33333333333334,128,128,144,16,7.542472332656507,0.6666666666666666,0.33333333333333337,8,16,1,2,1,5,131.8,128,128,144,16,6.20966987850401,0.6,0.4,8.75,16,3,2,1,10,130.7,128.0,128,144,16,5.060632371551998,0.7,0.30000000000000004,5.333333333333333,16,5,4,1,30,131.06666666666666,128.0,128,159,31,7.903304512811221,0.8,0.19999999999999996,6.137931034482759,31,11,9,0,0,,[],0,0,,[],370.0,0.9961946980917455,0.08715574274765814
2026-09-28,2026-09-28T02:41:00Z,Core,Sleep,0,128,observedRawSignal,D1597089-5341-5159-B276-DFA4ADFBE739,0001,1,128,1,0,0,0,1,3,128,128,128,128,0,0.0,1.0,0.0,0,0,0,3,1,5,131.2,128,128,144,16,6.4,0.8,0.19999999999999996,8,16,2,3,1,10,130.7,128.0,128,144,16,5.060632371551998,0.7,0.30000000000000004,5.333333333333333,16,5,3,1,30,131.06666666666666,128.0,128,159,31,7.903304512811221,0.8,0.19999999999999996,6.137931034482759,31,11,9,0,0,,[],0,0,,[],371.0,0.9965655024977614,0.08280820751220458
2026-09-28,2026-09-28T02:42:00Z,Core,Sleep,0,128,observedRawSignal,D1597089-5341-5159-B276-DFA4ADFBE739,0001,1,128,1,0,0,0,1,3,128,128,128,128,0,0.0,1.0,0.0,0,0,0,3,1,5,131.2,128,128,144,16,6.4,0.8,0.19999999999999996,4,16,1,4,1,10,130.7,128.0,128,144,16,5.060632371551998,0.7,0.30000000000000004,5.333333333333333,16,5,4,1,30,131.06666666666666,128.0,128,159,31,7.903304512811221,0.8,0.19999999999999996,6.137931034482759,31,11,9,0,0,,[],0,0,,[],372.0,0.996917333733128,0.078459095727845
2026-09-28,2026-09-28T02:43:00Z,Core,Sleep,0,128,observedRawSignal,D1597089-5341-5159-B276-DFA4ADFBE739,0001,1,128,1,0,0,0,1,3,128,128,128,128,0,0.0,1.0,0.0,0,0,0,3,1,5,128,128,128,128,0,0.0,1.0,0.0,0,0,0,5,1,10,130.7,128.0,128,144,16,5.060632371551998,0.7,0.30000000000000004,5.333333333333333,16,5,5,1,30,131.06666666666666,128.0,128,159,31,7.903304512811221,0.8,0.19999999999999996,6.137931034482759,31,11,9,0,0,,[],0,0,,[],373.0,0.9972501850994857,0.07410849019539913
2026-09-28,2026-09-28T02:44:00Z,Core,Sleep,0,130,observedRawSignal,D1597089-5341-5159-B276-DFA4ADFBE739,0001,1,130,0,2,2,2,1,3,128.66666666666666,128,128,130,2,0.9428090415820634,0.6666666666666666,0.33333333333333337,1,2,1,2,1,5,128.4,128,128,130,2,0.8,0.8,0.19999999999999996,0.5,2,1,4,1,10,130.9,128.0,128,144,16,4.988987873306569,0.6,0.4,4.666666666666667,16,5,5,1,30,131.13333333333333,128.0,128,159,31,7.885570507085852,0.7666666666666667,0.23333333333333328,5.206896551724138,31,11,9,0,0,,[],0,0,,[],374.0,0.9975640502598242,0.06975647374412546
2026-09-28,2026-09-28T02:45:00Z,Core,Sleep,0,128,observedRawSignal,D1597089-5341-5159-B276-DFA4ADFBE739,0001,1,128,1,0,-2,2,1,3,128.66666666666666,128,128,130,2,0.9428090415820634,0.6666666666666666,0.33333333333333337,2,2,2,1,1,5,128.4,128,128,130,2,0.8,0.8,0.19999999999999996,1,2,2,3,1,10,130.1,128.0,128,144,16,4.742362280551751,0.7,0.30000000000000004,4.333333333333333,16,5,5,1,30,130.16666666666666,128.0,128,159,31,6.266755318521876,0.8,0.19999999999999996,4.275862068965517,31,11,9,0,0,,[],0,0,,[],375.0,0.9978589232386035,0.06540312923014305
2026-09-28,2026-09-28T02:46:00Z,Core,Sleep,0,128,observedRawSignal,D1597089-5341-5159-B276-DFA4ADFBE739,0001,1,128,1,0,0,0,1,3,128.66666666666666,128,128,130,2,0.9428090415820634,0.6666666666666666,0.33333333333333337,1,2,1,2,1,5,128.4,128,128,130,2,0.8,0.8,0.19999999999999996,1,2,2,2,1,10,129.8,128.0,128,144,16,4.770744176750625,0.8,0.19999999999999996,4,16,4,5,1,30,130.16666666666666,128.0,128,159,31,6.266755318521876,0.8,0.19999999999999996,4.275862068965517,31,11,9,0,0,,[],0,0,,[],376.0,0.9981347984218669,0.06104853953485691
2026-09-28,2026-09-28T02:47:00Z,Core,Sleep,0,146,observedRawSignal,D1597089-5341-5159-B276-DFA4ADFBE739,0001,1,146,0,18,18,18,1,3,134,128,128,146,18,8.48528137423857,0.6666666666666666,0.33333333333333337,9,18,1,2,1,5,132,128,128,146,18,7.042726744663604,0.6,0.4,5.5,18,3,2,1,10,131.6,128.0,128,146,18,6.740919818541087,0.7,0.30000000000000004,4.222222222222222,18,4,5,1,30,130.76666666666668,128.0,128,159,31,6.863834367335959,0.7666666666666667,0.23333333333333328,4.896551724137931,31,12,9,0,0,,[],0,0,,[],377.0,0.9983916705573488,0.05669278756337759
2026-09-28,2026-09-28T02:48:00Z,Core,Sleep,0,128,observedRawSignal,D1597089-5341-5159-B276-DFA4ADFBE739,0001,1,128,1,0,-18,18,1,3,134,128,128,146,18,8.48528137423857,0.6666666666666666,0.33333333333333337,18,18,2,1,1,5,132,128,128,146,18,7.042726744663604,0.6,0.4,9.5,18,3,2,1,10,130,128.0,128,146,18,5.366563145999495,0.8,0.19999999999999996,4.444444444444445,18,4,5,1,30,130.76666666666668,128.0,128,159,31,6.863834367335959,0.7666666666666667,0.23333333333333328,5.517241379310345,31,13,9,0,0,,[],0,0,,[],378.0,0.9986295347545738,0.052335956242943966
2026-09-28,2026-09-28T02:49:00Z,Core,Sleep,0,128,observedRawSignal,D1597089-5341-5159-B276-DFA4ADFBE739,0001,1,128,1,0,0,0,1,3,134,128,128,146,18,8.48528137423857,0.6666666666666666,0.33333333333333337,9,18,1,2,1,5,131.6,128,128,146,18,7.2,0.8,0.19999999999999996,9,18,2,2,1,10,130,128.0,128,146,18,5.366563145999495,0.8,0.19999999999999996,4.444444444444445,18,4,4,1,30,130.76666666666668,128.0,128,159,31,6.863834367335959,0.7666666666666667,0.23333333333333328,5.344827586206897,31,12,9,0,0,,[],0,0,,[],379.0,0.9988483864849507,0.04797812852134391
2026-09-28,2026-09-28T02:50:00Z,Core,Sleep,0,128,observedRawSignal,D1597089-5341-5159-B276-DFA4ADFBE739,0001,1,128,1,0,0,0,1,3,128,128,128,128,0,0.0,1.0,0.0,0,0,0,3,1,5,131.6,128,128,146,18,7.2,0.8,0.19999999999999996,9,18,2,3,1,10,130,128.0,128,146,18,5.366563145999495,0.8,0.19999999999999996,4.444444444444445,18,4,3,1,30,130.6,128.0,128,159,31,6.868284599034415,0.8,0.19999999999999996,5.172413793103448,31,11,9,0,0,,[],0,0,,[],380.0,0.9990482215818578,0.04361938736533623
2026-09-28,2026-09-28T02:51:00Z,Core,Sleep,0,128,observedRawSignal,D1597089-5341-5159-B276-DFA4ADFBE739,0001,1,128,1,0,0,0,1,3,128,128,128,128,0,0.0,1.0,0.0,0,0,0,3,1,5,131.6,128,128,146,18,7.2,0.8,0.19999999999999996,4.5,18,1,4,1,10,130,128.0,128,146,18,5.366563145999495,0.8,0.19999999999999996,4.444444444444445,18,4,4,1,30,130.6,128.0,128,159,31,6.868284599034415,0.8,0.19999999999999996,5.172413793103448,31,11,8,0,0,,[],0,0,,[],381.0,0.9992290362407229,0.039259815759068666
2026-09-28,2026-09-28T02:52:00Z,Core,Sleep,0,128,observedRawSignal,D1597089-5341-5159-B276-DFA4ADFBE739,0001,1,128,1,0,0,0,1,3,128,128,128,128,0,0.0,1.0,0.0,0,0,0,3,1,5,128,128,128,128,0,0.0,1.0,0.0,0,0,0,5,1,10,130,128.0,128,146,18,5.366563145999495,0.8,0.19999999999999996,4.444444444444445,18,4,5,1,30,130.6,128.0,128,159,31,6.868284599034415,0.8,0.19999999999999996,5.172413793103448,31,11,7,0,0,,[],0,0,,[],382.0,0.9993908270190958,0.03489949670250108
2026-09-28,2026-09-28T02:53:00Z,Core,Sleep,0,128,observedRawSignal,D1597089-5341-5159-B276-DFA4ADFBE739,0001,1,128,1,0,0,0,1,3,128,128,128,128,0,0.0,1.0,0.0,0,0,0,3,1,5,128,128,128,128,0,0.0,1.0,0.0,0,0,0,5,1,10,130,128.0,128,146,18,5.366563145999495,0.8,0.19999999999999996,4.222222222222222,18,3,6,1,30,130.6,128.0,128,159,31,6.868284599034415,0.8,0.19999999999999996,5.172413793103448,31,11,6,0,0,,[],0,0,,[],383.0,0.9995335908367129,0.03053851320982282
2026-09-28,2026-09-28T02:54:00Z,Core,Sleep,0,128,observedRawSignal,D1597089-5341-5159-B276-DFA4ADFBE739,0001,1,128,1,0,0,0,1,3,128,128,128,128,0,0.0,1.0,0.0,0,0,0,3,1,5,128,128,128,128,0,0.0,1.0,0.0,0,0,0,5,1,10,129.8,128.0,128,146,18,5.4,0.9,0.09999999999999998,4,18,2,7,1,30,130.6,128.0,128,159,31,6.868284599034415,0.8,0.19999999999999996,5.172413793103448,31,11,7,0,0,,[],0,0,,[],384.0,0.9996573249755573,0.02617694830787314
2026-09-28,2026-09-28T02:55:00Z,Core,Sleep,0,128,observedRawSignal,D1597089-5341-5159-B276-DFA4ADFBE739,0001,1,128,1,0,0,0,1,3,128,128,128,128,0,0.0,1.0,0.0,0,0,0,3,1,5,128,128,128,128,0,0.0,1.0,0.0,0,0,0,5,1,10,129.8,128.0,128,146,18,5.4,0.9,0.09999999999999998,4,18,2,8,1,30,130.6,128.0,128,159,31,6.868284599034415,0.8,0.19999999999999996,5.172413793103448,31,11,8,0,0,,[],0,0,,[],385.0,0.9997620270799091,0.02181488503456116
2026-09-28,2026-09-28T02:56:00Z,Core,Sleep,0,128,observedRawSignal,D1597089-5341-5159-B276-DFA4ADFBE739,0001,1,128,1,0,0,0,1,3,128,128,128,128,0,0.0,1.0,0.0,0,0,0,3,1,5,128,128,128,128,0,0.0,1.0,0.0,0,0,0,5,1,10,129.8,128.0,128,146,18,5.4,0.9,0.09999999999999998,2,18,1,9,1,30,130.6,128.0,128,159,31,6.868284599034415,0.8,0.19999999999999996,5.172413793103448,31,11,9,0,0,,[],0,0,,[],386.0,0.9998476951563913,0.017452406437283376
2026-09-28,2026-09-28T02:57:00Z,Core,Sleep,0,128,observedRawSignal,D1597089-5341-5159-B276-DFA4ADFBE739,0001,1,128,1,0,0,0,1,3,128,128,128,128,0,0.0,1.0,0.0,0,0,0,3,1,5,128,128,128,128,0,0.0,1.0,0.0,0,0,0,5,1,10,128,128.0,128,128,0,0.0,1.0,0.0,0,0,0,10,1,30,130.6,128.0,128,159,31,6.868284599034415,0.8,0.19999999999999996,5.172413793103448,31,11,10,0,0,,[],0,0,,[],387.0,0.999914327574007,0.013089595571344575
2026-09-28,2026-09-28T02:58:00Z,Core,Sleep,0,129,observedRawSignal,D1597089-5341-5159-B276-DFA4ADFBE739,0001,1,129,0,1,1,1,1,3,128.33333333333334,128,128,129,1,0.4714045207910317,0.6666666666666666,0.33333333333333337,0.5,1,1,2,1,5,128.2,128,128,129,1,0.4,0.8,0.19999999999999996,0.25,1,1,4,1,10,128.1,128.0,128,129,1,0.3,0.9,0.09999999999999998,0.1111111111111111,1,1,9,1,30,130.63333333333333,128.0,128,159,31,6.858004244838452,0.7666666666666667,0.23333333333333328,5.206896551724138,31,12,10,0,0,,[],0,0,,[],388.0,0.9999619230641713,0.008726535498373897
2026-09-28,2026-09-28T02:59:00Z,REM,Sleep,0,128,observedRawSignal,D1597089-5341-5159-B276-DFA4ADFBE739,0001,1,128,1,0,-1,1,1,3,128.33333333333334,128,128,129,1,0.4714045207910317,0.6666666666666666,0.33333333333333337,1,1,2,1,1,5,128.2,128,128,129,1,0.4,0.8,0.19999999999999996,0.5,1,2,3,1,10,128.1,128.0,128,129,1,0.3,0.9,0.09999999999999998,0.2222222222222222,1,2,8,1,30,130.63333333333333,128.0,128,159,31,6.858004244838452,0.7666666666666667,0.23333333333333328,4.172413793103448,31,12,10,0,0,,[],0,0,,[],389.0,0.9999904807207345,0.004363309284746804
2026-09-28,2026-09-28T03:00:00Z,REM,Sleep,0,128,observedRawSignal,98DB5C16-AC29-5FDB-BDD5-E996907D2BEF,0002,1,128,1,0,0,0,1,3,128.33333333333334,128,128,129,1,0.4714045207910317,0.6666666666666666,0.33333333333333337,0.5,1,1,2,1,5,128.2,128,128,129,1,0.4,0.8,0.19999999999999996,0.5,1,2,2,1,10,128.1,128.0,128,129,1,0.3,0.9,0.09999999999999998,0.2222222222222222,1,2,7,1,30,129.6,128.0,128,146,18,4.40151489073175,0.8,0.19999999999999996,3.103448275862069,18,11,10,0,0,,[],0,0,,[],390.0,1.0,6.123233995736766e-17
2026-09-28,2026-09-28T03:01:00Z,REM,Sleep,0,159,observedRawSignal,98DB5C16-AC29-5FDB-BDD5-E996907D2BEF,0002,1,159,0,31,31,31,1,3,138.33333333333334,128,128,159,31,14.613540144521982,0.6666666666666666,0.33333333333333337,15.5,31,1,2,1,5,134.4,128,128,159,31,12.306096050332128,0.6,0.4,8.25,31,3,2,1,10,131.2,128.0,128,159,31,9.271461589199408,0.8,0.19999999999999996,3.6666666666666665,31,3,6,1,30,130.63333333333333,128.0,128,159,31,6.858004244838452,0.7666666666666667,0.23333333333333328,4.172413793103448,31,12,10,0,0,,[],0,0,,[],391.0,0.9999904807207345,-0.00436330928474646
2026-09-28,2026-09-28T03:02:00Z,REM,Sleep,0,133,observedRawSignal,98DB5C16-AC29-5FDB-BDD5-E996907D2BEF,0002,1,133,0,5,-26,26,1,3,140,133,128,159,31,13.589211407093005,0.3333333333333333,0.6666666666666667,28.5,31,2,1,1,5,135.4,129,128,159,31,11.943198901466893,0.4,0.6,14.5,31,3,2,1,10,131.7,128.0,128,159,31,9.220086767487603,0.7,0.30000000000000004,6.555555555555555,31,4,5,1,30,130.8,128.0,128,159,31,6.8527366796047255,0.7333333333333333,0.2666666666666667,5.068965517241379,31,13,10,0,0,,[],0,0,,[],392.0,0.9999619230641713,-0.008726535498373775
2026-09-28,2026-09-28T03:03:00Z,REM,Sleep,0,128,observedRawSignal,98DB5C16-AC29-5FDB-BDD5-E996907D2BEF,0002,1,128,1,0,-5,5,1,3,140,133,128,159,31,13.589211407093005,0.3333333333333333,0.6666666666666667,15.5,26,2,1,1,5,135.2,128,128,159,31,12.056533498481228,0.6,0.4,15.5,31,3,2,1,10,131.7,128.0,128,159,31,9.220086767487603,0.7,0.30000000000000004,7.111111111111111,31,5,4,1,30,130.8,128.0,128,159,31,6.8527366796047255,0.7333333333333333,0.2666666666666667,5.241379310344827,31,14,10,0,0,,[],0,0,,[],393.0,0.999914327574007,-0.013089595571344452
2026-09-28,2026-09-28T03:04:00Z,REM,Sleep,0,128,observedRawSignal,98DB5C16-AC29-5FDB-BDD5-E996907D2BEF,0002,1,128,1,0,0,0,1,3,129.66666666666666,128,128,133,5,2.3570226039551585,0.6666666666666666,0.33333333333333337,2.5,5,1,2,1,5,135.2,128,128,159,31,12.056533498481228,0.6,0.4,15.5,31,3,2,1,10,131.7,128.0,128,159,31,9.220086767487603,0.7,0.30000000000000004,7.111111111111111,31,5,3,1,30,130.8,128.0,128,159,31,6.8527366796047255,0.7333333333333333,0.2666666666666667,4.9655172413793105,31,13,10,0,0,,[],0,0,,[],394.0,0.9998476951563913,-0.017452406437283477
2026-09-28,2026-09-28T03:05:00Z,REM,Sleep,0,128,observedRawSignal,98DB5C16-AC29-5FDB-BDD5-E996907D2BEF,0002,1,128,1,0,0,0,1,3,128,128,128,128,0,0.0,1.0,0.0,0,0,0,3,1,5,135.2,128,128,159,31,12.056533498481228,0.6,0.4,7.75,26,2,3,1,10,131.7,128.0,128,159,31,9.220086767487603,0.7,0.30000000000000004,7.111111111111111,31,5,3,1,30,130.53333333333333,128.0,128,159,31,6.800653563363516,0.7666666666666667,0.23333333333333328,4.793103448275862,31,12,10,1,1,57,"[""bbf0b8322e5885c7da4d8198efda0aae4298176f8f4213f38771242120602e63""]",1,1,11,"[""61b1fc0a840f046409ebd20606e7da64ef3d56d83e8a71c0b73226b9868c4d43""]",395.0,0.9997620270799091,-0.021814885034561256
2026-09-28,2026-09-28T03:06:00Z,REM,Sleep,0,128,observedRawSignal,98DB5C16-AC29-5FDB-BDD5-E996907D2BEF,0002,1,128,1,0,0,0,1,3,128,128,128,128,0,0.0,1.0,0.0,0,0,0,3,1,5,129,128,128,133,5,2.0,0.8,0.19999999999999996,1.25,5,1,4,1,10,131.7,128.0,128,159,31,9.220086767487603,0.7,0.30000000000000004,7.111111111111111,31,5,4,1,30,130.43333333333334,128.0,128,159,31,6.815097618930748,0.8,0.19999999999999996,4.689655172413793,31,11,10,0,0,,[],0,0,,[],396.0,0.9996573249755573,-0.026176948307873017
2026-09-28,2026-09-28T03:07:00Z,REM,Sleep,0,128,observedRawSignal,98DB5C16-AC29-5FDB-BDD5-E996907D2BEF,0002,1,128,1,0,0,0,1,3,128,128,128,128,0,0.0,1.0,0.0,0,0,0,3,1,5,128,128,128,128,0,0.0,1.0,0.0,0,0,0,5,1,10,131.7,128.0,128,159,31,9.220086767487603,0.7,0.30000000000000004,7,31,4,5,1,30,130.43333333333334,128.0,128,159,31,6.815097618930748,0.8,0.19999999999999996,4.137931034482759,31,10,10,0,0,,[],0,0,,[],397.0,0.9995335908367129,-0.030538513209822697
2026-09-28,2026-09-28T03:08:00Z,Core,Sleep,0,128,observedRawSignal,98DB5C16-AC29-5FDB-BDD5-E996907D2BEF,0002,1,128,1,0,0,0,1,3,128,128,128,128,0,0.0,1.0,0.0,0,0,0,3,1,5,128,128,128,128,0,0.0,1.0,0.0,0,0,0,5,1,10,131.6,128.0,128,159,31,9.25418824100742,0.8,0.19999999999999996,6.888888888888889,31,3,6,1,30,129.9,128.0,128,159,31,6.342186794263736,0.8333333333333334,0.16666666666666663,3.586206896551724,31,9,10,0,0,,[],0,0,,[],398.0,0.9993908270190958,-0.03489949670250073
2026-09-28,2026-09-28T03:09:00Z,Core,Sleep,0,128,observedRawSignal,98DB5C16-AC29-5FDB-BDD5-E996907D2BEF,0002,1,128,1,0,0,0,1,3,128,128,128,128,0,0.0,1.0,0.0,0,0,0,3,1,5,128,128,128,128,0,0.0,1.0,0.0,0,0,0,5,1,10,131.6,128.0,128,159,31,9.25418824100742,0.8,0.19999999999999996,6.888888888888889,31,3,7,1,30,129.9,128.0,128,159,31,6.342186794263736,0.8333333333333334,0.16666666666666663,3.586206896551724,31,9,10,0,0,,[],0,0,,[],399.0,0.9992290362407229,-0.03925981575906855
2026-09-28,2026-09-28T03:10:00Z,Core,Sleep,0,128,observedRawSignal,98DB5C16-AC29-5FDB-BDD5-E996907D2BEF,0002,1,128,1,0,0,0,1,3,128,128,128,128,0,0.0,1.0,0.0,0,0,0,3,1,5,128,128,128,128,0,0.0,1.0,0.0,0,0,0,5,1,10,131.6,128.0,128,159,31,9.25418824100742,0.8,0.19999999999999996,3.4444444444444446,26,2,8,1,30,129.9,128.0,128,159,31,6.342186794263736,0.8333333333333334,0.16666666666666663,3.586206896551724,31,9,10,0,0,,[],0,0,,[],400.0,0.9990482215818578,-0.04361938736533589
2026-09-28,2026-09-28T03:11:00Z,Core,Sleep,0,128,observedRawSignal,98DB5C16-AC29-5FDB-BDD5-E996907D2BEF,0002,1,128,1,0,0,0,1,3,128,128,128,128,0,0.0,1.0,0.0,0,0,0,3,1,5,128,128,128,128,0,0.0,1.0,0.0,0,0,0,5,1,10,128.5,128.0,128,133,5,1.5,0.9,0.09999999999999998,0.5555555555555556,5,1,9,1,30,129.9,128.0,128,159,31,6.342186794263736,0.8333333333333334,0.16666666666666663,3.586206896551724,31,9,10,0,0,,[],0,0,,[],401.0,0.9988483864849507,-0.04797812852134401
2026-09-28,2026-09-28T03:12:00Z,Core,Sleep,0,128,observedRawSignal,98DB5C16-AC29-5FDB-BDD5-E996907D2BEF,0002,1,128,1,0,0,0,1,3,128,128,128,128,0,0.0,1.0,0.0,0,0,0,3,1,5,128,128,128,128,0,0.0,1.0,0.0,0,0,0,5,1,10,128,128.0,128,128,0,0.0,1.0,0.0,0,0,0,10,1,30,129.9,128.0,128,159,31,6.342186794263736,0.8333333333333334,0.16666666666666663,3.586206896551724,31,9,10,0,0,,[],0,0,,[],402.0,0.9986295347545738,-0.05233595624294362
2026-09-28,2026-09-28T03:13:00Z,REM,Sleep,0,128,observedRawSignal,98DB5C16-AC29-5FDB-BDD5-E996907D2BEF,0002,1,128,1,0,0,0,1,3,128,128,128,128,0,0.0,1.0,0.0,0,0,0,3,1,5,128,128,128,128,0,0.0,1.0,0.0,0,0,0,5,1,10,128,128.0,128,128,0,0.0,1.0,0.0,0,0,0,10,1,30,129.9,128.0,128,159,31,6.342186794263736,0.8333333333333334,0.16666666666666663,3.5172413793103448,31,8,11,0,0,,[],0,0,,[],403.0,0.9983916705573488,-0.05669278756337747
2026-09-28,2026-09-28T03:14:00Z,REM,Sleep,0,128,observedRawSignal,98DB5C16-AC29-5FDB-BDD5-E996907D2BEF,0002,1,128,1,0,0,0,1,3,128,128,128,128,0,0.0,1.0,0.0,0,0,0,3,1,5,128,128,128,128,0,0.0,1.0,0.0,0,0,0,5,1,10,128,128.0,128,128,0,0.0,1.0,0.0,0,0,0,10,1,30,129.83333333333334,128.0,128,159,31,6.351290332592968,0.8666666666666667,0.1333333333333333,3.4482758620689653,31,7,12,0,0,,[],0,0,,[],404.0,0.9981347984218669,-0.061048539534857005
2026-09-28,2026-09-28T03:15:00Z,REM,Sleep,0,128,observedRawSignal,98DB5C16-AC29-5FDB-BDD5-E996907D2BEF,0002,1,128,1,0,0,0,1,3,128,128,128,128,0,0.0,1.0,0.0,0,0,0,3,1,5,128,128,128,128,0,0.0,1.0,0.0,0,0,0,5,1,10,128,128.0,128,128,0,0.0,1.0,0.0,0,0,0,10,1,30,129.83333333333334,128.0,128,159,31,6.351290332592968,0.8666666666666667,0.1333333333333333,3.4482758620689653,31,7,13,0,0,,[],0,0,,[],405.0,0.9978589232386035,-0.06540312923014292
2026-09-28,2026-09-28T03:16:00Z,REM,Sleep,0,128,observedRawSignal,98DB5C16-AC29-5FDB-BDD5-E996907D2BEF,0002,1,128,1,0,0,0,1,3,128,128,128,128,0,0.0,1.0,0.0,0,0,0,3,1,5,128,128,128,128,0,0.0,1.0,0.0,0,0,0,5,1,10,128,128.0,128,128,0,0.0,1.0,0.0,0,0,0,10,1,30,129.83333333333334,128.0,128,159,31,6.351290332592968,0.8666666666666667,0.1333333333333333,2.8275862068965516,31,6,14,0,0,,[],0,0,,[],406.0,0.9975640502598242,-0.06975647374412533
2026-09-28,2026-09-28T03:17:00Z,REM,Sleep,0,128,observedRawSignal,98DB5C16-AC29-5FDB-BDD5-E996907D2BEF,0002,1,128,1,0,0,0,1,3,128,128,128,128,0,0.0,1.0,0.0,0,0,0,3,1,5,128,128,128,128,0,0.0,1.0,0.0,0,0,0,5,1,10,128,128.0,128,128,0,0.0,1.0,0.0,0,0,0,10,1,30,129.23333333333332,128.0,128,159,31,5.601686254056799,0.9,0.09999999999999998,2.206896551724138,31,5,15,0,0,,[],0,0,,[],407.0,0.9972501850994857,-0.07410849019539922
2026-09-28,2026-09-28T03:18:00Z,REM,Sleep,0,131,observedRawSignal,98DB5C16-AC29-5FDB-BDD5-E996907D2BEF,0002,1,131,0,3,3,3,1,3,129,128,128,131,3,1.4142135623730951,0.6666666666666666,0.33333333333333337,1.5,3,1,2,1,5,128.6,128,128,131,3,1.2,0.8,0.19999999999999996,0.75,3,1,4,1,10,128.3,128.0,128,131,3,0.9,0.9,0.09999999999999998,0.3333333333333333,3,1,9,1,30,129.33333333333334,128.0,128,159,31,5.605552802554109,0.8666666666666667,0.1333333333333333,2.310344827586207,31,6,15,0,0,,[],0,0,,[],408.0,0.996917333733128,-0.07845909572784487
2026-09-28,2026-09-28T03:19:00Z,REM,Sleep,0,134,observedRawSignal,98DB5C16-AC29-5FDB-BDD5-E996907D2BEF,0002,1,134,0,6,3,3,1,3,131,131,128,134,6,2.449489742783178,0.3333333333333333,0.6666666666666667,3,3,2,1,1,5,129.8,128,128,134,6,2.4,0.6,0.4,1.5,3,2,3,1,10,128.9,128.0,128,134,6,1.9209372712298547,0.8,0.19999999999999996,0.6666666666666666,3,2,8,1,30,129.53333333333333,128.0,128,159,31,5.661173808397768,0.8333333333333334,0.16666666666666663,2.413793103448276,31,7,15,0,0,,[],0,0,,[],409.0,0.9965655024977614,-0.08280820751220423
2026-09-28,2026-09-28T03:20:00Z,REM,Sleep,0,128,observedRawSignal,98DB5C16-AC29-5FDB-BDD5-E996907D2BEF,0002,1,128,1,0,-6,6,1,3,131,131,128,134,6,2.449489742783178,0.3333333333333333,0.6666666666666667,4.5,6,2,1,1,5,129.8,128,128,134,6,2.4,0.6,0.4,3,6,3,2,1,10,128.9,128.0,128,134,6,1.9209372712298547,0.8,0.19999999999999996,1.3333333333333333,6,3,7,1,30,129.53333333333333,128.0,128,159,31,5.661173808397768,0.8333333333333334,0.16666666666666663,2.6206896551724137,31,8,15,0,0,,[],0,0,,[],410.0,0.9961946980917455,-0.08715574274765824
2026-09-28,2026-09-28T03:21:00Z,REM,Sleep,0,128,observedRawSignal,98DB5C16-AC29-5FDB-BDD5-E996907D2BEF,0002,1,128,1,0,0,0,1,3,130,128,128,134,6,2.8284271247461903,0.6666666666666666,0.33333333333333337,3,6,1,2,1,5,129.8,128,128,134,6,2.4,0.6,0.4,3,6,3,2,1,10,128.9,128.0,128,134,6,1.9209372712298547,0.8,0.19999999999999996,1.3333333333333333,6,3,6,1,30,129.53333333333333,128.0,128,159,31,5.661173808397768,0.8333333333333334,0.16666666666666663,2.6206896551724137,31,8,15,0,0,,[],0,0,,[],411.0,0.9958049275746618,-0.09150161866340217
2026-09-28,2026-09-28T03:22:00Z,REM,Sleep,0,128,observedRawSignal,98DB5C16-AC29-5FDB-BDD5-E996907D2BEF,0002,1,128,1,0,0,0,1,3,128,128,128,128,0,0.0,1.0,0.0,0,0,0,3,1,5,129.8,128,128,134,6,2.4,0.6,0.4,2.25,6,2,3,1,10,128.9,128.0,128,134,6,1.9209372712298547,0.8,0.19999999999999996,1.3333333333333333,6,3,5,1,30,129.53333333333333,128.0,128,159,31,5.661173808397768,0.8333333333333334,0.16666666666666663,2.6206896551724137,31,8,15,0,0,,[],0,0,,[],412.0,0.9953961983671789,-0.09584575252022395
2026-09-28,2026-09-28T03:23:00Z,REM,Sleep,0,128,observedRawSignal,98DB5C16-AC29-5FDB-BDD5-E996907D2BEF,0002,1,128,1,0,0,0,1,3,128,128,128,128,0,0.0,1.0,0.0,0,0,0,3,1,5,129.2,128,128,134,6,2.4,0.8,0.19999999999999996,1.5,6,1,4,1,10,128.9,128.0,128,134,6,1.9209372712298547,0.8,0.19999999999999996,1.3333333333333333,6,3,4,1,30,129.53333333333333,128.0,128,159,31,5.661173808397768,0.8333333333333334,0.16666666666666663,2.6206896551724137,31,8,15,0,0,,[],0,0,,[],413.0,0.9949685182509117,-0.10018806161207598
2026-09-28,2026-09-28T03:24:00Z,REM,Sleep,0,128,observedRawSignal,98DB5C16-AC29-5FDB-BDD5-E996907D2BEF,0002,1,128,1,0,0,0,1,3,128,128,128,128,0,0.0,1.0,0.0,0,0,0,3,1,5,128,128,128,128,0,0.0,1.0,0.0,0,0,0,5,1,10,128.9,128.0,128,134,6,1.9209372712298547,0.8,0.19999999999999996,1.3333333333333333,6,3,5,1,30,129.53333333333333,128.0,128,159,31,5.661173808397768,0.8333333333333334,0.16666666666666663,2.6206896551724137,31,8,15,0,0,,[],0,0,,[],414.0,0.9945218953682734,-0.10452846326765333
2026-09-28,2026-09-28T03:25:00Z,REM,Sleep,0,128,observedRawSignal,98DB5C16-AC29-5FDB-BDD5-E996907D2BEF,0002,1,128,1,0,0,0,1,3,128,128,128,128,0,0.0,1.0,0.0,0,0,0,3,1,5,128,128,128,128,0,0.0,1.0,0.0,0,0,0,5,1,10,128.9,128.0,128,134,6,1.9209372712298547,0.8,0.19999999999999996,1.3333333333333333,6,3,6,1,30,129.53333333333333,128.0,128,159,31,5.661173808397768,0.8333333333333334,0.16666666666666663,2.6206896551724137,31,8,15,0,0,,[],0,0,,[],415.0,0.9940563382223196,-0.10886687485196461
2026-09-28,2026-09-28T03:26:00Z,REM,Sleep,0,132,observedRawSignal,98DB5C16-AC29-5FDB-BDD5-E996907D2BEF,0002,1,132,0,4,4,4,1,3,129.33333333333334,128,128,132,4,1.8856180831641267,0.6666666666666666,0.33333333333333337,2,4,1,2,1,5,128.8,128,128,132,4,1.6,0.8,0.19999999999999996,1,4,1,4,1,10,129.3,128.0,128,134,6,2.1,0.7,0.30000000000000004,1.7777777777777777,6,4,6,1,30,129.66666666666666,128.0,128,159,31,5.670586879288206,0.8,0.19999999999999996,2.7586206896551726,31,9,15,0,0,,[],0,0,,[],416.0,0.9935718556765875,-0.11320321376790671
2026-09-28,2026-09-28T03:27:00Z,REM,Sleep,0,135,observedRawSignal,98DB5C16-AC29-5FDB-BDD5-E996907D2BEF,0002,1,135,0,7,3,3,1,3,131.66666666666666,132,128,135,7,2.8674417556808756,0.3333333333333333,0.6666666666666667,3.5,4,2,1,1,5,130.2,128,128,135,7,2.85657137141714,0.6,0.4,1.75,4,2,3,1,10,130,128.0,128,135,7,2.6457513110645907,0.6,0.4,1.7777777777777777,6,4,6,1,30,129.9,128.0,128,159,31,5.740789725000095,0.7666666666666667,0.23333333333333328,2.8275862068965516,31,9,15,0,0,,[],0,0,,[],417.0,0.9930684569549263,-0.1175373974578378
2026-09-28,2026-09-28T03:28:00Z,Core,Sleep,0,128,observedRawSignal,98DB5C16-AC29-5FDB-BDD5-E996907D2BEF,0002,1,128,1,0,-7,7,1,3,131.66666666666666,132,128,135,7,2.8674417556808756,0.3333333333333333,0.6666666666666667,5,7,2,1,1,5,130.2,128,128,135,7,2.85657137141714,0.6,0.4,3.5,7,3,2,1,10,129.7,128.0,128,135,7,2.6851443164195103,0.7,0.30000000000000004,2.2222222222222223,7,4,6,1,30,129.86666666666667,128.0,128,159,31,5.748816303282693,0.8,0.19999999999999996,3.0344827586206895,31,9,15,0,0,,[],0,0,,[],418.0,0.9925461516413221,-0.12186934340514737
2026-09-28,2026-09-28T03:29:00Z,Core,Sleep,0,128,observedRawSignal,98DB5C16-AC29-5FDB-BDD5-E996907D2BEF,0002,1,128,1,0,0,0,1,3,130.33333333333334,128,128,135,7,3.2998316455372216,0.6666666666666666,0.33333333333333337,3.5,7,1,2,1,5,130.2,128,128,135,7,2.85657137141714,0.6,0.4,3.5,7,3,2,1,10,129.1,128.0,128,135,7,2.3,0.8,0.19999999999999996,1.5555555555555556,7,3,6,1,30,129.86666666666667,128.0,128,159,31,5.748816303282693,0.8,0.19999999999999996,3.0344827586206895,31,9,15,0,0,,[],0,0,,[],419.0,0.992004949679715,-0.1261989691358298
2026-09-28,2026-09-28T03:30:00Z,Core,Sleep,0,135,observedRawSignal,98DB5C16-AC29-5FDB-BDD5-E996907D2BEF,0002,1,135,0,7,7,7,1,3,130.33333333333334,128,128,135,7,3.2998316455372216,0.6666666666666666,0.33333333333333337,3.5,7,1,2,1,5,131.6,132,128,135,7,3.1368774282716245,0.4,0.6,4.25,7,3,2,1,10,129.8,128.0,128,135,7,2.85657137141714,0.7,0.30000000000000004,2.3333333333333335,7,4,5,1,30,130.1,128.0,128,159,31,5.810048766289889,0.7666666666666667,0.23333333333333328,2.206896551724138,26,9,15,0,0,,[],0,0,,[],420.0,0.9914448613738105,-0.13052619222005138
2026-09-28,2026-09-28T03:31:00Z,Core,Sleep,0,128,observedRawSignal,98DB5C16-AC29-5FDB-BDD5-E996907D2BEF,0002,1,128,1,0,-7,7,1,3,130.33333333333334,128,128,135,7,3.2998316455372216,0.6666666666666666,0.33333333333333337,7,7,2,1,1,5,130.8,128,128,135,7,3.4292856398964493,0.6,0.4,5.25,7,3,2,1,10,129.8,128.0,128,135,7,2.85657137141714,0.7,0.30000000000000004,3.111111111111111,7,5,4,1,30,129.06666666666666,128.0,128,135,7,2.2350739485653612,0.8,0.19999999999999996,1.5517241379310345,7,9,15,0,0,,[],0,0,,[],421.0,0.9908658973868822,-0.13485093027372297
2026-09-28,2026-09-28T03:32:00Z,Core,Sleep,0,137,observedRawSignal,98DB5C16-AC29-5FDB-BDD5-E996907D2BEF,0002,1,137,0,9,9,9,1,3,133.33333333333334,135,128,137,9,3.858612300930075,0.3333333333333333,0.6666666666666667,8,9,2,1,1,5,131.2,128,128,137,9,3.9698866482558417,0.6,0.4,5.75,9,3,2,1,10,130.7,128.0,128,137,9,3.4942810419312296,0.6,0.4,4.111111111111111,9,6,3,1,30,129.2,128.0,128,137,9,2.5612496949731396,0.8,0.19999999999999996,1.6896551724137931,9,9,15,0,0,,[],0,0,,[],422.0,0.9902680687415704,-0.13917310096006535
2026-09-28,2026-09-28T03:33:00Z,Core,Sleep,0,129,observedRawSignal,98DB5C16-AC29-5FDB-BDD5-E996907D2BEF,0002,1,129,0,1,-8,8,1,3,131.33333333333334,129,128,137,9,4.0276819911981905,0.3333333333333333,0.6666666666666667,8.5,9,2,1,1,5,131.4,129,128,137,9,3.826225293941798,0.4,0.6,7.75,9,4,1,1,10,130.8,128.5,128,137,9,3.4292856398964493,0.5,0.5,5,9,7,2,1,30,129.23333333333332,128.0,128,137,9,2.5519056060564274,0.7666666666666667,0.23333333333333328,1.9655172413793103,9,10,14,0,0,,[],0,0,,[],423.0,0.9896513868196702,-0.14349262199117918
2026-09-28,2026-09-28T03:34:00Z,Core,Sleep,0,129,observedRawSignal,98DB5C16-AC29-5FDB-BDD5-E996907D2BEF,0002,1,129,0,1,0,0,1,3,131.66666666666666,129,129,137,8,3.7712361663282534,0.0,1.0,4,8,1,0,1,5,131.6,129,128,137,9,3.666060555964672,0.2,0.8,6,9,3,1,1,10,130.9,129.0,128,137,9,3.3600595232822887,0.4,0.6,5,9,7,2,1,30,129.26666666666668,128.0,128,137,9,2.5420901286583493,0.7333333333333333,0.2666666666666667,1.9655172413793103,9,10,13,0,0,,[],0,0,,[],424.0,0.9890158633619168,-0.14780941112961044
2026-09-28,2026-09-28T03:35:00Z,Core,Sleep,0,128,observedRawSignal,98DB5C16-AC29-5FDB-BDD5-E996907D2BEF,0002,1,128,1,0,-1,1,1,3,128.66666666666666,129,128,129,1,0.4714045207910317,0.3333333333333333,0.6666666666666667,0.5,1,1,1,1,5,130.2,129,128,137,9,3.4292856398964493,0.4,0.6,4.5,9,3,1,1,10,130.9,129.0,128,137,9,3.3600595232822887,0.4,0.6,4.666666666666667,9,7,2,1,30,129.26666666666668,128.0,128,137,9,2.5420901286583493,0.7333333333333333,0.2666666666666667,2,9,11,12,1,1,66,"[""e332c66c5f0750217b435fb43730316df3921c701e8faaac4d88365f05fb7c9b""]",1,1,14,"[""4f0d9b976b63aa33b4287833cf4e113c47825c3e24edfa98f1965ab0a616706a""]",425.0,0.9883615104677607,-0.1521233861899167
2026-09-28,2026-09-28T03:36:00Z,Core,Sleep,0,128,observedRawSignal,98DB5C16-AC29-5FDB-BDD5-E996907D2BEF,0002,1,128,1,0,0,0,1,3,128.33333333333334,128,128,129,1,0.4714045207910317,0.6666666666666666,0.33333333333333337,0.5,1,1,2,1,5,130.2,129,128,137,9,3.4292856398964493,0.4,0.6,2.25,8,2,2,1,10,130.5,128.5,128,137,9,3.442382895611701,0.5,0.5,4.333333333333333,9,6,2,1,30,129.26666666666668,128.0,128,137,9,2.5420901286583493,0.7333333333333333,0.2666666666666667,2,9,11,11,0,0,,[],0,0,,[],426.0,0.9876883405951377,-0.15643446504023104
2026-09-28,2026-09-28T03:37:00Z,Core,Sleep,0,128,observedRawSignal,98DB5C16-AC29-5FDB-BDD5-E996907D2BEF,0002,1,128,1,0,0,0,1,3,128,128,128,128,0,0.0,1.0,0.0,0,0,0,3,1,5,128.4,128,128,129,1,0.4898979485566356,0.6,0.4,0.25,1,1,3,1,10,129.8,128.0,128,137,9,3.1559467676119,0.6,0.4,3.5555555555555554,9,5,3,1,30,129.26666666666668,128.0,128,137,9,2.5420901286583493,0.7333333333333333,0.2666666666666667,2,9,11,10,0,0,,[],0,0,,[],427.0,0.9869963665602319,-0.160742565603826
2026-09-28,2026-09-28T03:38:00Z,Core,Sleep,0,128,observedRawSignal,98DB5C16-AC29-5FDB-BDD5-E996907D2BEF,0002,1,128,1,0,0,0,1,3,128,128,128,128,0,0.0,1.0,0.0,0,0,0,3,1,5,128.2,128,128,129,1,0.4,0.8,0.19999999999999996,0.25,1,1,4,1,10,129.8,128.0,128,137,9,3.1559467676119,0.6,0.4,3.5555555555555554,9,5,4,1,30,129.26666666666668,128.0,128,137,9,2.5420901286583493,0.7333333333333333,0.2666666666666667,2,9,11,9,0,0,,[],0,0,,[],428.0,0.9862856015372314,-0.1650476058606777
2026-09-28,2026-09-28T03:39:00Z,Core,Sleep,0,141,observedRawSignal,98DB5C16-AC29-5FDB-BDD5-E996907D2BEF,0002,1,141,0,13,13,13,1,3,132.33333333333334,128,128,141,13,6.128258770283412,0.6666666666666666,0.33333333333333337,6.5,13,1,2,1,5,130.6,128,128,141,13,5.2,0.8,0.19999999999999996,3.25,13,1,4,1,10,131.1,128.5,128,141,13,4.52658811910251,0.5,0.5,4.222222222222222,13,5,4,1,30,129.7,128.0,128,141,13,3.2878564445547194,0.7,0.30000000000000004,2.4482758620689653,13,12,8,0,0,,[],0,0,,[],429.0,0.9855560590580777,-0.1693495038490244
2026-09-28,2026-09-28T03:40:00Z,Core,Sleep,0,128,observedRawSignal,98DB5C16-AC29-5FDB-BDD5-E996907D2BEF,0002,1,128,1,0,-13,13,1,3,132.33333333333334,128,128,141,13,6.128258770283412,0.6666666666666666,0.33333333333333337,13,13,2,1,1,5,130.6,128,128,141,13,5.2,0.8,0.19999999999999996,6.5,13,2,3,1,10,130.4,128.0,128,141,13,4.409081537009721,0.6,0.4,4.888888888888889,13,5,4,1,30,129.7,128.0,128,141,13,3.2878564445547194,0.7,0.30000000000000004,2.896551724137931,13,13,7,0,0,,[],0,0,,[],430.0,0.984807753012208,-0.1736481776669303
2026-09-28,2026-09-28T03:41:00Z,Core,Sleep,0,128,observedRawSignal,98DB5C16-AC29-5FDB-BDD5-E996907D2BEF,0002,1,128,1,0,0,0,1,3,132.33333333333334,128,128,141,13,6.128258770283412,0.6666666666666666,0.33333333333333337,6.5,13,1,2,1,5,130.6,128,128,141,13,5.2,0.8,0.19999999999999996,6.5,13,2,2,1,10,130.4,128.0,128,141,13,4.409081537009721,0.6,0.4,3.888888888888889,13,4,4,1,30,129.7,128.0,128,141,13,3.2878564445547194,0.7,0.30000000000000004,2.896551724137931,13,13,6,0,0,,[],0,0,,[],431.0,0.9840406976462909,-0.17794354547384167
2026-09-28,2026-09-28T03:42:00Z,Core,Sleep,0,128,observedRawSignal,98DB5C16-AC29-5FDB-BDD5-E996907D2BEF,0002,1,128,1,0,0,0,1,3,128,128,128,128,0,0.0,1.0,0.0,0,0,0,3,1,5,130.6,128,128,141,13,5.2,0.8,0.19999999999999996,6.5,13,2,3,1,10,129.5,128.0,128,141,13,3.853569773599539,0.7,0.30000000000000004,3,13,3,4,1,30,129.7,128.0,128,141,13,3.2878564445547194,0.7,0.30000000000000004,2.896551724137931,13,13,6,0,0,,[],0,0,,[],432.0,0.9832549075639546,-0.18223552549214753
2026-09-28,2026-09-28T03:43:00Z,Core,Sleep,0,128,observedRawSignal,98DB5C16-AC29-5FDB-BDD5-E996907D2BEF,0002,1,128,1,0,0,0,1,3,128,128,128,128,0,0.0,1.0,0.0,0,0,0,3,1,5,130.6,128,128,141,13,5.2,0.8,0.19999999999999996,3.25,13,1,4,1,10,129.4,128.0,128,141,13,3.878143885933063,0.8,0.19999999999999996,3,13,3,4,1,30,129.7,128.0,128,141,13,3.2878564445547194,0.7,0.30000000000000004,2.896551724137931,13,13,6,0,0,,[],0,0,,[],433.0,0.9824503977255098,-0.18652403600873443
2026-09-28,2026-09-28T03:44:00Z,Core,Sleep,0,129,observedRawSignal,98DB5C16-AC29-5FDB-BDD5-E996907D2BEF,0002,1,129,0,1,1,1,1,3,128.33333333333334,128,128,129,1,0.4714045207910317,0.6666666666666666,0.33333333333333337,0.5,1,1,2,1,5,128.2,128,128,129,1,0.4,0.8,0.19999999999999996,0.25,1,1,4,1,10,129.4,128.0,128,141,13,3.878143885933063,0.8,0.19999999999999996,3,13,3,4,1,30,129.73333333333332,128.0,128,141,13,3.2754982657435323,0.6666666666666666,0.33333333333333337,2.9310344827586206,13,14,6,0,0,,[],0,0,,[],434.0,0.981627183447664,-0.1908089953765448
2026-09-28,2026-09-28T03:45:00Z,Core,Sleep,0,128,observedRawSignal,98DB5C16-AC29-5FDB-BDD5-E996907D2BEF,0002,1,128,1,0,-1,1,1,3,128.33333333333334,128,128,129,1,0.4714045207910317,0.6666666666666666,0.33333333333333337,1,1,2,1,1,5,128.2,128,128,129,1,0.4,0.8,0.19999999999999996,0.5,1,2,3,1,10,129.4,128.0,128,141,13,3.878143885933063,0.8,0.19999999999999996,3.111111111111111,13,4,4,1,30,129.73333333333332,128.0,128,141,13,3.2754982657435323,0.6666666666666666,0.33333333333333337,2.9655172413793105,13,15,6,0,0,,[],0,0,,[],435.0,0.9807852804032305,-0.19509032201612797
2026-09-28,2026-09-28T03:46:00Z,Core,Sleep,0,128,observedRawSignal,98DB5C16-AC29-5FDB-BDD5-E996907D2BEF,0002,1,128,1,0,0,0,1,3,128.33333333333334,128,128,129,1,0.4714045207910317,0.6666666666666666,0.33333333333333337,0.5,1,1,2,1,5,128.2,128,128,129,1,0.4,0.8,0.19999999999999996,0.5,1,2,2,1,10,129.4,128.0,128,141,13,3.878143885933063,0.8,0.19999999999999996,3.111111111111111,13,4,4,1,30,129.73333333333332,128.0,128,141,13,3.2754982657435323,0.6666666666666666,0.33333333333333337,2.9655172413793105,13,15,6,0,0,,[],0,0,,[],436.0,0.9799247046208296,-0.19936793441719708
2026-09-28,2026-09-28T03:47:00Z,Core,Sleep,0,128,observedRawSignal,98DB5C16-AC29-5FDB-BDD5-E996907D2BEF,0002,1,128,1,0,0,0,1,3,128,128,128,128,0,0.0,1.0,0.0,0,0,0,3,1,5,128.2,128,128,129,1,0.4,0.8,0.19999999999999996,0.5,1,2,3,1,10,129.4,128.0,128,141,13,3.878143885933063,0.8,0.19999999999999996,3.111111111111111,13,4,4,1,30,129.73333333333332,128.0,128,141,13,3.2754982657435323,0.6666666666666666,0.33333333333333337,2.8620689655172415,13,14,6,0,0,,[],0,0,,[],437.0,0.9790454724845838,-0.20364175114017755
2026-09-28,2026-09-28T03:48:00Z,Core,Sleep,0,128,observedRawSignal,98DB5C16-AC29-5FDB-BDD5-E996907D2BEF,0002,1,128,1,0,0,0,1,3,128,128,128,128,0,0.0,1.0,0.0,0,0,0,3,1,5,128.2,128,128,129,1,0.4,0.8,0.19999999999999996,0.25,1,1,4,1,10,129.4,128.0,128,141,13,3.878143885933063,0.8,0.19999999999999996,1.6666666666666667,13,3,4,1,30,129.63333333333333,128.0,128,141,13,3.2810906045940817,0.7,0.30000000000000004,2.7586206896551726,13,13,6,0,0,,[],0,0,,[],438.0,0.9781476007338057,-0.20791169081775912
2026-09-28,2026-09-28T03:49:00Z,Core,Sleep,0,128,observedRawSignal,98DB5C16-AC29-5FDB-BDD5-E996907D2BEF,0002,1,128,1,0,0,0,1,3,128,128,128,128,0,0.0,1.0,0.0,0,0,0,3,1,5,128,128,128,128,0,0.0,1.0,0.0,0,0,0,5,1,10,128.1,128.0,128,129,1,0.3,0.9,0.09999999999999998,0.2222222222222222,1,2,5,1,30,129.43333333333334,128.0,128,141,13,3.1904370999737464,0.7333333333333333,0.2666666666666667,2.5517241379310347,13,12,6,0,0,,[],0,0,,[],439.0,0.9772311064626789,-0.21217767215644623
2026-09-28,2026-09-28T03:50:00Z,Core,Sleep,0,128,observedRawSignal,98DB5C16-AC29-5FDB-BDD5-E996907D2BEF,0002,1,128,1,0,0,0,1,3,128,128,128,128,0,0.0,1.0,0.0,0,0,0,3,1,5,128,128,128,128,0,0.0,1.0,0.0,0,0,0,5,1,10,128.1,128.0,128,129,1,0.3,0.9,0.09999999999999998,0.2222222222222222,1,2,6,1,30,129.43333333333334,128.0,128,141,13,3.1904370999737464,0.7333333333333333,0.2666666666666667,2.5517241379310347,13,12,6,0,0,,[],0,0,,[],440.0,0.9762960071199334,-0.2164396139381028
2026-09-28,2026-09-28T03:51:00Z,REM,Sleep,0,137,observedRawSignal,98DB5C16-AC29-5FDB-BDD5-E996907D2BEF,0002,1,137,0,9,9,9,1,3,131,128,128,137,9,4.242640687119285,0.6666666666666666,0.33333333333333337,4.5,9,1,2,1,5,129.8,128,128,137,9,3.6,0.8,0.19999999999999996,2.25,9,1,4,1,10,129,128.0,128,137,9,2.6832815729997477,0.8,0.19999999999999996,1.2222222222222223,9,3,6,1,30,129.73333333333332,128.0,128,141,13,3.453822359196965,0.7,0.30000000000000004,2.8620689655172415,13,13,6,0,0,,[],0,0,,[],441.0,0.9753423205085127,-0.22069743502150116
2026-09-28,2026-09-28T03:52:00Z,REM,Sleep,0,128,observedRawSignal,98DB5C16-AC29-5FDB-BDD5-E996907D2BEF,0002,1,128,1,0,-9,9,1,3,131,128,128,137,9,4.242640687119285,0.6666666666666666,0.33333333333333337,9,9,2,1,1,5,129.8,128,128,137,9,3.6,0.8,0.19999999999999996,4.5,9,2,3,1,10,129,128.0,128,137,9,2.6832815729997477,0.8,0.19999999999999996,2.2222222222222223,9,4,6,1,30,129.73333333333332,128.0,128,141,13,3.453822359196965,0.7,0.30000000000000004,3.1724137931034484,13,14,6,0,0,,[],0,0,,[],442.0,0.9743700647852352,-0.2249510543438648
2026-09-28,2026-09-28T03:53:00Z,REM,Sleep,0,128,observedRawSignal,98DB5C16-AC29-5FDB-BDD5-E996907D2BEF,0002,1,128,1,0,0,0,1,3,131,128,128,137,9,4.242640687119285,0.6666666666666666,0.33333333333333337,4.5,9,1,2,1,5,129.8,128,128,137,9,3.6,0.8,0.19999999999999996,4.5,9,2,2,1,10,129,128.0,128,137,9,2.6832815729997477,0.8,0.19999999999999996,2.111111111111111,9,3,6,1,30,129.73333333333332,128.0,128,141,13,3.453822359196965,0.7,0.30000000000000004,3.1724137931034484,13,14,6,0,0,,[],0,0,,[],443.0,0.9733792584604485,-0.22920039092241415
2026-09-28,2026-09-28T03:54:00Z,REM,Sleep,0,128,observedRawSignal,98DB5C16-AC29-5FDB-BDD5-E996907D2BEF,0002,1,128,1,0,0,0,1,3,128,128,128,128,0,0.0,1.0,0.0,0,0,0,3,1,5,129.8,128,128,137,9,3.6,0.8,0.19999999999999996,4.5,9,2,3,1,10,128.9,128.0,128,137,9,2.7,0.9,0.09999999999999998,2,9,2,6,1,30,129.73333333333332,128.0,128,141,13,3.453822359196965,0.7,0.30000000000000004,3.1724137931034484,13,14,6,0,0,,[],0,0,,[],444.0,0.9723699203976767,-0.23344536385590514
2026-09-28,2026-09-28T03:55:00Z,REM,Sleep,0,128,observedRawSignal,98DB5C16-AC29-5FDB-BDD5-E996907D2BEF,0002,1,128,1,0,0,0,1,3,128,128,128,128,0,0.0,1.0,0.0,0,0,0,3,1,5,129.8,128,128,137,9,3.6,0.8,0.19999999999999996,2.25,9,1,4,1,10,128.9,128.0,128,137,9,2.7,0.9,0.09999999999999998,2,9,2,5,1,30,129.73333333333332,128.0,128,141,13,3.453822359196965,0.7,0.30000000000000004,3.0344827586206895,13,13,6,0,0,,[],0,0,,[],445.0,0.9713420698132614,-0.237685892326173
2026-09-28,2026-09-28T03:56:00Z,REM,Sleep,0,128,observedRawSignal,98DB5C16-AC29-5FDB-BDD5-E996907D2BEF,0002,1,128,1,0,0,0,1,3,128,128,128,128,0,0.0,1.0,0.0,0,0,0,3,1,5,128,128,128,128,0,0.0,1.0,0.0,0,0,0,5,1,10,128.9,128.0,128,137,9,2.7,0.9,0.09999999999999998,2,9,2,5,1,30,129.6,128.0,128,141,13,3.4409301068170506,0.7333333333333333,0.2666666666666667,2.9310344827586206,13,12,6,0,0,,[],0,0,,[],446.0,0.9702957262759965,-0.24192189559966779
2026-09-28,2026-09-28T03:57:00Z,REM,Sleep,0,128,observedRawSignal,98DB5C16-AC29-5FDB-BDD5-E996907D2BEF,0002,1,128,1,0,0,0,1,3,128,128,128,128,0,0.0,1.0,0.0,0,0,0,3,1,5,128,128,128,128,0,0.0,1.0,0.0,0,0,0,5,1,10,128.9,128.0,128,137,9,2.7,0.9,0.09999999999999998,2,9,2,6,1,30,129.36666666666667,128.0,128,141,13,3.301346526629534,0.7666666666666667,0.23333333333333328,2.689655172413793,13,11,6,0,0,,[],0,0,,[],447.0,0.9692309097067544,-0.24615329302899305
2026-09-28,2026-09-28T03:58:00Z,REM,Sleep,0,128,observedRawSignal,98DB5C16-AC29-5FDB-BDD5-E996907D2BEF,0002,1,128,1,0,0,0,1,3,128,128,128,128,0,0.0,1.0,0.0,0,0,0,3,1,5,128,128,128,128,0,0.0,1.0,0.0,0,0,0,5,1,10,128.9,128.0,128,137,9,2.7,0.9,0.09999999999999998,2,9,2,7,1,30,129.36666666666667,128.0,128,141,13,3.301346526629534,0.7666666666666667,0.23333333333333328,2.689655172413793,13,11,7,0,0,,[],0,0,,[],448.0,0.9681476403781077,-0.2503800040544414
2026-09-28,2026-09-28T03:59:00Z,REM,Sleep,0,128,observedRawSignal,98DB5C16-AC29-5FDB-BDD5-E996907D2BEF,0002,1,128,1,0,0,0,1,3,128,128,128,128,0,0.0,1.0,0.0,0,0,0,3,1,5,128,128,128,128,0,0.0,1.0,0.0,0,0,0,5,1,10,128.9,128.0,128,137,9,2.7,0.9,0.09999999999999998,2,9,2,8,1,30,129.36666666666667,128.0,128,141,13,3.301346526629534,0.7666666666666667,0.23333333333333328,2.4482758620689653,13,10,8,0,0,,[],0,0,,[],449.0,0.9670459389139432,-0.2546019482055275
2026-09-28,2026-09-28T04:00:00Z,REM,Sleep,0,137,observedRawSignal,98DB5C16-AC29-5FDB-BDD5-E996907D2BEF,0002,1,137,0,9,9,9,1,3,131,128,128,137,9,4.242640687119285,0.6666666666666666,0.33333333333333337,4.5,9,1,2,1,5,129.8,128,128,137,9,3.6,0.8,0.19999999999999996,2.25,9,1,4,1,10,129.8,128.0,128,137,9,3.6,0.8,0.19999999999999996,2,9,2,8,1,30,129.43333333333334,128.0,128,141,13,3.4320385908216253,0.7666666666666667,0.23333333333333328,2.5172413793103448,13,10,8,0,0,,[],0,0,,[],450.0,0.9659258262890683,-0.25881904510252085
2026-09-28,2026-09-28T04:01:00Z,REM,Sleep,0,128,observedRawSignal,98DB5C16-AC29-5FDB-BDD5-E996907D2BEF,0002,1,128,1,0,-9,9,1,3,131,128,128,137,9,4.242640687119285,0.6666666666666666,0.33333333333333337,9,9,2,1,1,5,129.8,128,128,137,9,3.6,0.8,0.19999999999999996,4.5,9,2,3,1,10,128.9,128.0,128,137,9,2.7,0.9,0.09999999999999998,2,9,2,8,1,30,129.43333333333334,128.0,128,141,13,3.4320385908216253,0.7666666666666667,0.23333333333333328,2.5172413793103448,13,10,8,0,0,,[],0,0,,[],451.0,0.964787323828813,-0.2630312144579746
2026-09-28,2026-09-28T04:02:00Z,REM,Sleep,0,128,observedRawSignal,98DB5C16-AC29-5FDB-BDD5-E996907D2BEF,0002,1,128,1,0,0,0,1,3,131,128,128,137,9,4.242640687119285,0.6666666666666666,0.33333333333333337,4.5,9,1,2,1,5,129.8,128,128,137,9,3.6,0.8,0.19999999999999996,4.5,9,2,2,1,10,128.9,128.0,128,137,9,2.7,0.9,0.09999999999999998,2,9,2,7,1,30,129.13333333333333,128.0,128,141,13,3.138293945583952,0.8,0.19999999999999996,2.2413793103448274,13,9,8,0,0,,[],0,0,,[],452.0,0.963630453208623,-0.26723837607825685
2026-09-28,2026-09-28T04:03:00Z,REM,Sleep,0,128,observedRawSignal,98DB5C16-AC29-5FDB-BDD5-E996907D2BEF,0002,1,128,1,0,0,0,1,3,128,128,128,128,0,0.0,1.0,0.0,0,0,0,3,1,5,129.8,128,128,137,9,3.6,0.8,0.19999999999999996,4.5,9,2,3,1,10,128.9,128.0,128,137,9,2.7,0.9,0.09999999999999998,2,9,2,6,1,30,129.1,128.0,128,141,13,3.1448370387032774,0.8333333333333334,0.16666666666666663,2.2413793103448274,13,9,8,0,0,,[],0,0,,[],453.0,0.9624552364536473,-0.2714404498650742
2026-09-28,2026-09-28T04:04:00Z,REM,Sleep,0,130,observedRawSignal,98DB5C16-AC29-5FDB-BDD5-E996907D2BEF,0002,1,130,0,2,2,2,1,3,128.66666666666666,128,128,130,2,0.9428090415820634,0.6666666666666666,0.33333333333333337,1,2,1,2,1,5,130.2,128,128,137,9,3.4871191548325386,0.6,0.4,2.75,9,2,3,1,10,129.1,128.0,128,137,9,2.7,0.8,0.19999999999999996,2.2222222222222223,9,3,5,1,30,129.13333333333333,128.0,128,141,13,3.148897514298545,0.8333333333333334,0.16666666666666663,2.2758620689655173,13,9,8,0,0,,[],0,0,,[],454.0,0.9612616959383189,-0.27563735581699905
2026-09-28,2026-09-28T04:05:00Z,REM,Sleep,0,128,observedRawSignal,98DB5C16-AC29-5FDB-BDD5-E996907D2BEF,0002,1,128,1,0,-2,2,1,3,128.66666666666666,128,128,130,2,0.9428090415820634,0.6666666666666666,0.33333333333333337,2,2,2,1,1,5,128.4,128,128,130,2,0.8,0.8,0.19999999999999996,1,2,2,3,1,10,129.1,128.0,128,137,9,2.7,0.8,0.19999999999999996,2.4444444444444446,9,4,4,1,30,129.13333333333333,128.0,128,141,13,3.148897514298545,0.8333333333333334,0.16666666666666663,2.3448275862068964,13,10,8,1,1,64,"[""569b932e7f43f78fc6a2f15c671a8d91266e6fc2b0ad9ec27b6c92303c56824b""]",1,1,12,"[""a91e647f19c879e43b1f9189e4a32a575bb35a1afeda00bbe0e21c7136580326""]",455.0,0.9600498543859287,-0.2798290140309919
2026-09-28,2026-09-28T04:06:00Z,REM,Sleep,0,128,observedRawSignal,98DB5C16-AC29-5FDB-BDD5-E996907D2BEF,0002,1,128,1,0,0,0,1,3,128.66666666666666,128,128,130,2,0.9428090415820634,0.6666666666666666,0.33333333333333337,1,2,1,2,1,5,128.4,128,128,130,2,0.8,0.8,0.19999999999999996,1,2,2,2,1,10,129.1,128.0,128,137,9,2.7,0.8,0.19999999999999996,2.4444444444444446,9,4,3,1,30,129.13333333333333,128.0,128,141,13,3.148897514298545,0.8333333333333334,0.16666666666666663,2.3448275862068964,13,10,8,0,0,,[],0,0,,[],456.0,0.958819734868193,-0.28401534470392265
2026-09-28,2026-09-28T04:07:00Z,REM,Sleep,0,129,observedRawSignal,98DB5C16-AC29-5FDB-BDD5-E996907D2BEF,0002,1,129,0,1,1,1,1,3,128.33333333333334,128,128,129,1,0.4714045207910317,0.6666666666666666,0.33333333333333337,0.5,1,1,2,1,5,128.6,128,128,130,2,0.8,0.6,0.4,1.25,2,3,2,1,10,129.2,128.0,128,137,9,2.6758176320519302,0.7,0.30000000000000004,2.5555555555555554,9,5,3,1,30,129.16666666666666,128.0,128,141,13,3.142009265139462,0.8,0.19999999999999996,2.3793103448275863,13,11,8,0,0,,[],0,0,,[],457.0,0.9575713608048144,-0.2881962681340895
2026-09-28,2026-09-28T04:08:00Z,REM,Sleep,0,136,observedRawSignal,98DB5C16-AC29-5FDB-BDD5-E996907D2BEF,0002,1,136,0,8,7,7,1,3,131,129,128,136,8,3.559026084010437,0.3333333333333333,0.6666666666666667,4,7,2,1,1,5,130.2,129,128,136,8,2.9933259094191533,0.4,0.6,2.5,7,3,2,1,10,130,128.0,128,137,9,3.3166247903554,0.6,0.4,3.3333333333333335,9,6,3,1,30,129.43333333333334,128.0,128,141,13,3.3633647173956946,0.7666666666666667,0.23333333333333328,2.1724137931034484,13,11,8,0,0,,[],0,0,,[],458.0,0.9563047559630355,-0.29237170472273666
2026-09-28,2026-09-28T04:09:00Z,REM,Sleep,0,128,observedRawSignal,98DB5C16-AC29-5FDB-BDD5-E996907D2BEF,0002,1,128,1,0,-8,8,1,3,131,129,128,136,8,3.559026084010437,0.3333333333333333,0.6666666666666667,7.5,8,2,1,1,5,129.8,128,128,136,8,3.1240998703626617,0.6,0.4,4,8,3,2,1,10,130,128.0,128,137,9,3.3166247903554,0.6,0.4,3.2222222222222223,9,6,3,1,30,129,128.0,128,137,9,2.594866727470475,0.8,0.19999999999999996,2,9,11,8,0,0,,[],0,0,,[],459.0,0.9550199444571866,-0.29654157497557104
2026-09-28,2026-09-28T04:10:00Z,REM,Sleep,0,133,observedRawSignal,98DB5C16-AC29-5FDB-BDD5-E996907D2BEF,0002,1,133,0,5,5,5,1,3,132.33333333333334,133,128,136,8,3.2998316455372216,0.3333333333333333,0.6666666666666667,6.5,8,2,1,1,5,130.8,129,128,136,8,3.1874754901018454,0.4,0.6,5.25,8,4,1,1,10,129.6,128.0,128,136,8,2.615339366124404,0.6,0.4,2.7777777777777777,8,6,3,1,30,129.16666666666666,128.0,128,137,9,2.684316590038432,0.7666666666666667,0.23333333333333328,2.1724137931034484,9,12,8,0,0,,[],0,0,,[],460.0,0.9537169507482269,-0.30070579950427295
2026-09-28,2026-09-28T04:11:00Z,Core,Sleep,0,128,observedRawSignal,98DB5C16-AC29-5FDB-BDD5-E996907D2BEF,0002,1,128,1,0,-5,5,1,3,129.66666666666666,128,128,133,5,2.3570226039551585,0.6666666666666666,0.33333333333333337,5,5,2,1,1,5,130.8,129,128,136,8,3.1874754901018454,0.4,0.6,6.25,8,4,1,1,10,129.6,128.0,128,136,8,2.615339366124404,0.6,0.4,3.3333333333333335,8,7,2,1,30,129.16666666666666,128.0,128,137,9,2.684316590038432,0.7666666666666667,0.23333333333333328,2.3448275862068964,9,13,8,0,0,,[],0,0,,[],461.0,0.9523957996432784,-0.30486429902801077
2026-09-28,2026-09-28T04:12:00Z,Core,Sleep,0,128,observedRawSignal,98DB5C16-AC29-5FDB-BDD5-E996907D2BEF,0002,1,128,1,0,0,0,1,3,129.66666666666666,128,128,133,5,2.3570226039551585,0.6666666666666666,0.33333333333333337,2.5,5,1,2,1,5,130.6,128,128,136,8,3.3226495451672298,0.6,0.4,4.5,8,3,2,1,10,129.6,128.0,128,136,8,2.615339366124404,0.6,0.4,3.3333333333333335,8,7,2,1,30,129.16666666666666,128.0,128,137,9,2.684316590038432,0.7666666666666667,0.23333333333333328,2.3448275862068964,9,13,8,0,0,,[],0,0,,[],462.0,0.9510565162951536,-0.30901699437494734
2026-09-28,2026-09-28T04:13:00Z,Core,Sleep,0,162,observedRawSignal,98DB5C16-AC29-5FDB-BDD5-E996907D2BEF,0002,1,162,0,34,34,34,1,3,139.33333333333334,128,128,162,34,16.027753706895076,0.6666666666666666,0.33333333333333337,17,34,1,2,1,5,135.8,128,128,162,34,13.242356285797479,0.6,0.4,11,34,3,2,1,10,133,128.5,128,162,34,10.0,0.5,0.5,6.888888888888889,34,7,2,1,30,130.3,128.0,128,162,34,6.466065264130884,0.7333333333333333,0.2666666666666667,3.4827586206896552,34,13,8,0,0,,[],0,0,,[],463.0,0.9496991262018769,-0.31316380648374964
2026-09-28,2026-09-28T04:14:00Z,Core,Sleep,0,128,observedRawSignal,98DB5C16-AC29-5FDB-BDD5-E996907D2BEF,0002,1,128,1,0,-34,34,1,3,139.33333333333334,128,128,162,34,16.027753706895076,0.6666666666666666,0.33333333333333337,34,34,2,1,1,5,135.8,128,128,162,34,13.242356285797479,0.6,0.4,18.25,34,3,2,1,10,132.8,128.0,128,162,34,10.077698149875298,0.6,0.4,10.444444444444445,34,7,2,1,30,130.26666666666668,128.0,128,162,34,6.475252032846975,0.7666666666666667,0.23333333333333328,4.620689655172414,34,13,8,0,0,,[],0,0,,[],464.0,0.9483236552061994,-0.317304656405092
2026-09-28,2026-09-28T04:15:00Z,Core,Sleep,0,128,observedRawSignal,98DB5C16-AC29-5FDB-BDD5-E996907D2BEF,0002,1,128,1,0,0,0,1,3,139.33333333333334,128,128,162,34,16.027753706895076,0.6666666666666666,0.33333333333333337,17,34,1,2,1,5,134.8,128,128,162,34,13.6,0.8,0.19999999999999996,17,34,2,2,1,10,132.8,128.0,128,162,34,10.077698149875298,0.6,0.4,10.444444444444445,34,7,2,1,30,130.26666666666668,128.0,128,162,34,6.475252032846975,0.7666666666666667,0.23333333333333328,4.620689655172414,34,13,8,0,0,,[],0,0,,[],465.0,0.9469301294951057,-0.3214394653031616
2026-09-28,2026-09-28T04:16:00Z,Core,Sleep,0,128,observedRawSignal,98DB5C16-AC29-5FDB-BDD5-E996907D2BEF,0002,1,128,1,0,0,0,1,3,128,128,128,128,0,0.0,1.0,0.0,0,0,0,3,1,5,134.8,128,128,162,34,13.6,0.8,0.19999999999999996,17,34,2,3,1,10,132.8,128.0,128,162,34,10.077698149875298,0.6,0.4,10.333333333333334,34,6,3,1,30,130.26666666666668,128.0,128,162,34,6.475252032846975,0.7666666666666667,0.23333333333333328,4.620689655172414,34,13,8,0,0,,[],0,0,,[],466.0,0.9455185755993168,-0.3255681544571564
2026-09-28,2026-09-28T04:17:00Z,Core,Sleep,0,128,observedRawSignal,98DB5C16-AC29-5FDB-BDD5-E996907D2BEF,0002,1,128,1,0,0,0,1,3,128,128,128,128,0,0.0,1.0,0.0,0,0,0,3,1,5,134.8,128,128,162,34,13.6,0.8,0.19999999999999996,8.5,34,1,4,1,10,132.7,128.0,128,162,34,10.119782606360673,0.7,0.30000000000000004,9.555555555555555,34,5,4,1,30,130.26666666666668,128.0,128,162,34,6.475252032846975,0.7666666666666667,0.23333333333333328,4.620689655172414,34,13,8,0,0,,[],0,0,,[],467.0,0.9440890203927843,-0.3296906452627872
2026-09-28,2026-09-28T04:18:00Z,Core,Sleep,0,128,observedRawSignal,98DB5C16-AC29-5FDB-BDD5-E996907D2BEF,0002,1,128,1,0,0,0,1,3,128,128,128,128,0,0.0,1.0,0.0,0,0,0,3,1,5,128,128,128,128,0,0.0,1.0,0.0,0,0,0,5,1,10,131.9,128.0,128,162,34,10.143470806385752,0.8,0.19999999999999996,8.666666666666666,34,4,5,1,30,130.26666666666668,128.0,128,162,34,6.475252032846975,0.7666666666666667,0.23333333333333328,4.620689655172414,34,13,8,0,0,,[],0,0,,[],468.0,0.9426414910921783,-0.333806859233771
2026-09-28,2026-09-28T04:19:00Z,Core,Sleep,0,128,observedRawSignal,98DB5C16-AC29-5FDB-BDD5-E996907D2BEF,0002,1,128,1,0,0,0,1,3,128,128,128,128,0,0.0,1.0,0.0,0,0,0,3,1,5,128,128,128,128,0,0.0,1.0,0.0,0,0,0,5,1,10,131.9,128.0,128,162,34,10.143470806385752,0.8,0.19999999999999996,8.11111111111111,34,3,6,1,30,130.26666666666668,128.0,128,162,34,6.475252032846975,0.7666666666666667,0.23333333333333328,4.620689655172414,34,13,8,0,0,,[],0,0,,[],469.0,0.9411760152563707,-0.3379167180033268
2026-09-28,2026-09-28T04:20:00Z,Core,Sleep,0,128,observedRawSignal,98DB5C16-AC29-5FDB-BDD5-E996907D2BEF,0002,1,128,1,0,0,0,1,3,128,128,128,128,0,0.0,1.0,0.0,0,0,0,3,1,5,128,128,128,128,0,0.0,1.0,0.0,0,0,0,5,1,10,131.4,128.0,128,162,34,10.2,0.9,0.09999999999999998,7.555555555555555,34,2,7,1,30,130.26666666666668,128.0,128,162,34,6.475252032846975,0.7666666666666667,0.23333333333333328,4.310344827586207,34,12,8,0,0,,[],0,0,,[],470.0,0.9396926207859084,-0.3420201433256687
2026-09-28,2026-09-28T04:21:00Z,Core,Sleep,0,128,observedRawSignal,98DB5C16-AC29-5FDB-BDD5-E996907D2BEF,0002,1,128,1,0,0,0,1,3,128,128,128,128,0,0.0,1.0,0.0,0,0,0,3,1,5,128,128,128,128,0,0.0,1.0,0.0,0,0,0,5,1,10,131.4,128.0,128,162,34,10.2,0.9,0.09999999999999998,7.555555555555555,34,2,8,1,30,129.96666666666667,128.0,128,162,34,6.363873732946694,0.8,0.19999999999999996,4,34,11,8,0,0,,[],0,0,,[],471.0,0.9381913359224842,-0.3461170570774929
2026-09-28,2026-09-28T04:22:00Z,Core,Sleep,0,128,observedRawSignal,98DB5C16-AC29-5FDB-BDD5-E996907D2BEF,0002,1,128,1,0,0,0,1,3,128,128,128,128,0,0.0,1.0,0.0,0,0,0,3,1,5,128,128,128,128,0,0.0,1.0,0.0,0,0,0,5,1,10,131.4,128.0,128,162,34,10.2,0.9,0.09999999999999998,3.7777777777777777,34,1,9,1,30,129.96666666666667,128.0,128,162,34,6.363873732946694,0.8,0.19999999999999996,4,34,11,9,0,0,,[],0,0,,[],472.0,0.9366721892483976,-0.35020738125946754
2026-09-28,2026-09-28T04:23:00Z,Core,Sleep,0,128,observedRawSignal,98DB5C16-AC29-5FDB-BDD5-E996907D2BEF,0002,1,128,1,0,0,0,1,3,128,128,128,128,0,0.0,1.0,0.0,0,0,0,3,1,5,128,128,128,128,0,0.0,1.0,0.0,0,0,0,5,1,10,128,128.0,128,128,0,0.0,1.0,0.0,0,0,0,10,1,30,129.96666666666667,128.0,128,162,34,6.363873732946694,0.8,0.19999999999999996,4,34,11,10,0,0,,[],0,0,,[],473.0,0.9351352096860117,-0.35429103799771566
2026-09-28,2026-09-28T04:24:00Z,Core,Sleep,0,128,observedRawSignal,98DB5C16-AC29-5FDB-BDD5-E996907D2BEF,0002,1,128,1,0,0,0,1,3,128,128,128,128,0,0.0,1.0,0.0,0,0,0,3,1,5,128,128,128,128,0,0.0,1.0,0.0,0,0,0,5,1,10,128,128.0,128,128,0,0.0,1.0,0.0,0,0,0,10,1,30,129.96666666666667,128.0,128,162,34,6.363873732946694,0.8,0.19999999999999996,4,34,11,11,0,0,,[],0,0,,[],474.0,0.9335804264972017,-0.35836794954530027
2026-09-28,2026-09-28T04:25:00Z,REM,Sleep,0,128,observedRawSignal,98DB5C16-AC29-5FDB-BDD5-E996907D2BEF,0002,1,128,1,0,0,0,1,3,128,128,128,128,0,0.0,1.0,0.0,0,0,0,3,1,5,128,128,128,128,0,0.0,1.0,0.0,0,0,0,5,1,10,128,128.0,128,128,0,0.0,1.0,0.0,0,0,0,10,1,30,129.96666666666667,128.0,128,162,34,6.363873732946694,0.8,0.19999999999999996,4,34,11,12,0,0,,[],0,0,,[],475.0,0.9320078692827986,-0.3624380382837014
2026-09-28,2026-09-28T04:26:00Z,REM,Sleep,0,144,observedRawSignal,98DB5C16-AC29-5FDB-BDD5-E996907D2BEF,0002,1,144,0,16,16,16,1,3,133.33333333333334,128,128,144,16,7.542472332656507,0.6666666666666666,0.33333333333333337,8,16,1,2,1,5,131.2,128,128,144,16,6.4,0.8,0.19999999999999996,4,16,1,4,1,10,129.6,128.0,128,144,16,4.8,0.9,0.09999999999999998,1.7777777777777777,16,1,9,1,30,130.5,128.0,128,162,34,6.830080526611674,0.7666666666666667,0.23333333333333328,4.551724137931035,34,12,12,0,0,,[],0,0,,[],476.0,0.9304175679820246,-0.3665012267242972
2026-09-28,2026-09-28T04:27:00Z,REM,Sleep,0,128,observedRawSignal,98DB5C16-AC29-5FDB-BDD5-E996907D2BEF,0002,1,128,1,0,-16,16,1,3,133.33333333333334,128,128,144,16,7.542472332656507,0.6666666666666666,0.33333333333333337,16,16,2,1,1,5,131.2,128,128,144,16,6.4,0.8,0.19999999999999996,8,16,2,3,1,10,129.6,128.0,128,144,16,4.8,0.9,0.09999999999999998,3.5555555555555554,16,2,8,1,30,130.5,128.0,128,162,34,6.830080526611674,0.7666666666666667,0.23333333333333328,5.103448275862069,34,13,12,0,0,,[],0,0,,[],477.0,0.9288095528719242,-0.3705574375098361
2026-09-28,2026-09-28T04:28:00Z,REM,Sleep,0,128,observedRawSignal,98DB5C16-AC29-5FDB-BDD5-E996907D2BEF,0002,1,128,1,0,0,0,1,3,133.33333333333334,128,128,144,16,7.542472332656507,0.6666666666666666,0.33333333333333337,8,16,1,2,1,5,131.2,128,128,144,16,6.4,0.8,0.19999999999999996,8,16,2,2,1,10,129.6,128.0,128,144,16,4.8,0.9,0.09999999999999998,3.5555555555555554,16,2,7,1,30,130.5,128.0,128,162,34,6.830080526611674,0.7666666666666667,0.23333333333333328,5.103448275862069,34,13,12,0,0,,[],0,0,,[],478.0,0.9271838545667874,-0.37460659341591207
2026-09-28,2026-09-28T04:29:00Z,REM,Sleep,0,128,observedRawSignal,98DB5C16-AC29-5FDB-BDD5-E996907D2BEF,0002,1,128,1,0,0,0,1,3,128,128,128,128,0,0.0,1.0,0.0,0,0,0,3,1,5,131.2,128,128,144,16,6.4,0.8,0.19999999999999996,8,16,2,3,1,10,129.6,128.0,128,144,16,4.8,0.9,0.09999999999999998,3.5555555555555554,16,2,6,1,30,130.5,128.0,128,162,34,6.830080526611674,0.7666666666666667,0.23333333333333328,4.793103448275862,34,12,12,0,0,,[],0,0,,[],479.0,0.9255405040175664,-0.37864861735243294
2026-09-28,2026-09-28T04:30:00Z,REM,Sleep,0,153,observedRawSignal,98DB5C16-AC29-5FDB-BDD5-E996907D2BEF,0002,1,153,0,25,25,25,1,3,136.33333333333334,128,128,153,25,11.785113019775793,0.6666666666666666,0.33333333333333337,12.5,25,1,2,1,5,136.2,128,128,153,25,10.43839068055991,0.6,0.4,10.25,25,2,3,1,10,132.1,128.0,128,153,25,8.443340571124677,0.8,0.19999999999999996,6.333333333333333,25,3,5,1,30,131.03333333333333,128.0,128,162,34,7.863346757089008,0.7666666666666667,0.23333333333333328,5.344827586206897,34,12,12,0,0,,[],0,0,,[],480.0,0.9238795325112867,-0.3826834323650897
2026-09-28,2026-09-28T04:31:00Z,REM,Sleep,0,128,observedRawSignal,98DB5C16-AC29-5FDB-BDD5-E996907D2BEF,0002,1,128,1,0,-25,25,1,3,136.33333333333334,128,128,153,25,11.785113019775793,0.6666666666666666,0.33333333333333337,25,25,2,1,1,5,133,128,128,153,25,10.0,0.8,0.19999999999999996,12.5,25,2,3,1,10,132.1,128.0,128,153,25,8.443340571124677,0.8,0.19999999999999996,9.11111111111111,25,4,4,1,30,131.03333333333333,128.0,128,162,34,7.863346757089008,0.7666666666666667,0.23333333333333328,6.206896551724138,34,13,12,0,0,,[],0,0,,[],481.0,0.9222009716704518,-0.3867109616368207
2026-09-28,2026-09-28T04:32:00Z,REM,Sleep,0,128,observedRawSignal,98DB5C16-AC29-5FDB-BDD5-E996907D2BEF,0002,1,128,1,0,0,0,1,3,136.33333333333334,128,128,153,25,11.785113019775793,0.6666666666666666,0.33333333333333337,12.5,25,1,2,1,5,133,128,128,153,25,10.0,0.8,0.19999999999999996,12.5,25,2,2,1,10,132.1,128.0,128,153,25,8.443340571124677,0.8,0.19999999999999996,9.11111111111111,25,4,3,1,30,131.03333333333333,128.0,128,162,34,7.863346757089008,0.7666666666666667,0.23333333333333328,6.206896551724138,34,13,12,0,0,,[],0,0,,[],482.0,0.9205048534524404,-0.3907311284892736
2026-09-28,2026-09-28T04:33:00Z,REM,Sleep,0,128,observedRawSignal,98DB5C16-AC29-5FDB-BDD5-E996907D2BEF,0002,1,128,1,0,0,0,1,3,128,128,128,128,0,0.0,1.0,0.0,0,0,0,3,1,5,133,128,128,153,25,10.0,0.8,0.19999999999999996,12.5,25,2,3,1,10,132.1,128.0,128,153,25,8.443340571124677,0.8,0.19999999999999996,9.11111111111111,25,4,3,1,30,131.03333333333333,128.0,128,162,34,7.863346757089008,0.7666666666666667,0.23333333333333328,6.137931034482759,34,12,12,0,0,,[],0,0,,[],483.0,0.9187912101488983,-0.39474385638426723
2026-09-28,2026-09-28T04:34:00Z,REM,Sleep,0,128,observedRawSignal,98DB5C16-AC29-5FDB-BDD5-E996907D2BEF,0002,1,128,1,0,0,0,1,3,128,128,128,128,0,0.0,1.0,0.0,0,0,0,3,1,5,133,128,128,153,25,10.0,0.8,0.19999999999999996,6.25,25,1,4,1,10,132.1,128.0,128,153,25,8.443340571124677,0.8,0.19999999999999996,9.11111111111111,25,4,4,1,30,130.96666666666667,128.0,128,162,34,7.8802848228277185,0.8,0.19999999999999996,6.068965517241379,34,11,12,0,0,,[],0,0,,[],484.0,0.9170600743851242,-0.398749068925246
2026-09-28,2026-09-28T04:35:00Z,REM,Sleep,0,132,observedRawSignal,98DB5C16-AC29-5FDB-BDD5-E996907D2BEF,0002,1,132,0,4,4,4,1,3,129.33333333333334,128,128,132,4,1.8856180831641267,0.6666666666666666,0.33333333333333337,2,4,1,2,1,5,128.8,128,128,132,4,1.6,0.8,0.19999999999999996,1,4,1,4,1,10,132.5,128.0,128,153,25,8.333666660000267,0.7,0.30000000000000004,7.777777777777778,25,4,4,1,30,131.1,128.0,128,162,34,7.8627815264913306,0.7666666666666667,0.23333333333333328,6.206896551724138,34,12,12,1,1,81,"[""b77e9592acbd7006c56e1b248da16fe55637f343a86f7bf1e197986fac97d0af""]",1,1,10,"[""be9e60622a21e862a72c4ab49d461ab3f41fc853ad499573b4534786dd5bcc98""]",485.0,0.9153114791194472,-0.40274668985873713
2026-09-28,2026-09-28T04:36:00Z,REM,Sleep,0,128,observedRawSignal,98DB5C16-AC29-5FDB-BDD5-E996907D2BEF,0002,1,128,1,0,-4,4,1,3,129.33333333333334,128,128,132,4,1.8856180831641267,0.6666666666666666,0.33333333333333337,4,4,2,1,1,5,128.8,128,128,132,4,1.6,0.8,0.19999999999999996,2,4,2,3,1,10,130.9,128.0,128,153,25,7.462573282722254,0.8,0.19999999999999996,6.444444444444445,25,4,4,1,30,131.1,128.0,128,162,34,7.8627815264913306,0.7666666666666667,0.23333333333333328,6.310344827586207,34,12,12,0,0,,[],0,0,,[],486.0,0.913545457642601,-0.40673664307580004
2026-09-28,2026-09-28T04:37:00Z,Core,Sleep,0,128,observedRawSignal,98DB5C16-AC29-5FDB-BDD5-E996907D2BEF,0002,1,128,1,0,0,0,1,3,129.33333333333334,128,128,132,4,1.8856180831641267,0.6666666666666666,0.33333333333333337,2,4,1,2,1,5,128.8,128,128,132,4,1.6,0.8,0.19999999999999996,2,4,2,2,1,10,130.9,128.0,128,153,25,7.462573282722254,0.8,0.19999999999999996,6.444444444444445,25,4,4,1,30,131.06666666666666,128.0,128,162,34,7.873725646449434,0.8,0.19999999999999996,6.068965517241379,34,11,12,0,0,,[],0,0,,[],487.0,0.9117620435770886,-0.4107188526134773
2026-09-28,2026-09-28T04:38:00Z,Core,Sleep,0,128,observedRawSignal,98DB5C16-AC29-5FDB-BDD5-E996907D2BEF,0002,1,128,1,0,0,0,1,3,128,128,128,128,0,0.0,1.0,0.0,0,0,0,3,1,5,128.8,128,128,132,4,1.6,0.8,0.19999999999999996,2,4,2,3,1,10,130.9,128.0,128,153,25,7.462573282722254,0.8,0.19999999999999996,6.444444444444445,25,4,4,1,30,130.8,128.0,128,162,34,7.837516613485848,0.8333333333333334,0.16666666666666663,5.793103448275862,34,10,12,0,0,,[],0,0,,[],488.0,0.9099612708765433,-0.4146932426562388
2026-09-28,2026-09-28T04:39:00Z,Core,Sleep,0,128,observedRawSignal,98DB5C16-AC29-5FDB-BDD5-E996907D2BEF,0002,1,128,1,0,0,0,1,3,128,128,128,128,0,0.0,1.0,0.0,0,0,0,3,1,5,128.8,128,128,132,4,1.6,0.8,0.19999999999999996,1,4,1,4,1,10,130.9,128.0,128,153,25,7.462573282722254,0.8,0.19999999999999996,3.6666666666666665,25,3,4,1,30,130.8,128.0,128,162,34,7.837516613485848,0.8333333333333334,0.16666666666666663,5.620689655172414,34,9,12,0,0,,[],0,0,,[],489.0,0.9081431738250815,-0.4186597375374278
2026-09-28,2026-09-28T04:40:00Z,Core,Sleep,0,128,observedRawSignal,98DB5C16-AC29-5FDB-BDD5-E996907D2BEF,0002,1,128,1,0,0,0,1,3,128,128,128,128,0,0.0,1.0,0.0,0,0,0,3,1,5,128,128,128,128,0,0.0,1.0,0.0,0,0,0,5,1,10,128.4,128.0,128,132,4,1.2,0.9,0.09999999999999998,0.8888888888888888,4,2,5,1,30,130.63333333333333,128.0,128,162,34,7.842122728502079,0.8666666666666667,0.1333333333333333,5.448275862068965,34,8,12,0,0,,[],0,0,,[],490.0,0.90630778703665,-0.42261826174069933
2026-09-28,2026-09-28T04:41:00Z,Core,Sleep,0,128,observedRawSignal,98DB5C16-AC29-5FDB-BDD5-E996907D2BEF,0002,1,128,1,0,0,0,1,3,128,128,128,128,0,0.0,1.0,0.0,0,0,0,3,1,5,128,128,128,128,0,0.0,1.0,0.0,0,0,0,5,1,10,128.4,128.0,128,132,4,1.2,0.9,0.09999999999999998,0.8888888888888888,4,2,6,1,30,130.63333333333333,128.0,128,162,34,7.842122728502079,0.8666666666666667,0.1333333333333333,5.448275862068965,34,8,12,0,0,,[],0,0,,[],491.0,0.904455145454368,-0.4265687399014584
2026-09-28,2026-09-28T04:42:00Z,REM,Sleep,0,128,observedRawSignal,98DB5C16-AC29-5FDB-BDD5-E996907D2BEF,0002,1,128,1,0,0,0,1,3,128,128,128,128,0,0.0,1.0,0.0,0,0,0,3,1,5,128,128,128,128,0,0.0,1.0,0.0,0,0,0,5,1,10,128.4,128.0,128,132,4,1.2,0.9,0.09999999999999998,0.8888888888888888,4,2,7,1,30,130.63333333333333,128.0,128,162,34,7.842122728502079,0.8666666666666667,0.1333333333333333,4.275862068965517,34,7,12,0,0,,[],0,0,,[],492.0,0.9025852843498605,-0.43051109680829536
2026-09-28,2026-09-28T04:43:00Z,REM,Sleep,0,128,observedRawSignal,98DB5C16-AC29-5FDB-BDD5-E996907D2BEF,0002,1,128,1,0,0,0,1,3,128,128,128,128,0,0.0,1.0,0.0,0,0,0,3,1,5,128,128,128,128,0,0.0,1.0,0.0,0,0,0,5,1,10,128.4,128.0,128,132,4,1.2,0.9,0.09999999999999998,0.8888888888888888,4,2,8,1,30,129.5,128.0,128,153,25,5.2583267300539625,0.9,0.09999999999999998,3.103448275862069,25,6,12,0,0,,[],0,0,,[],493.0,0.9006982393225879,-0.43444525740441703
2026-09-28,2026-09-28T04:44:00Z,REM,Sleep,0,128,observedRawSignal,98DB5C16-AC29-5FDB-BDD5-E996907D2BEF,0002,1,128,1,0,0,0,1,3,128,128,128,128,0,0.0,1.0,0.0,0,0,0,3,1,5,128,128,128,128,0,0.0,1.0,0.0,0,0,0,5,1,10,128.4,128.0,128,132,4,1.2,0.9,0.09999999999999998,0.4444444444444444,4,1,9,1,30,129.5,128.0,128,153,25,5.2583267300539625,0.9,0.09999999999999998,3.103448275862069,25,6,11,0,0,,[],0,0,,[],494.0,0.8987940462991669,-0.4383711467890775
2026-09-28,2026-09-28T04:45:00Z,REM,Sleep,0,128,observedRawSignal,98DB5C16-AC29-5FDB-BDD5-E996907D2BEF,0002,1,128,1,0,0,0,1,3,128,128,128,128,0,0.0,1.0,0.0,0,0,0,3,1,5,128,128,128,128,0,0.0,1.0,0.0,0,0,0,5,1,10,128,128.0,128,128,0,0.0,1.0,0.0,0,0,0,10,1,30,129.5,128.0,128,153,25,5.2583267300539625,0.9,0.09999999999999998,3.103448275862069,25,6,10,0,0,,[],0,0,,[],495.0,0.8968727415326884,-0.44228869021900113
2026-09-28,2026-09-28T04:46:00Z,REM,Sleep,0,128,observedRawSignal,98DB5C16-AC29-5FDB-BDD5-E996907D2BEF,0002,1,128,1,0,0,0,1,3,128,128,128,128,0,0.0,1.0,0.0,0,0,0,3,1,5,128,128,128,128,0,0.0,1.0,0.0,0,0,0,5,1,10,128,128.0,128,128,0,0.0,1.0,0.0,0,0,0,10,1,30,129.5,128.0,128,153,25,5.2583267300539625,0.9,0.09999999999999998,3.103448275862069,25,6,11,0,0,,[],0,0,,[],496.0,0.894934361602025,-0.4461978131098088
2026-09-28,2026-09-28T04:47:00Z,REM,Sleep,0,128,observedRawSignal,98DB5C16-AC29-5FDB-BDD5-E996907D2BEF,0002,1,128,1,0,0,0,1,3,128,128,128,128,0,0.0,1.0,0.0,0,0,0,3,1,5,128,128,128,128,0,0.0,1.0,0.0,0,0,0,5,1,10,128,128.0,128,128,0,0.0,1.0,0.0,0,0,0,10,1,30,129.5,128.0,128,153,25,5.2583267300539625,0.9,0.09999999999999998,3.103448275862069,25,6,12,0,0,,[],0,0,,[],497.0,0.8929789434111371,-0.4500984410374348
2026-09-28,2026-09-28T04:48:00Z,REM,Sleep,0,128,observedRawSignal,98DB5C16-AC29-5FDB-BDD5-E996907D2BEF,0002,1,128,1,0,0,0,1,3,128,128,128,128,0,0.0,1.0,0.0,0,0,0,3,1,5,128,128,128,128,0,0.0,1.0,0.0,0,0,0,5,1,10,128,128.0,128,128,0,0.0,1.0,0.0,0,0,0,10,1,30,129.5,128.0,128,153,25,5.2583267300539625,0.9,0.09999999999999998,3.103448275862069,25,6,13,0,0,,[],0,0,,[],498.0,0.8910065241883679,-0.45399049973954675
2026-09-28,2026-09-28T04:49:00Z,REM,Sleep,0,128,observedRawSignal,98DB5C16-AC29-5FDB-BDD5-E996907D2BEF,0002,1,128,1,0,0,0,1,3,128,128,128,128,0,0.0,1.0,0.0,0,0,0,3,1,5,128,128,128,128,0,0.0,1.0,0.0,0,0,0,5,1,10,128,128.0,128,128,0,0.0,1.0,0.0,0,0,0,10,1,30,129.5,128.0,128,153,25,5.2583267300539625,0.9,0.09999999999999998,3.103448275862069,25,6,14,0,0,,[],0,0,,[],499.0,0.8890171414857365,-0.45787391511695646
2026-09-28,2026-09-28T04:50:00Z,REM,Sleep,0,132,observedRawSignal,98DB5C16-AC29-5FDB-BDD5-E996907D2BEF,0002,1,132,0,4,4,4,1,3,129.33333333333334,128,128,132,4,1.8856180831641267,0.6666666666666666,0.33333333333333337,2,4,1,2,1,5,128.8,128,128,132,4,1.6,0.8,0.19999999999999996,1,4,1,4,1,10,128.4,128.0,128,132,4,1.2,0.9,0.09999999999999998,0.4444444444444444,4,1,9,1,30,129.63333333333333,128.0,128,153,25,5.269303137565304,0.8666666666666667,0.1333333333333333,3.2413793103448274,25,7,14,0,0,,[],0,0,,[],500.0,0.8870108331782218,-0.4617486132350338
2026-09-28,2026-09-28T04:51:00Z,REM,Sleep,0,134,observedRawSignal,98DB5C16-AC29-5FDB-BDD5-E996907D2BEF,0002,1,134,0,6,2,2,1,3,131.33333333333334,132,128,134,6,2.494438257849294,0.3333333333333333,0.6666666666666667,3,4,2,1,1,5,130,128,128,134,6,2.5298221281347035,0.6,0.4,1.5,4,2,3,1,10,129,128.0,128,134,6,2.04939015319192,0.8,0.19999999999999996,0.6666666666666666,4,2,8,1,30,129.83333333333334,128.0,128,153,25,5.317162986238265,0.8333333333333334,0.16666666666666663,3.310344827586207,25,8,14,0,0,,[],0,0,,[],501.0,0.8849876374630419,-0.4656145203251114
2026-09-28,2026-09-28T04:52:00Z,REM,Sleep,0,128,observedRawSignal,98DB5C16-AC29-5FDB-BDD5-E996907D2BEF,0002,1,128,1,0,-6,6,1,3,131.33333333333334,132,128,134,6,2.494438257849294,0.3333333333333333,0.6666666666666667,4,6,2,1,1,5,130,128,128,134,6,2.5298221281347035,0.6,0.4,3,6,3,2,1,10,129,128.0,128,134,6,2.04939015319192,0.8,0.19999999999999996,1.3333333333333333,6,3,7,1,30,129.83333333333334,128.0,128,153,25,5.317162986238265,0.8333333333333334,0.16666666666666663,3.5172413793103448,25,9,14,0,0,,[],0,0,,[],502.0,0.8829475928589271,-0.46947156278589053
2026-09-28,2026-09-28T04:53:00Z,REM,Sleep,0,128,observedRawSignal,98DB5C16-AC29-5FDB-BDD5-E996907D2BEF,0002,1,128,1,0,0,0,1,3,130,128,128,134,6,2.8284271247461903,0.6666666666666666,0.33333333333333337,3,6,1,2,1,5,130,128,128,134,6,2.5298221281347035,0.6,0.4,3,6,3,2,1,10,129,128.0,128,134,6,2.04939015319192,0.8,0.19999999999999996,1.3333333333333333,6,3,6,1,30,129.83333333333334,128.0,128,153,25,5.317162986238265,0.8333333333333334,0.16666666666666663,3.5172413793103448,25,9,14,0,0,,[],0,0,,[],503.0,0.8808907382053855,-0.4733196671848433
2026-09-28,2026-09-28T04:54:00Z,REM,Sleep,0,128,observedRawSignal,98DB5C16-AC29-5FDB-BDD5-E996907D2BEF,0002,1,128,1,0,0,0,1,3,128,128,128,128,0,0.0,1.0,0.0,0,0,0,3,1,5,130,128,128,134,6,2.5298221281347035,0.6,0.4,2,6,2,3,1,10,129,128.0,128,134,6,2.04939015319192,0.8,0.19999999999999996,1.3333333333333333,6,3,5,1,30,129.83333333333334,128.0,128,153,25,5.317162986238265,0.8333333333333334,0.16666666666666663,3.5172413793103448,25,9,14,0,0,,[],0,0,,[],504.0,0.8788171126619654,-0.47715876025960846
2026-09-28,2026-09-28T04:55:00Z,REM,Sleep,0,128,observedRawSignal,98DB5C16-AC29-5FDB-BDD5-E996907D2BEF,0002,1,128,1,0,0,0,1,3,128,128,128,128,0,0.0,1.0,0.0,0,0,0,3,1,5,129.2,128,128,134,6,2.4,0.8,0.19999999999999996,1.5,6,1,4,1,10,129,128.0,128,134,6,2.04939015319192,0.8,0.19999999999999996,1.3333333333333333,6,3,4,1,30,129.83333333333334,128.0,128,153,25,5.317162986238265,0.8333333333333334,0.16666666666666663,2.9655172413793105,25,8,14,0,0,,[],0,0,,[],505.0,0.8767267557075078,-0.48098876891938747
2026-09-28,2026-09-28T04:56:00Z,REM,Sleep,0,128,observedRawSignal,98DB5C16-AC29-5FDB-BDD5-E996907D2BEF,0002,1,128,1,0,0,0,1,3,128,128,128,128,0,0.0,1.0,0.0,0,0,0,3,1,5,128,128,128,128,0,0.0,1.0,0.0,0,0,0,5,1,10,129,128.0,128,134,6,2.04939015319192,0.8,0.19999999999999996,1.3333333333333333,6,3,5,1,30,129.3,128.0,128,153,25,4.62709412050371,0.8666666666666667,0.1333333333333333,2.413793103448276,25,7,14,0,0,,[],0,0,,[],506.0,0.8746197071393959,-0.484809620246337
2026-09-28,2026-09-28T04:57:00Z,REM,Sleep,0,128,observedRawSignal,98DB5C16-AC29-5FDB-BDD5-E996907D2BEF,0002,1,128,1,0,0,0,1,3,128,128,128,128,0,0.0,1.0,0.0,0,0,0,3,1,5,128,128,128,128,0,0.0,1.0,0.0,0,0,0,5,1,10,129,128.0,128,134,6,2.04939015319192,0.8,0.19999999999999996,1.3333333333333333,6,3,6,1,30,129.3,128.0,128,153,25,4.62709412050371,0.8666666666666667,0.1333333333333333,2.413793103448276,25,7,14,0,0,,[],0,0,,[],507.0,0.8724960070727971,-0.48862124149695507
2026-09-28,2026-09-28T04:58:00Z,REM,Sleep,0,128,observedRawSignal,98DB5C16-AC29-5FDB-BDD5-E996907D2BEF,0002,1,128,1,0,0,0,1,3,128,128,128,128,0,0.0,1.0,0.0,0,0,0,3,1,5,128,128,128,128,0,0.0,1.0,0.0,0,0,0,5,1,10,129,128.0,128,134,6,2.04939015319192,0.8,0.19999999999999996,1.3333333333333333,6,3,7,1,30,129.3,128.0,128,153,25,4.62709412050371,0.8666666666666667,0.1333333333333333,2.413793103448276,25,7,14,0,0,,[],0,0,,[],508.0,0.8703556959398997,-0.492423560103467
2026-09-28,2026-09-28T04:59:00Z,REM,Sleep,0,128,observedRawSignal,98DB5C16-AC29-5FDB-BDD5-E996907D2BEF,0002,1,128,1,0,0,0,1,3,128,128,128,128,0,0.0,1.0,0.0,0,0,0,3,1,5,128,128,128,128,0,0.0,1.0,0.0,0,0,0,5,1,10,129,128.0,128,134,6,2.04939015319192,0.8,0.19999999999999996,0.8888888888888888,6,2,8,1,30,129.3,128.0,128,153,25,4.62709412050371,0.8666666666666667,0.1333333333333333,1.5517241379310345,25,6,14,0,0,,[],0,0,,[],509.0,0.8681988144891423,-0.49621650367520825
2026-09-28,2026-09-28T05:00:00Z,REM,Sleep,0,156,observedRawSignal,98DB5C16-AC29-5FDB-BDD5-E996907D2BEF,0002,1,156,0,28,28,28,1,3,137.33333333333334,128,128,156,28,13.199326582148887,0.6666666666666666,0.33333333333333337,14,28,1,2,1,5,133.6,128,128,156,28,11.2,0.8,0.19999999999999996,7,28,1,4,1,10,131.4,128.0,128,156,28,8.392854103342914,0.8,0.19999999999999996,3.7777777777777777,28,2,8,1,30,129.4,128.0,128,156,28,5.141984052872976,0.8666666666666667,0.1333333333333333,1.6551724137931034,28,6,14,0,0,,[],0,0,,[],510.0,0.8660254037844387,-0.49999999999999983
2026-09-28,2026-09-28T05:01:00Z,REM,Sleep,0,128,observedRawSignal,98DB5C16-AC29-5FDB-BDD5-E996907D2BEF,0002,1,128,1,0,-28,28,1,3,137.33333333333334,128,128,156,28,13.199326582148887,0.6666666666666666,0.33333333333333337,28,28,2,1,1,5,133.6,128,128,156,28,11.2,0.8,0.19999999999999996,14,28,2,3,1,10,130.8,128.0,128,156,28,8.4,0.9,0.09999999999999998,6.222222222222222,28,2,8,1,30,129.4,128.0,128,156,28,5.141984052872976,0.8666666666666667,0.1333333333333333,2.6206896551724137,28,7,14,0,0,,[],0,0,,[],511.0,0.8638355052043958,-0.5037739770455263
2026-09-28,2026-09-28T05:02:00Z,REM,Sleep,0,128,observedRawSignal,98DB5C16-AC29-5FDB-BDD5-E996907D2BEF,0002,1,128,1,0,0,0,1,3,137.33333333333334,128,128,156,28,13.199326582148887,0.6666666666666666,0.33333333333333337,14,28,1,2,1,5,133.6,128,128,156,28,11.2,0.8,0.19999999999999996,14,28,2,2,1,10,130.8,128.0,128,156,28,8.4,0.9,0.09999999999999998,6.222222222222222,28,2,7,1,30,129.4,128.0,128,156,28,5.141984052872976,0.8666666666666667,0.1333333333333333,2.6206896551724137,28,7,14,0,0,,[],0,0,,[],512.0,0.8616291604415257,-0.5075383629607043
2026-09-28,2026-09-28T05:03:00Z,REM,Sleep,0,128,observedRawSignal,98DB5C16-AC29-5FDB-BDD5-E996907D2BEF,0002,1,128,1,0,0,0,1,3,128,128,128,128,0,0.0,1.0,0.0,0,0,0,3,1,5,133.6,128,128,156,28,11.2,0.8,0.19999999999999996,14,28,2,3,1,10,130.8,128.0,128,156,28,8.4,0.9,0.09999999999999998,6.222222222222222,28,2,6,1,30,129.4,128.0,128,156,28,5.141984052872976,0.8666666666666667,0.1333333333333333,2.6206896551724137,28,7,14,0,0,,[],0,0,,[],513.0,0.8594064115014528,-0.5112930860770519
2026-09-28,2026-09-28T05:04:00Z,REM,Sleep,0,129,observedRawSignal,98DB5C16-AC29-5FDB-BDD5-E996907D2BEF,0002,1,129,0,1,1,1,1,3,128.33333333333334,128,128,129,1,0.4714045207910317,0.6666666666666666,0.33333333333333337,0.5,1,1,2,1,5,133.8,128,128,156,28,11.106754701531857,0.6,0.4,7.25,28,2,3,1,10,130.9,128.0,128,156,28,8.371977066380438,0.8,0.19999999999999996,6.333333333333333,28,3,5,1,30,129.43333333333334,128.0,128,156,28,5.136038248386483,0.8333333333333334,0.16666666666666663,2.5172413793103448,28,7,14,0,0,,[],0,0,,[],514.0,0.8571673007021123,-0.5150380749100543
2026-09-28,2026-09-28T05:05:00Z,REM,Sleep,0,128,observedRawSignal,98DB5C16-AC29-5FDB-BDD5-E996907D2BEF,0002,1,128,1,0,-1,1,1,3,128.33333333333334,128,128,129,1,0.4714045207910317,0.6666666666666666,0.33333333333333337,1,1,2,1,1,5,128.2,128,128,129,1,0.4,0.8,0.19999999999999996,0.5,1,2,3,1,10,130.9,128.0,128,156,28,8.371977066380438,0.8,0.19999999999999996,6.444444444444445,28,4,4,1,30,129.3,128.0,128,156,28,5.119570294468081,0.8666666666666667,0.1333333333333333,2.413793103448276,28,7,14,1,1,65,"[""a9694598cd5be74789c55e34f892d4a97fa1228834425e7fe804c9b11228bae6""]",1,1,12,"[""e0a0a254411c727eb2373075173cf3db2bfc1d7603041804db27a42dec4f7d8e""]",515.0,0.8549118706729467,-0.5187732581605212
2026-09-28,2026-09-28T05:06:00Z,REM,Sleep,0,128,observedRawSignal,98DB5C16-AC29-5FDB-BDD5-E996907D2BEF,0002,1,128,1,0,0,0,1,3,128.33333333333334,128,128,129,1,0.4714045207910317,0.6666666666666666,0.33333333333333337,0.5,1,1,2,1,5,128.2,128,128,129,1,0.4,0.8,0.19999999999999996,0.5,1,2,2,1,10,130.9,128.0,128,156,28,8.371977066380438,0.8,0.19999999999999996,6.444444444444445,28,4,3,1,30,129.3,128.0,128,156,28,5.119570294468081,0.8666666666666667,0.1333333333333333,2.413793103448276,28,7,13,0,0,,[],0,0,,[],516.0,0.8526401643540923,-0.5224985647159488
2026-09-28,2026-09-28T05:07:00Z,Core,Sleep,0,128,observedRawSignal,98DB5C16-AC29-5FDB-BDD5-E996907D2BEF,0002,1,128,1,0,0,0,1,3,128,128,128,128,0,0.0,1.0,0.0,0,0,0,3,1,5,128.2,128,128,129,1,0.4,0.8,0.19999999999999996,0.5,1,2,3,1,10,130.9,128.0,128,156,28,8.371977066380438,0.8,0.19999999999999996,6.444444444444445,28,4,3,1,30,129.3,128.0,128,156,28,5.119570294468081,0.8666666666666667,0.1333333333333333,2.413793103448276,28,7,12,0,0,,[],0,0,,[],517.0,0.8503522249955631,-0.5262139236518693
2026-09-28,2026-09-28T05:08:00Z,Core,Sleep,0,133,observedRawSignal,98DB5C16-AC29-5FDB-BDD5-E996907D2BEF,0002,1,133,0,5,5,5,1,3,129.66666666666666,128,128,133,5,2.3570226039551585,0.6666666666666666,0.33333333333333337,2.5,5,1,2,1,5,129.2,128,128,133,5,1.9390719429665315,0.6,0.4,1.5,5,2,3,1,10,131.4,128.0,128,156,28,8.333066662399863,0.7,0.30000000000000004,7,28,5,3,1,30,129.46666666666667,128.0,128,156,28,5.155795013596082,0.8333333333333334,0.16666666666666663,2.586206896551724,28,8,11,0,0,,[],0,0,,[],518.0,0.8480480961564261,-0.5299192642332048
2026-09-28,2026-09-28T05:09:00Z,Core,Sleep,0,128,observedRawSignal,98DB5C16-AC29-5FDB-BDD5-E996907D2BEF,0002,1,128,1,0,-5,5,1,3,129.66666666666666,128,128,133,5,2.3570226039551585,0.6666666666666666,0.33333333333333337,5,5,2,1,1,5,129,128,128,133,5,2.0,0.8,0.19999999999999996,2.5,5,2,3,1,10,131.4,128.0,128,156,28,8.333066662399863,0.7,0.30000000000000004,4.444444444444445,28,5,3,1,30,129.46666666666667,128.0,128,156,28,5.155795013596082,0.8333333333333334,0.16666666666666663,2.7586206896551726,28,9,10,0,0,,[],0,0,,[],519.0,0.8457278217039732,-0.5336145159156115
2026-09-28,2026-09-28T05:10:00Z,Core,Sleep,0,130,observedRawSignal,98DB5C16-AC29-5FDB-BDD5-E996907D2BEF,0002,1,130,0,2,2,2,1,3,130.33333333333334,130,128,133,5,2.0548046676563256,0.3333333333333333,0.6666666666666667,3.5,5,2,1,1,5,129.4,128,128,133,5,1.9595917942265424,0.6,0.4,3,5,3,2,1,10,128.8,128.0,128,133,5,1.5362291495737217,0.7,0.30000000000000004,1.5555555555555556,5,5,3,1,30,129.53333333333333,128.0,128,156,28,5.149325737954005,0.8,0.19999999999999996,2.8275862068965516,28,10,9,0,0,,[],0,0,,[],520.0,0.8433914458128858,-0.5372996083468236
2026-09-28,2026-09-28T05:11:00Z,Core,Sleep,0,134,observedRawSignal,98DB5C16-AC29-5FDB-BDD5-E996907D2BEF,0002,1,134,0,6,4,4,1,3,130.66666666666666,130,128,134,6,2.494438257849294,0.3333333333333333,0.6666666666666667,3,4,2,1,1,5,130.6,130,128,134,6,2.4979991993593593,0.4,0.6,4,5,4,1,1,10,129.4,128.0,128,134,6,2.1540659228538015,0.6,0.4,2,5,6,3,1,30,129.73333333333332,128.0,128,156,28,5.202136313306507,0.7666666666666667,0.23333333333333328,2.9655172413793105,28,11,8,0,0,,[],0,0,,[],521.0,0.8410390129643925,-0.5409744713679938
2026-09-28,2026-09-28T05:12:00Z,REM,Sleep,0,128,observedRawSignal,98DB5C16-AC29-5FDB-BDD5-E996907D2BEF,0002,1,128,1,0,-6,6,1,3,130.66666666666666,130,128,134,6,2.494438257849294,0.3333333333333333,0.6666666666666667,5,6,2,1,1,5,130.6,130,128,134,6,2.4979991993593593,0.4,0.6,4.25,6,4,1,1,10,129.4,128.0,128,134,6,2.1540659228538015,0.6,0.4,2.6666666666666665,6,7,3,1,30,129.73333333333332,128.0,128,156,28,5.202136313306507,0.7666666666666667,0.23333333333333328,3.1724137931034484,28,12,8,0,0,,[],0,0,,[],522.0,0.838670567945424,-0.5446390350150272
2026-09-28,2026-09-28T05:13:00Z,REM,Sleep,0,128,observedRawSignal,98DB5C16-AC29-5FDB-BDD5-E996907D2BEF,0002,1,128,1,0,0,0,1,3,130,128,128,134,6,2.8284271247461903,0.6666666666666666,0.33333333333333337,3,6,1,2,1,5,129.6,128,128,134,6,2.3323807579381204,0.6,0.4,3,6,3,2,1,10,129.4,128.0,128,134,6,2.1540659228538015,0.6,0.4,2.5555555555555554,6,6,3,1,30,129.73333333333332,128.0,128,156,28,5.202136313306507,0.7666666666666667,0.23333333333333328,3.1724137931034484,28,12,8,0,0,,[],0,0,,[],523.0,0.8362861558477593,-0.548293229519914
2026-09-28,2026-09-28T05:14:00Z,REM,Sleep,0,128,observedRawSignal,98DB5C16-AC29-5FDB-BDD5-E996907D2BEF,0002,1,128,1,0,0,0,1,3,128,128,128,128,0,0.0,1.0,0.0,0,0,0,3,1,5,129.6,128,128,134,6,2.3323807579381204,0.6,0.4,2.5,6,2,3,1,10,129.3,128.0,128,134,6,2.193171219946131,0.7,0.30000000000000004,2.4444444444444446,6,5,3,1,30,129.73333333333332,128.0,128,156,28,5.202136313306507,0.7666666666666667,0.23333333333333328,3.1724137931034484,28,12,8,0,0,,[],0,0,,[],524.0,0.8338858220671682,-0.5519369853120581
2026-09-28,2026-09-28T05:15:00Z,REM,Sleep,0,128,observedRawSignal,98DB5C16-AC29-5FDB-BDD5-E996907D2BEF,0002,1,128,1,0,0,0,1,3,128,128,128,128,0,0.0,1.0,0.0,0,0,0,3,1,5,129.2,128,128,134,6,2.4,0.8,0.19999999999999996,1.5,6,1,4,1,10,129.3,128.0,128,134,6,2.193171219946131,0.7,0.30000000000000004,2.4444444444444446,6,5,4,1,30,129.73333333333332,128.0,128,156,28,5.202136313306507,0.7666666666666667,0.23333333333333328,3.1724137931034484,28,12,8,0,0,,[],0,0,,[],525.0,0.8314696123025451,-0.5555702330196024
2026-09-28,2026-09-28T05:16:00Z,REM,Sleep,0,128,observedRawSignal,98DB5C16-AC29-5FDB-BDD5-E996907D2BEF,0002,1,128,1,0,0,0,1,3,128,128,128,128,0,0.0,1.0,0.0,0,0,0,3,1,5,128,128,128,128,0,0.0,1.0,0.0,0,0,0,5,1,10,129.3,128.0,128,134,6,2.193171219946131,0.7,0.30000000000000004,2.4444444444444446,6,5,5,1,30,129.73333333333332,128.0,128,156,28,5.202136313306507,0.7666666666666667,0.23333333333333328,3.1724137931034484,28,12,8,0,0,,[],0,0,,[],526.0,0.8290375725550417,-0.5591929034707467
2026-09-28,2026-09-28T05:17:00Z,Core,Sleep,0,128,observedRawSignal,98DB5C16-AC29-5FDB-BDD5-E996907D2BEF,0002,1,128,1,0,0,0,1,3,128,128,128,128,0,0.0,1.0,0.0,0,0,0,3,1,5,128,128,128,128,0,0.0,1.0,0.0,0,0,0,5,1,10,129.3,128.0,128,134,6,2.193171219946131,0.7,0.30000000000000004,1.8888888888888888,6,4,6,1,30,129.73333333333332,128.0,128,156,28,5.202136313306507,0.7666666666666667,0.23333333333333328,3.1724137931034484,28,12,8,0,0,,[],0,0,,[],527.0,0.8265897491271886,-0.5628049276950686
2026-09-28,2026-09-28T05:18:00Z,Core,Sleep,0,128,observedRawSignal,98DB5C16-AC29-5FDB-BDD5-E996907D2BEF,0002,1,128,1,0,0,0,1,3,128,128,128,128,0,0.0,1.0,0.0,0,0,0,3,1,5,128,128,128,128,0,0.0,1.0,0.0,0,0,0,5,1,10,128.8,128.0,128,134,6,1.833030277982336,0.8,0.19999999999999996,1.3333333333333333,6,3,7,1,30,129.73333333333332,128.0,128,156,28,5.202136313306507,0.7666666666666667,0.23333333333333328,3.1724137931034484,28,12,8,0,0,,[],0,0,,[],528.0,0.8241261886220158,-0.5664062369248326
2026-09-28,2026-09-28T05:19:00Z,Core,Sleep,0,128,observedRawSignal,98DB5C16-AC29-5FDB-BDD5-E996907D2BEF,0002,1,128,1,0,0,0,1,3,128,128,128,128,0,0.0,1.0,0.0,0,0,0,3,1,5,128,128,128,128,0,0.0,1.0,0.0,0,0,0,5,1,10,128.8,128.0,128,134,6,1.833030277982336,0.8,0.19999999999999996,1.1111111111111112,6,2,8,1,30,129.73333333333332,128.0,128,156,28,5.202136313306507,0.7666666666666667,0.23333333333333328,3.0344827586206895,28,11,8,0,0,,[],0,0,,[],529.0,0.8216469379421637,-0.569996762596303
2026-09-28,2026-09-28T05:20:00Z,Core,Sleep,0,128,observedRawSignal,98DB5C16-AC29-5FDB-BDD5-E996907D2BEF,0002,1,128,1,0,0,0,1,3,128,128,128,128,0,0.0,1.0,0.0,0,0,0,3,1,5,128,128,128,128,0,0.0,1.0,0.0,0,0,0,5,1,10,128.6,128.0,128,134,6,1.8,0.9,0.09999999999999998,0.6666666666666666,6,1,9,1,30,129.6,128.0,128,156,28,5.193585787616619,0.8,0.19999999999999996,2.9655172413793105,28,10,9,0,0,,[],0,0,,[],530.0,0.819152044288992,-0.5735764363510458
2026-09-28,2026-09-28T05:21:00Z,Core,Sleep,0,134,observedRawSignal,98DB5C16-AC29-5FDB-BDD5-E996907D2BEF,0002,1,134,0,6,6,6,1,3,130,128,128,134,6,2.8284271247461903,0.6666666666666666,0.33333333333333337,3,6,1,2,1,5,129.2,128,128,134,6,2.4,0.8,0.19999999999999996,1.5,6,1,4,1,10,128.6,128.0,128,134,6,1.8,0.9,0.09999999999999998,0.6666666666666666,6,1,9,1,30,129.6,128.0,128,156,28,5.193585787616619,0.8,0.19999999999999996,2.9655172413793105,28,10,9,0,0,,[],0,0,,[],531.0,0.816641555161679,-0.5771451900372335
2026-09-28,2026-09-28T05:22:00Z,Core,Sleep,0,128,observedRawSignal,98DB5C16-AC29-5FDB-BDD5-E996907D2BEF,0002,1,128,1,0,-6,6,1,3,130,128,128,134,6,2.8284271247461903,0.6666666666666666,0.33333333333333337,6,6,2,1,1,5,129.2,128,128,134,6,2.4,0.8,0.19999999999999996,3,6,2,3,1,10,128.6,128.0,128,134,6,1.8,0.9,0.09999999999999998,1.3333333333333333,6,2,8,1,30,129.6,128.0,128,156,28,5.193585787616619,0.8,0.19999999999999996,3.1724137931034484,28,11,9,0,0,,[],0,0,,[],532.0,0.8141155183563192,-0.5807029557109398
2026-09-28,2026-09-28T05:23:00Z,Core,Sleep,0,143,observedRawSignal,98DB5C16-AC29-5FDB-BDD5-E996907D2BEF,0002,1,143,0,15,15,15,1,3,135,134,128,143,15,6.164414002968976,0.3333333333333333,0.6666666666666667,10.5,15,2,1,1,5,132.2,128,128,143,15,5.878775382679628,0.6,0.4,6.75,15,3,2,1,10,130.1,128.0,128,143,15,4.657252408878007,0.8,0.19999999999999996,3,15,3,7,1,30,130.1,128.0,128,156,28,5.711683931498078,0.7666666666666667,0.23333333333333328,3.689655172413793,28,12,9,0,0,,[],0,0,,[],533.0,0.8115739819650124,-0.5842496656374342
2026-09-28,2026-09-28T05:24:00Z,Core,Sleep,0,128,observedRawSignal,98DB5C16-AC29-5FDB-BDD5-E996907D2BEF,0002,1,128,1,0,-15,15,1,3,133,128,128,143,15,7.0710678118654755,0.6666666666666666,0.33333333333333337,15,15,2,1,1,5,132.2,128,128,143,15,5.878775382679628,0.6,0.4,10.5,15,4,1,1,10,130.1,128.0,128,143,15,4.657252408878007,0.8,0.19999999999999996,4.666666666666667,15,4,6,1,30,130.1,128.0,128,156,28,5.711683931498078,0.7666666666666667,0.23333333333333328,4.206896551724138,28,13,9,0,0,,[],0,0,,[],534.0,0.8090169943749475,-0.587785252292473
2026-09-28,2026-09-28T05:25:00Z,Core,Sleep,0,128,observedRawSignal,98DB5C16-AC29-5FDB-BDD5-E996907D2BEF,0002,1,128,1,0,0,0,1,3,133,128,128,143,15,7.0710678118654755,0.6666666666666666,0.33333333333333337,7.5,15,1,2,1,5,132.2,128,128,143,15,5.878775382679628,0.6,0.4,9,15,3,2,1,10,130.1,128.0,128,143,15,4.657252408878007,0.8,0.19999999999999996,4.666666666666667,15,4,5,1,30,130.1,128.0,128,156,28,5.711683931498078,0.7666666666666667,0.23333333333333328,4.206896551724138,28,13,9,0,0,,[],0,0,,[],535.0,0.8064446042674828,-0.5913096483635821
2026-09-28,2026-09-28T05:26:00Z,Core,Sleep,0,128,observedRawSignal,98DB5C16-AC29-5FDB-BDD5-E996907D2BEF,0002,1,128,1,0,0,0,1,3,128,128,128,128,0,0.0,1.0,0.0,0,0,0,3,1,5,131,128,128,143,15,6.0,0.8,0.19999999999999996,7.5,15,2,3,1,10,130.1,128.0,128,143,15,4.657252408878007,0.8,0.19999999999999996,4.666666666666667,15,4,4,1,30,130.1,128.0,128,156,28,5.711683931498078,0.7666666666666667,0.23333333333333328,4.206896551724138,28,13,9,0,0,,[],0,0,,[],536.0,0.8038568606172174,-0.5948227867513411
2026-09-28,2026-09-28T05:27:00Z,Core,Sleep,0,128,observedRawSignal,98DB5C16-AC29-5FDB-BDD5-E996907D2BEF,0002,1,128,1,0,0,0,1,3,128,128,128,128,0,0.0,1.0,0.0,0,0,0,3,1,5,131,128,128,143,15,6.0,0.8,0.19999999999999996,3.75,15,1,4,1,10,130.1,128.0,128,143,15,4.657252408878007,0.8,0.19999999999999996,4.666666666666667,15,4,4,1,30,130.1,128.0,128,156,28,5.711683931498078,0.7666666666666667,0.23333333333333328,4.206896551724138,28,13,9,0,0,,[],0,0,,[],537.0,0.8012538126910607,-0.5983246005706591
2026-09-28,2026-09-28T05:28:00Z,Core,Sleep,0,128,observedRawSignal,98DB5C16-AC29-5FDB-BDD5-E996907D2BEF,0002,1,128,1,0,0,0,1,3,128,128,128,128,0,0.0,1.0,0.0,0,0,0,3,1,5,128,128,128,128,0,0.0,1.0,0.0,0,0,0,5,1,10,130.1,128.0,128,143,15,4.657252408878007,0.8,0.19999999999999996,4.666666666666667,15,4,5,1,30,130.1,128.0,128,156,28,5.711683931498078,0.7666666666666667,0.23333333333333328,4.206896551724138,28,13,9,0,0,,[],0,0,,[],538.0,0.7986355100472927,-0.6018150231520484
2026-09-28,2026-09-28T05:29:00Z,Core,Sleep,0,128,observedRawSignal,98DB5C16-AC29-5FDB-BDD5-E996907D2BEF,0002,1,128,1,0,0,0,1,3,128,128,128,128,0,0.0,1.0,0.0,0,0,0,3,1,5,128,128,128,128,0,0.0,1.0,0.0,0,0,0,5,1,10,130.1,128.0,128,143,15,4.657252408878007,0.8,0.19999999999999996,4.666666666666667,15,4,6,1,30,130.1,128.0,128,156,28,5.711683931498078,0.7666666666666667,0.23333333333333328,3.2413793103448274,28,12,9,0,0,,[],0,0,,[],539.0,0.7960020025346222,-0.6052939880428942
2026-09-28,2026-09-28T05:30:00Z,Core,Sleep,0,153,observedRawSignal,98DB5C16-AC29-5FDB-BDD5-E996907D2BEF,0002,1,153,0,25,25,25,1,3,136.33333333333334,128,128,153,25,11.785113019775793,0.6666666666666666,0.33333333333333337,12.5,25,1,2,1,5,133,128,128,153,25,10.0,0.8,0.19999999999999996,6.25,25,1,4,1,10,132.6,128.0,128,153,25,8.212186067059124,0.7,0.30000000000000004,6.777777777777778,25,4,6,1,30,130,128.0,128,153,25,5.266244708835067,0.7666666666666667,0.23333333333333328,3.1379310344827585,25,12,9,0,0,,[],0,0,,[],540.0,0.7933533402912352,-0.6087614290087207
2026-09-28,2026-09-28T05:31:00Z,Core,Sleep,0,130,observedRawSignal,98DB5C16-AC29-5FDB-BDD5-E996907D2BEF,0002,1,130,0,2,-23,23,1,3,137,130,128,153,25,11.343133018115703,0.3333333333333333,0.6666666666666667,24,25,2,1,1,5,133.4,128,128,153,25,9.830564581955606,0.6,0.4,12,25,2,3,1,10,132.2,128.0,128,153,25,8.23164625090267,0.7,0.30000000000000004,8.666666666666666,25,4,6,1,30,130.06666666666666,128.0,128,153,25,5.25314720482451,0.7333333333333333,0.2666666666666667,3.9310344827586206,25,13,9,0,0,,[],0,0,,[],541.0,0.7906895737438435,-0.6122172800344491
2026-09-28,2026-09-28T05:32:00Z,Core,Sleep,0,136,observedRawSignal,98DB5C16-AC29-5FDB-BDD5-E996907D2BEF,0002,1,136,0,8,6,6,1,3,139.66666666666666,136,130,153,23,9.741092797468305,0.0,1.0,14.5,23,2,0,1,5,135,130,128,153,25,9.465727652959385,0.4,0.6,13.5,25,3,2,1,10,133,128.0,128,153,25,8.17312669668102,0.6,0.4,7.666666666666667,25,4,6,1,30,130.33333333333334,128.0,128,153,25,5.343739847293799,0.7,0.30000000000000004,4.137931034482759,25,14,9,0,0,,[],0,0,,[],542.0,0.788010753606722,-0.6156614753256583
2026-09-28,2026-09-28T05:33:00Z,Core,Sleep,0,129,observedRawSignal,98DB5C16-AC29-5FDB-BDD5-E996907D2BEF,0002,1,129,0,1,-7,7,1,3,131.66666666666666,130,129,136,7,3.0912061651652345,0.0,1.0,6.5,7,2,0,1,5,135.2,130,128,153,25,9.325234581499814,0.2,0.8,15.25,25,4,1,1,10,131.6,128.0,128,153,25,7.51265598839718,0.6,0.4,6.777777777777778,25,4,6,1,30,130.36666666666667,128.0,128,153,25,5.332187376885983,0.6666666666666666,0.33333333333333337,4.344827586206897,25,14,9,0,0,,[],0,0,,[],543.0,0.7853169308807448,-0.6190939493098341
2026-09-28,2026-09-28T05:34:00Z,Core,Sleep,0,132,observedRawSignal,98DB5C16-AC29-5FDB-BDD5-E996907D2BEF,0002,1,132,0,4,3,3,1,3,132.33333333333334,132,129,136,7,2.8674417556808756,0.0,1.0,5,7,2,0,1,5,136,132,129,153,24,8.831760866327848,0.0,1.0,9.75,23,4,0,1,10,132,128.5,128,153,25,7.416198487095663,0.5,0.5,7.111111111111111,25,5,5,1,30,130.46666666666667,128.0,128,153,25,5.333749983725229,0.6666666666666666,0.33333333333333337,4.413793103448276,25,14,9,0,0,,[],0,0,,[],544.0,0.782608156852414,-0.6225146366376194
