boundary,offset_minutes,night,minute,original_stage,binary_reference,awake_reference,movement_raw_evidence,movement_availability,movement_packet_id,movement_selector,movement_valid,raw_u8,is_0x80,distance_from_0x80_code,delta_from_previous_raw,abs_delta_from_previous_raw,window_valid_3m,window_observed_count_3m,raw_mean_3m,raw_median_3m,raw_min_3m,raw_max_3m,raw_range_3m,raw_std_3m,fraction_0x80_3m,fraction_non_0x80_3m,mean_abs_delta_3m,max_abs_delta_3m,byte_transitions_3m,longest_0x80_run_3m,window_valid_5m,window_observed_count_5m,raw_mean_5m,raw_median_5m,raw_min_5m,raw_max_5m,raw_range_5m,raw_std_5m,fraction_0x80_5m,fraction_non_0x80_5m,mean_abs_delta_5m,max_abs_delta_5m,byte_transitions_5m,longest_0x80_run_5m,window_valid_10m,window_observed_count_10m,raw_mean_10m,raw_median_10m,raw_min_10m,raw_max_10m,raw_range_10m,raw_std_10m,fraction_0x80_10m,fraction_non_0x80_10m,mean_abs_delta_10m,max_abs_delta_10m,byte_transitions_10m,longest_0x80_run_10m,window_valid_30m,window_observed_count_30m,raw_mean_30m,raw_median_30m,raw_min_30m,raw_max_30m,raw_range_30m,raw_std_30m,fraction_0x80_30m,fraction_non_0x80_30m,mean_abs_delta_30m,max_abs_delta_30m,byte_transitions_30m,longest_0x80_run_30m,has_hr,hr_count,hr,hr_record_ids,has_sdnn,sdnn_count,sdnn,sdnn_record_ids,minute_of_night,clock_sin,clock_cos
vendor_session_start,-30,2026-09-27,2026-09-26T21:15:00Z,,,,128,observedRawSignal,6210951E-9800-5B3A-8611-FE16E658B0EA,0000,1,128,1,0,0,0,1,3,131.33333333333334,128,128,138,10,4.714045207910317,0.6666666666666666,0.33333333333333337,5,10,1,2,1,5,131.2,129,128,138,10,3.867815921162743,0.4,0.6,4.75,10,3,2,1,10,134.8,131.5,128,156,28,8.207313811473277,0.2,0.8,9.222222222222221,26,7,2,0,16,,,,,,,,,,,,,0,0,,[],0,0,,[],-30.0,0.06540312923014306,0.9978589232386035
vendor_session_start,-29,2026-09-27,2026-09-26T21:16:00Z,,,,128,observedRawSignal,6210951E-9800-5B3A-8611-FE16E658B0EA,0000,1,128,1,0,0,0,1,3,128,128,128,128,0,0.0,1.0,0.0,0,0,0,3,1,5,131,128,128,138,10,4.0,0.6,0.4,3.75,10,2,3,1,10,133.5,130.0,128,156,28,8.151686941977102,0.3,0.7,8,26,6,3,0,17,,,,,,,,,,,,,0,0,,[],0,0,,[],-29.0,0.0697564737441253,0.9975640502598242
vendor_session_start,-28,2026-09-27,2026-09-26T21:17:00Z,,,,134,observedRawSignal,6210951E-9800-5B3A-8611-FE16E658B0EA,0000,1,134,0,6,6,6,1,3,130,128,128,134,6,2.8284271247461903,0.6666666666666666,0.33333333333333337,3,6,1,2,1,5,131.2,128,128,138,10,4.1182520563948,0.6,0.4,4,10,2,3,1,10,133.9,131.5,128,156,28,8.067837380611982,0.3,0.7,8.666666666666666,26,7,3,0,18,,,,,,,,,,,,,0,0,,[],0,0,,[],-28.0,0.07410849019539924,0.9972501850994857
vendor_session_start,-27,2026-09-27,2026-09-26T21:18:00Z,,,,145,observedRawSignal,6210951E-9800-5B3A-8611-FE16E658B0EA,0000,1,145,0,17,11,11,1,3,135.66666666666666,134,128,145,17,7.039570693980958,0.3333333333333333,0.6666666666666667,8.5,11,2,1,1,5,132.6,128,128,145,17,6.6211781428987395,0.6,0.4,4.25,11,2,3,1,10,135.4,133.5,128,156,28,8.581375181169975,0.3,0.7,7,21,7,3,0,19,,,,,,,,,,,,,0,0,,[],0,0,,[],-27.0,0.07845909572784494,0.996917333733128
vendor_session_start,-26,2026-09-27,2026-09-26T21:19:00Z,,,,149,observedRawSignal,6210951E-9800-5B3A-8611-FE16E658B0EA,0000,1,149,0,21,4,4,1,3,142.66666666666666,145,134,149,15,6.342099196813483,0.0,1.0,7.5,11,2,0,1,5,136.8,134,128,149,21,8.704022058795577,0.4,0.6,5.25,11,3,2,1,10,134.7,133.5,128,149,21,7.014983962918233,0.3,0.7,5.111111111111111,11,7,3,0,20,,,,,,,,,,,,,0,0,,[],0,0,,[],-26.0,0.08280820751220433,0.9965655024977614
vendor_session_start,-25,2026-09-27,2026-09-26T21:20:00Z,,,,185,observedRawSignal,6210951E-9800-5B3A-8611-FE16E658B0EA,0000,1,185,0,57,36,36,1,3,159.66666666666666,149,145,185,40,17.98765008430939,0.0,1.0,20,36,2,0,1,5,148.2,145,128,185,57,19.873600579663464,0.2,0.8,14.25,36,4,1,1,10,139.7,133.5,128,185,57,16.649624620393098,0.3,0.7,8.444444444444445,36,7,3,0,21,,,,,,,,,,,,,0,0,,[],0,0,,[],-25.0,0.08715574274765817,0.9961946980917455
vendor_session_start,-24,2026-09-27,2026-09-26T21:21:00Z,,,,141,observedRawSignal,6210951E-9800-5B3A-8611-FE16E658B0EA,0000,1,141,0,13,-44,44,1,3,158.33333333333334,149,141,185,44,19.136933459209764,0.0,1.0,40,44,2,0,1,5,150.8,145,134,185,51,17.80337046741431,0.0,1.0,23.75,44,4,0,1,10,140.9,136.0,128,185,57,16.263148526653747,0.3,0.7,12.88888888888889,44,7,3,0,22,,,,,,,,,,,,,0,0,,[],0,0,,[],-24.0,0.09150161866340238,0.9958049275746618
vendor_session_start,-23,2026-09-27,2026-09-26T21:22:00Z,,,,133,observedRawSignal,6210951E-9800-5B3A-8611-FE16E658B0EA,0000,1,133,0,5,-8,8,1,3,153,141,133,185,52,22.861904265976328,0.0,1.0,26,44,2,0,1,5,150.6,145,133,185,52,17.995555006723187,0.0,1.0,23,44,4,0,1,10,140.9,136.0,128,185,57,16.263148526653747,0.3,0.7,13.222222222222221,44,7,3,0,23,,,,,,,,,,,,,0,0,,[],0,0,,[],-23.0,0.09584575252022398,0.9953961983671789
vendor_session_start,-22,2026-09-27,2026-09-26T21:23:00Z,,,,170,observedRawSignal,6210951E-9800-5B3A-8611-FE16E658B0EA,0000,1,170,0,42,37,37,1,3,148,141,133,170,37,15.895492023421818,0.0,1.0,22.5,37,2,0,1,5,155.6,149,133,185,52,19.179155351578963,0.0,1.0,31.25,44,4,0,1,10,144.1,137.5,128,185,57,18.387223825254317,0.3,0.7,16.22222222222222,44,7,3,0,24,,,,,,,,,,,,,0,0,,[],0,0,,[],-22.0,0.10018806161207627,0.9949685182509117
vendor_session_start,-21,2026-09-27,2026-09-26T21:24:00Z,,,,181,observedRawSignal,6210951E-9800-5B3A-8611-FE16E658B0EA,0000,1,181,0,53,11,11,1,3,161.33333333333334,170,133,181,48,20.531818125912658,0.0,1.0,24,37,2,0,1,5,162,170,133,185,52,21.147103820618085,0.0,1.0,25,44,4,0,1,10,149.4,143.0,128,185,57,20.499756096110023,0.2,0.8,17.444444444444443,44,8,2,0,25,,,,,,,,,,,,,0,0,,[],0,0,,[],-21.0,0.10452846326765346,0.9945218953682733
vendor_session_start,-20,2026-09-27,2026-09-26T21:25:00Z,,,,183,observedRawSignal,6210951E-9800-5B3A-8611-FE16E658B0EA,0000,1,183,0,55,2,2,1,3,178,181,170,183,13,5.715476066494082,0.0,1.0,6.5,11,2,0,1,5,161.6,170,133,183,50,20.72293415518179,0.0,1.0,14.5,37,4,0,1,10,154.9,147.0,128,185,57,21.37966323401751,0.1,0.9,17.666666666666668,44,9,1,0,26,,,,,,,,,,,,,0,0,,[],0,0,,[],-20.0,0.10886687485196457,0.9940563382223196
vendor_session_start,-19,2026-09-27,2026-09-26T21:26:00Z,,,,159,observedRawSignal,6210951E-9800-5B3A-8611-FE16E658B0EA,0000,1,159,0,31,-24,24,1,3,174.33333333333334,181,159,183,24,10.873004286866728,0.0,1.0,13,24,2,0,1,5,165.2,170,133,183,50,18.24719156473127,0.0,1.0,18.5,37,4,0,1,10,158,154.0,133,185,52,19.411336893681487,0.0,1.0,19.666666666666668,44,9,0,0,27,,,,,,,,,,,,,0,0,,[],0,0,,[],-19.0,0.11320321376790672,0.9935718556765875
vendor_session_start,-18,2026-09-27,2026-09-26T21:27:00Z,,,,147,observedRawSignal,6210951E-9800-5B3A-8611-FE16E658B0EA,0000,1,147,0,19,-12,12,1,3,163,159,147,183,36,14.966629547095765,0.0,1.0,18,24,2,0,1,5,168,170,147,183,36,13.564659966250536,0.0,1.0,12.25,24,4,0,1,10,159.3,154.0,133,185,52,18.1551645544732,0.0,1.0,19.77777777777778,44,9,0,0,28,,,,,,,,,,,,,0,0,,[],0,0,,[],-18.0,0.11753739745783764,0.9930684569549263
vendor_session_start,-17,2026-09-27,2026-09-26T21:28:00Z,,,,131,observedRawSignal,6210951E-9800-5B3A-8611-FE16E658B0EA,0000,1,131,0,3,-16,16,1,3,145.66666666666666,147,131,159,28,11.469767022723502,0.0,1.0,14,16,2,0,1,5,160.2,159,131,183,52,19.903768487399567,0.0,1.0,13.5,24,4,0,1,10,157.9,154.0,131,185,54,19.67968495682794,0.0,1.0,21.11111111111111,44,9,0,0,29,,,,,,,,,,,,,0,0,,[],0,0,,[],-17.0,0.12186934340514748,0.992546151641322
vendor_session_start,-16,2026-09-27,2026-09-26T21:29:00Z,,,,128,observedRawSignal,6210951E-9800-5B3A-8611-FE16E658B0EA,0000,1,128,1,0,-3,3,1,3,135.33333333333334,131,128,147,19,8.339997335464536,0.3333333333333333,0.6666666666666667,9.5,16,2,1,1,5,149.6,147,128,183,55,20.11566553708825,0.2,0.8,13.75,24,4,1,1,10,155.8,153.0,128,185,57,21.549013898552296,0.1,0.9,17.444444444444443,44,9,1,1,30,144.9,141.0,128,185,57,16.898422017060252,0.13333333333333333,0.8666666666666667,12.206896551724139,44,26,3,0,0,,[],0,0,,[],-16.0,0.12619896913582976,0.992004949679715
vendor_session_start,-15,2026-09-27,2026-09-26T21:30:00Z,,,,128,observedRawSignal,6210951E-9800-5B3A-8611-FE16E658B0EA,0000,1,128,1,0,0,0,1,3,129,128,128,131,3,1.4142135623730951,0.6666666666666666,0.33333333333333337,1.5,3,1,2,1,5,138.6,131,128,159,31,12.403225386970924,0.4,0.6,7.75,16,3,2,1,10,150.1,144.0,128,183,55,20.588589072590672,0.2,0.8,12.555555555555555,37,8,2,1,30,144.36666666666667,139.5,128,185,57,17.168737739145403,0.16666666666666666,0.8333333333333334,11.758620689655173,44,25,3,0,0,,[],0,0,,[],-15.0,0.13052619222005157,0.9914448613738104
vendor_session_start,-14,2026-09-27,2026-09-26T21:31:00Z,,,,128,observedRawSignal,6210951E-9800-5B3A-8611-FE16E658B0EA,0000,1,128,1,0,0,0,1,3,128,128,128,128,0,0.0,1.0,0.0,0,0,0,3,1,5,132.4,128,128,147,19,7.391887445030531,0.6,0.4,4.75,16,2,3,1,10,148.8,140.0,128,183,55,21.51185719550964,0.3,0.7,11.666666666666666,37,7,3,1,30,143.4,136.5,128,185,57,17.24644890984808,0.2,0.8,11.620689655172415,44,24,3,0,0,,[],0,0,,[],-14.0,0.134850930273723,0.9908658973868822
vendor_session_start,-13,2026-09-27,2026-09-26T21:32:00Z,,,,128,observedRawSignal,6210951E-9800-5B3A-8611-FE16E658B0EA,0000,1,128,1,0,0,0,1,3,128,128,128,128,0,0.0,1.0,0.0,0,0,0,3,1,5,128.6,128,128,131,3,1.2,0.8,0.19999999999999996,0.75,3,1,4,1,10,148.3,139.0,128,183,55,21.927380144467783,0.4,0.6,7.555555555555555,24,6,4,1,30,142.3,134.5,128,185,57,17.14088679152861,0.23333333333333334,0.7666666666666666,11.206896551724139,44,23,4,0,0,,[],0,0,,[],-13.0,0.13917310096006544,0.9902680687415704
vendor_session_start,-12,2026-09-27,2026-09-26T21:33:00Z,,,,128,observedRawSignal,6210951E-9800-5B3A-8611-FE16E658B0EA,0000,1,128,1,0,0,0,1,3,128,128,128,128,0,0.0,1.0,0.0,0,0,0,3,1,5,128,128,128,128,0,0.0,1.0,0.0,0,0,0,5,1,10,144.1,129.5,128,183,55,21.384340064636085,0.5,0.5,6.333333333333333,24,5,5,1,30,141.6,133.5,128,185,57,17.28120366178236,0.26666666666666666,0.7333333333333334,11,44,22,5,0,0,,[],0,0,,[],-12.0,0.14349262199117932,0.9896513868196702
vendor_session_start,-11,2026-09-27,2026-09-26T21:34:00Z,,,,128,observedRawSignal,6210951E-9800-5B3A-8611-FE16E658B0EA,0000,1,128,1,0,0,0,1,3,128,128,128,128,0,0.0,1.0,0.0,0,0,0,3,1,5,128,128,128,128,0,0.0,1.0,0.0,0,0,0,5,1,10,138.8,128.0,128,183,55,17.85945127936466,0.6,0.4,6.111111111111111,24,4,6,1,30,141.1,133.0,128,185,57,17.449641830135082,0.3,0.7,10.586206896551724,44,21,6,0,0,,[],0,0,,[],-11.0,0.14780941112961063,0.9890158633619168
vendor_session_start,-10,2026-09-27,2026-09-26T21:35:00Z,,,,128,observedRawSignal,6210951E-9800-5B3A-8611-FE16E658B0EA,0000,1,128,1,0,0,0,1,3,128,128,128,128,0,0.0,1.0,0.0,0,0,0,3,1,5,128,128,128,128,0,0.0,1.0,0.0,0,0,0,5,1,10,133.3,128.0,128,159,31,10.247438704378768,0.7,0.30000000000000004,3.4444444444444446,16,3,7,1,30,141,133.0,128,185,57,17.515707236649053,0.3333333333333333,0.6666666666666667,10.241379310344827,44,20,7,0,0,,[],0,0,,[],-10.0,0.1521233861899167,0.9883615104677607
vendor_session_start,-9,2026-09-27,2026-09-26T21:36:00Z,,,,136,observedRawSignal,6210951E-9800-5B3A-8611-FE16E658B0EA,0000,1,136,0,8,8,8,1,3,130.66666666666666,128,128,136,8,3.7712361663282534,0.6666666666666666,0.33333333333333337,4,8,1,2,1,5,129.6,128,128,136,8,3.2,0.8,0.19999999999999996,2,8,1,4,1,10,131,128.0,128,147,19,5.865151319446072,0.7,0.30000000000000004,3,16,3,7,1,30,140.83333333333334,133.0,128,185,57,17.538687395456808,0.3333333333333333,0.6666666666666667,10.137931034482758,44,20,7,0,0,,[],0,0,,[],-9.0,0.15643446504023087,0.9876883405951378
vendor_session_start,-8,2026-09-27,2026-09-26T21:37:00Z,,,,128,observedRawSignal,6210951E-9800-5B3A-8611-FE16E658B0EA,0000,1,128,1,0,-8,8,1,3,130.66666666666666,128,128,136,8,3.7712361663282534,0.6666666666666666,0.33333333333333337,8,8,2,1,1,5,129.6,128,128,136,8,3.2,0.8,0.19999999999999996,4,8,2,3,1,10,129.1,128.0,128,136,8,2.467792535850613,0.8,0.19999999999999996,2.111111111111111,8,3,7,1,30,140.76666666666668,133.0,128,185,57,17.583483411681797,0.36666666666666664,0.6333333333333333,10.413793103448276,44,21,7,0,0,,[],0,0,,[],-8.0,0.1607425656038261,0.9869963665602319
vendor_session_start,-7,2026-09-27,2026-09-26T21:38:00Z,,,,128,observedRawSignal,6210951E-9800-5B3A-8611-FE16E658B0EA,0000,1,128,1,0,0,0,1,3,130.66666666666666,128,128,136,8,3.7712361663282534,0.6666666666666666,0.33333333333333337,4,8,1,2,1,5,129.6,128,128,136,8,3.2,0.8,0.19999999999999996,4,8,2,2,1,10,128.8,128.0,128,136,8,2.4,0.9,0.09999999999999998,1.7777777777777777,8,2,7,1,30,140.7,133.0,128,185,57,17.627913470780747,0.4,0.6,9.517241379310345,44,20,7,0,0,,[],0,0,,[],-7.0,0.16504760586067763,0.9862856015372314
vendor_session_start,-6,2026-09-27,2026-09-26T21:39:00Z,,,,128,observedRawSignal,6210951E-9800-5B3A-8611-FE16E658B0EA,0000,1,128,1,0,0,0,1,3,128,128,128,128,0,0.0,1.0,0.0,0,0,0,3,1,5,129.6,128,128,136,8,3.2,0.8,0.19999999999999996,4,8,2,3,1,10,128.8,128.0,128,136,8,2.4,0.9,0.09999999999999998,1.7777777777777777,8,2,6,1,30,139.76666666666668,132.0,128,185,57,17.53412545739181,0.43333333333333335,0.5666666666666667,8.793103448275861,44,19,7,0,0,,[],0,0,,[],-6.0,0.1693495038490246,0.9855560590580777
vendor_session_start,-5,2026-09-27,2026-09-26T21:40:00Z,,,,128,observedRawSignal,6210951E-9800-5B3A-8611-FE16E658B0EA,0000,1,128,1,0,0,0,1,3,128,128,128,128,0,0.0,1.0,0.0,0,0,0,3,1,5,129.6,128,128,136,8,3.2,0.8,0.19999999999999996,2,8,1,4,1,10,128.8,128.0,128,136,8,2.4,0.9,0.09999999999999998,1.7777777777777777,8,2,5,1,30,139.53333333333333,130.0,128,185,57,17.642247274338064,0.4666666666666667,0.5333333333333333,8.586206896551724,44,18,7,0,0,,[],0,0,,[],-5.0,0.17364817766693033,0.984807753012208
vendor_session_start,-4,2026-09-27,2026-09-26T21:41:00Z,,,,128,observedRawSignal,6210951E-9800-5B3A-8611-FE16E658B0EA,0000,1,128,1,0,0,0,1,3,128,128,128,128,0,0.0,1.0,0.0,0,0,0,3,1,5,128,128,128,128,0,0.0,1.0,0.0,0,0,0,5,1,10,128.8,128.0,128,136,8,2.4,0.9,0.09999999999999998,1.7777777777777777,8,2,5,1,30,139.5,129.5,128,185,57,17.663049944257455,0.5,0.5,8.448275862068966,44,17,7,0,0,,[],0,0,,[],-4.0,0.17794354547384172,0.9840406976462909
vendor_session_start,-3,2026-09-27,2026-09-26T21:42:00Z,,,,128,observedRawSignal,6210951E-9800-5B3A-8611-FE16E658B0EA,0000,1,128,1,0,0,0,1,3,128,128,128,128,0,0.0,1.0,0.0,0,0,0,3,1,5,128,128,128,128,0,0.0,1.0,0.0,0,0,0,5,1,10,128.8,128.0,128,136,8,2.4,0.9,0.09999999999999998,1.7777777777777777,8,2,6,1,30,139.33333333333334,128.0,128,185,57,17.746987224753266,0.5333333333333333,0.4666666666666667,8.275862068965518,44,16,7,0,0,,[],0,0,,[],-3.0,0.18223552549214747,0.9832549075639546
vendor_session_start,-2,2026-09-27,2026-09-26T21:43:00Z,,,,128,observedRawSignal,6210951E-9800-5B3A-8611-FE16E658B0EA,0000,1,128,1,0,0,0,1,3,128,128,128,128,0,0.0,1.0,0.0,0,0,0,3,1,5,128,128,128,128,0,0.0,1.0,0.0,0,0,0,5,1,10,128.8,128.0,128,136,8,2.4,0.9,0.09999999999999998,1.7777777777777777,8,2,7,1,30,139,128.0,128,185,57,17.862437310363518,0.5666666666666667,0.43333333333333335,7.931034482758621,44,15,7,0,0,,[],0,0,,[],-2.0,0.1865240360087346,0.9824503977255098
vendor_session_start,-1,2026-09-27,2026-09-26T21:44:00Z,,,,128,observedRawSignal,6210951E-9800-5B3A-8611-FE16E658B0EA,0000,1,128,1,0,0,0,1,3,128,128,128,128,0,0.0,1.0,0.0,0,0,0,3,1,5,128,128,128,128,0,0.0,1.0,0.0,0,0,0,5,1,10,128.8,128.0,128,136,8,2.4,0.9,0.09999999999999998,1.7777777777777777,8,2,8,1,30,139,128.0,128,185,57,17.862437310363518,0.5666666666666667,0.43333333333333335,7.931034482758621,44,15,8,0,0,,[],0,0,,[],-1.0,0.1908089953765448,0.981627183447664
vendor_session_start,0,2026-09-27,2026-09-26T21:45:00Z,Core,Sleep,0,128,observedRawSignal,6210951E-9800-5B3A-8611-FE16E658B0EA,0000,1,128,1,0,0,0,1,3,128,128,128,128,0,0.0,1.0,0.0,0,0,0,3,1,5,128,128,128,128,0,0.0,1.0,0.0,0,0,0,5,1,10,128.8,128.0,128,136,8,2.4,0.9,0.09999999999999998,0.8888888888888888,8,1,9,1,30,139,128.0,128,185,57,17.862437310363518,0.5666666666666667,0.43333333333333335,7.931034482758621,44,15,9,0,0,,[],0,0,,[],0.0,0.19509032201612825,0.9807852804032304
vendor_session_start,1,2026-09-27,2026-09-26T21:46:00Z,Core,Sleep,0,128,observedRawSignal,6210951E-9800-5B3A-8611-FE16E658B0EA,0000,1,128,1,0,0,0,1,3,128,128,128,128,0,0.0,1.0,0.0,0,0,0,3,1,5,128,128,128,128,0,0.0,1.0,0.0,0,0,0,5,1,10,128,128.0,128,128,0,0.0,1.0,0.0,0,0,0,10,1,30,139,128.0,128,185,57,17.862437310363518,0.5666666666666667,0.43333333333333335,7.724137931034483,44,14,10,0,0,,[],0,0,,[],1.0,0.19936793441719716,0.9799247046208296
vendor_session_start,2,2026-09-27,2026-09-26T21:47:00Z,Core,Sleep,0,128,observedRawSignal,6210951E-9800-5B3A-8611-FE16E658B0EA,0000,1,128,1,0,0,0,1,3,128,128,128,128,0,0.0,1.0,0.0,0,0,0,3,1,5,128,128,128,128,0,0.0,1.0,0.0,0,0,0,5,1,10,128,128.0,128,128,0,0.0,1.0,0.0,0,0,0,10,1,30,138.8,128.0,128,185,57,17.950673153580247,0.6,0.4,7.344827586206897,44,13,11,0,0,,[],0,0,,[],2.0,0.2036417511401775,0.9790454724845838
vendor_session_start,3,2026-09-27,2026-09-26T21:48:00Z,Core,Sleep,0,128,observedRawSignal,6210951E-9800-5B3A-8611-FE16E658B0EA,0000,1,128,1,0,0,0,1,3,128,128,128,128,0,0.0,1.0,0.0,0,0,0,3,1,5,128,128,128,128,0,0.0,1.0,0.0,0,0,0,5,1,10,128,128.0,128,128,0,0.0,1.0,0.0,0,0,0,10,1,30,138.23333333333332,128.0,128,185,57,18.0142227759685,0.6333333333333333,0.3666666666666667,7.206896551724138,44,12,12,0,0,,[],0,0,,[],3.0,0.20791169081775931,0.9781476007338057
vendor_session_start,4,2026-09-27,2026-09-26T21:49:00Z,Core,Sleep,0,128,observedRawSignal,6210951E-9800-5B3A-8611-FE16E658B0EA,0000,1,128,1,0,0,0,1,3,128,128,128,128,0,0.0,1.0,0.0,0,0,0,3,1,5,128,128,128,128,0,0.0,1.0,0.0,0,0,0,5,1,10,128,128.0,128,128,0,0.0,1.0,0.0,0,0,0,10,1,30,137.53333333333333,128.0,128,185,57,17.990244269850503,0.6666666666666666,0.33333333333333337,5.9655172413793105,44,11,13,0,0,,[],0,0,,[],4.0,0.21217767215644626,0.9772311064626789
vendor_session_start,5,2026-09-27,2026-09-26T21:50:00Z,Core,Sleep,0,128,observedRawSignal,6210951E-9800-5B3A-8611-FE16E658B0EA,0000,1,128,1,0,0,0,1,3,128,128,128,128,0,0.0,1.0,0.0,0,0,0,3,1,5,128,128,128,128,0,0.0,1.0,0.0,0,0,0,5,1,10,128,128.0,128,128,0,0.0,1.0,0.0,0,0,0,10,1,30,135.63333333333333,128.0,128,183,55,15.746922097843616,0.7,0.30000000000000004,4.448275862068965,37,10,14,0,0,,[],0,0,,[],5.0,0.21643961393810288,0.9762960071199334
vendor_session_start,6,2026-09-27,2026-09-26T21:51:00Z,Core,Sleep,0,128,observedRawSignal,6210951E-9800-5B3A-8611-FE16E658B0EA,0000,1,128,1,0,0,0,1,3,128,128,128,128,0,0.0,1.0,0.0,0,0,0,3,1,5,128,128,128,128,0,0.0,1.0,0.0,0,0,0,5,1,10,128,128.0,128,128,0,0.0,1.0,0.0,0,0,0,10,1,30,135.2,128.0,128,183,55,15.772127313713899,0.7333333333333333,0.2666666666666667,4.172413793103448,37,9,15,0,0,,[],0,0,,[],6.0,0.22069743502150108,0.9753423205085127
vendor_session_start,7,2026-09-27,2026-09-26T21:52:00Z,Core,Sleep,0,128,observedRawSignal,6210951E-9800-5B3A-8611-FE16E658B0EA,0000,1,128,1,0,0,0,1,3,128,128,128,128,0,0.0,1.0,0.0,0,0,0,3,1,5,128,128,128,128,0,0.0,1.0,0.0,0,0,0,5,1,10,128,128.0,128,128,0,0.0,1.0,0.0,0,0,0,10,1,30,135.03333333333333,128.0,128,183,55,15.820837174084337,0.7666666666666667,0.23333333333333328,2.896551724137931,24,8,16,0,0,,[],0,0,,[],7.0,0.224951054343865,0.9743700647852352
vendor_session_start,8,2026-09-27,2026-09-26T21:53:00Z,Core,Sleep,0,128,observedRawSignal,6210951E-9800-5B3A-8611-FE16E658B0EA,0000,1,128,1,0,0,0,1,3,128,128,128,128,0,0.0,1.0,0.0,0,0,0,3,1,5,128,128,128,128,0,0.0,1.0,0.0,0,0,0,5,1,10,128,128.0,128,128,0,0.0,1.0,0.0,0,0,0,10,1,30,133.63333333333333,128.0,128,183,55,14.464861638544015,0.8,0.19999999999999996,2.5172413793103448,24,7,17,0,0,,[],0,0,,[],8.0,0.22920039092241415,0.9733792584604485
vendor_session_start,9,2026-09-27,2026-09-26T21:54:00Z,Core,Sleep,0,128,observedRawSignal,6210951E-9800-5B3A-8611-FE16E658B0EA,0000,1,128,1,0,0,0,1,3,128,128,128,128,0,0.0,1.0,0.0,0,0,0,3,1,5,128,128,128,128,0,0.0,1.0,0.0,0,0,0,5,1,10,128,128.0,128,128,0,0.0,1.0,0.0,0,0,0,10,1,30,131.86666666666667,128.0,128,183,55,11.505747356092181,0.8333333333333334,0.16666666666666663,2.4482758620689653,24,6,18,0,0,,[],0,0,,[],9.0,0.2334453638559054,0.9723699203976766
vendor_session_start,10,2026-09-27,2026-09-26T21:55:00Z,Core,Sleep,0,128,observedRawSignal,6210951E-9800-5B3A-8611-FE16E658B0EA,0000,1,128,1,0,0,0,1,3,128,128,128,128,0,0.0,1.0,0.0,0,0,0,3,1,5,128,128,128,128,0,0.0,1.0,0.0,0,0,0,5,1,10,128,128.0,128,128,0,0.0,1.0,0.0,0,0,0,10,1,30,130.03333333333333,128.0,128,159,31,6.508882819313585,0.8666666666666667,0.1333333333333333,1.6206896551724137,16,5,19,0,0,,[],0,0,,[],10.0,0.2376858923261731,0.9713420698132614
vendor_session_start,11,2026-09-27,2026-09-26T21:56:00Z,Core,Sleep,0,128,observedRawSignal,6210951E-9800-5B3A-8611-FE16E658B0EA,0000,1,128,1,0,0,0,1,3,128,128,128,128,0,0.0,1.0,0.0,0,0,0,3,1,5,128,128,128,128,0,0.0,1.0,0.0,0,0,0,5,1,10,128,128.0,128,128,0,0.0,1.0,0.0,0,0,0,10,1,30,129,128.0,128,147,19,3.669695718539436,0.9,0.09999999999999998,1.206896551724138,16,4,20,0,0,,[],0,0,,[],11.0,0.24192189559966773,0.9702957262759965
vendor_session_start,12,2026-09-27,2026-09-26T21:57:00Z,Core,Sleep,0,128,observedRawSignal,6210951E-9800-5B3A-8611-FE16E658B0EA,0000,1,128,1,0,0,0,1,3,128,128,128,128,0,0.0,1.0,0.0,0,0,0,3,1,5,128,128,128,128,0,0.0,1.0,0.0,0,0,0,5,1,10,128,128.0,128,128,0,0.0,1.0,0.0,0,0,0,10,1,30,128.36666666666667,128.0,128,136,8,1.5162087220725544,0.9333333333333333,0.06666666666666665,0.6551724137931034,8,3,21,0,0,,[],0,0,,[],12.0,0.24615329302899303,0.9692309097067544
vendor_session_start,13,2026-09-27,2026-09-26T21:58:00Z,Core,Sleep,0,128,observedRawSignal,6210951E-9800-5B3A-8611-FE16E658B0EA,0000,1,128,1,0,0,0,1,3,128,128,128,128,0,0.0,1.0,0.0,0,0,0,3,1,5,128,128,128,128,0,0.0,1.0,0.0,0,0,0,5,1,10,128,128.0,128,128,0,0.0,1.0,0.0,0,0,0,10,1,30,128.26666666666668,128.0,128,136,8,1.4360439485692011,0.9666666666666667,0.033333333333333326,0.5517241379310345,8,2,22,0,0,,[],0,0,,[],13.0,0.25038000405444144,0.9681476403781077
vendor_session_start,14,2026-09-27,2026-09-26T21:59:00Z,Core,Sleep,0,130,observedRawSignal,6210951E-9800-5B3A-8611-FE16E658B0EA,0000,1,130,0,2,2,2,1,3,128.66666666666666,128,128,130,2,0.9428090415820634,0.6666666666666666,0.33333333333333337,1,2,1,2,1,5,128.4,128,128,130,2,0.8,0.8,0.19999999999999996,0.5,2,1,4,1,10,128.2,128.0,128,130,2,0.6,0.9,0.09999999999999998,0.2222222222222222,2,1,9,1,30,128.33333333333334,128.0,128,136,8,1.4681810363696828,0.9333333333333333,0.06666666666666665,0.6206896551724138,8,3,22,0,0,,[],0,0,,[],14.0,0.25460194820552756,0.9670459389139432
vendor_session_start,15,2026-09-27,2026-09-26T22:00:00Z,Core,Sleep,0,128,observedRawSignal,6210951E-9800-5B3A-8611-FE16E658B0EA,0000,1,128,1,0,-2,2,1,3,128.66666666666666,128,128,130,2,0.9428090415820634,0.6666666666666666,0.33333333333333337,2,2,2,1,1,5,128.4,128,128,130,2,0.8,0.8,0.19999999999999996,1,2,2,3,1,10,128.2,128.0,128,130,2,0.6,0.9,0.09999999999999998,0.4444444444444444,2,2,8,1,30,128.33333333333334,128.0,128,136,8,1.4681810363696828,0.9333333333333333,0.06666666666666665,0.6896551724137931,8,4,22,0,0,,[],0,0,,[],15.0,0.25881904510252074,0.9659258262890683
vendor_session_start,16,2026-09-27,2026-09-26T22:01:00Z,Core,Sleep,0,134,observedRawSignal,6210951E-9800-5B3A-8611-FE16E658B0EA,0000,1,134,0,6,6,6,1,3,130.66666666666666,130,128,134,6,2.494438257849294,0.3333333333333333,0.6666666666666667,4,6,2,1,1,5,129.6,128,128,134,6,2.3323807579381204,0.6,0.4,2.5,6,3,2,1,10,128.8,128.0,128,134,6,1.833030277982336,0.8,0.19999999999999996,1.1111111111111112,6,3,7,1,30,128.53333333333333,128.0,128,136,8,1.7838784213679535,0.9,0.09999999999999998,0.896551724137931,8,5,22,0,0,,[],0,0,,[],16.0,0.2630312144579748,0.964787323828813
vendor_session_start,17,2026-09-27,2026-09-26T22:02:00Z,Core,Sleep,0,144,observedRawSignal,6210951E-9800-5B3A-8611-FE16E658B0EA,0000,1,144,0,16,10,10,1,3,135.33333333333334,134,128,144,16,6.599663291074443,0.3333333333333333,0.6666666666666667,8,10,2,1,1,5,132.8,130,128,144,16,6.013318551349164,0.4,0.6,5,10,4,1,1,10,130.4,128.0,128,144,16,4.882622246293481,0.7,0.30000000000000004,2.2222222222222223,10,4,6,1,30,129.06666666666666,128.0,128,144,16,3.2957885584822066,0.8666666666666667,0.1333333333333333,1.2413793103448276,10,6,22,0,0,,[],0,0,,[],17.0,0.26723837607825685,0.963630453208623
vendor_session_start,18,2026-09-27,2026-09-26T22:03:00Z,Core,Sleep,0,128,observedRawSignal,6210951E-9800-5B3A-8611-FE16E658B0EA,0000,1,128,1,0,-16,16,1,3,135.33333333333334,134,128,144,16,6.599663291074443,0.3333333333333333,0.6666666666666667,13,16,2,1,1,5,132.8,130,128,144,16,6.013318551349164,0.4,0.6,8.5,16,4,1,1,10,130.4,128.0,128,144,16,4.882622246293481,0.7,0.30000000000000004,4,16,5,5,1,30,129.06666666666666,128.0,128,144,16,3.2957885584822066,0.8666666666666667,0.1333333333333333,1.793103448275862,16,7,22,0,0,,[],0,0,,[],18.0,0.27144044986507426,0.9624552364536473
vendor_session_start,19,2026-09-27,2026-09-26T22:04:00Z,Core,Sleep,0,128,observedRawSignal,6210951E-9800-5B3A-8611-FE16E658B0EA,0000,1,128,1,0,0,0,1,3,133.33333333333334,128,128,144,16,7.542472332656507,0.6666666666666666,0.33333333333333337,8,16,1,2,1,5,132.4,128,128,144,16,6.248199740725323,0.6,0.4,8,16,3,2,1,10,130.4,128.0,128,144,16,4.882622246293481,0.7,0.30000000000000004,4,16,5,4,1,30,129.06666666666666,128.0,128,144,16,3.2957885584822066,0.8666666666666667,0.1333333333333333,1.793103448275862,16,7,22,0,0,,[],0,0,,[],19.0,0.27563735581699916,0.9612616959383189
vendor_session_start,20,2026-09-27,2026-09-26T22:05:00Z,Core,Sleep,0,128,observedRawSignal,6210951E-9800-5B3A-8611-FE16E658B0EA,0000,1,128,1,0,0,0,1,3,128,128,128,128,0,0.0,1.0,0.0,0,0,0,3,1,5,132.4,128,128,144,16,6.248199740725323,0.6,0.4,6.5,16,2,3,1,10,130.4,128.0,128,144,16,4.882622246293481,0.7,0.30000000000000004,4,16,5,3,1,30,129.06666666666666,128.0,128,144,16,3.2957885584822066,0.8666666666666667,0.1333333333333333,1.5172413793103448,16,6,22,1,1,75,"[""01bacab48848852420c09c02b462c47ff6bf5d527586db49013ec818bc5658fe""]",1,1,12,"[""b81be963c1dbf0bd128f64f3c77dcef7c901ed519e6153b147f0576c2aa23902""]",20.0,0.2798290140309921,0.9600498543859287
vendor_session_start,21,2026-09-27,2026-09-26T22:06:00Z,Core,Sleep,0,128,observedRawSignal,6210951E-9800-5B3A-8611-FE16E658B0EA,0000,1,128,1,0,0,0,1,3,128,128,128,128,0,0.0,1.0,0.0,0,0,0,3,1,5,131.2,128,128,144,16,6.4,0.8,0.19999999999999996,4,16,1,4,1,10,130.4,128.0,128,144,16,4.882622246293481,0.7,0.30000000000000004,4,16,5,4,1,30,128.8,128.0,128,144,16,3.037542866638538,0.9,0.09999999999999998,1.2413793103448276,16,5,22,0,0,,[],0,0,,[],21.0,0.28401534470392265,0.958819734868193
vendor_session_start,22,2026-09-27,2026-09-26T22:07:00Z,Core,Sleep,0,129,observedRawSignal,6210951E-9800-5B3A-8611-FE16E658B0EA,0000,1,129,0,1,1,1,1,3,128.33333333333334,128,128,129,1,0.4714045207910317,0.6666666666666666,0.33333333333333337,0.5,1,1,2,1,5,128.2,128,128,129,1,0.4,0.8,0.19999999999999996,0.25,1,1,4,1,10,130.5,128.0,128,144,16,4.8425200051213,0.6,0.4,4.111111111111111,16,6,4,1,30,128.83333333333334,128.0,128,144,16,3.034065845619629,0.8666666666666667,0.1333333333333333,1.2758620689655173,16,6,21,0,0,,[],0,0,,[],22.0,0.2881962681340893,0.9575713608048144
vendor_session_start,23,2026-09-27,2026-09-26T22:08:00Z,Core,Sleep,0,128,observedRawSignal,6210951E-9800-5B3A-8611-FE16E658B0EA,0000,1,128,1,0,-1,1,1,3,128.33333333333334,128,128,129,1,0.4714045207910317,0.6666666666666666,0.33333333333333337,1,1,2,1,1,5,128.2,128,128,129,1,0.4,0.8,0.19999999999999996,0.5,1,2,3,1,10,130.5,128.0,128,144,16,4.8425200051213,0.6,0.4,4,16,6,4,1,30,128.83333333333334,128.0,128,144,16,3.034065845619629,0.8666666666666667,0.1333333333333333,1.3103448275862069,16,7,20,0,0,,[],0,0,,[],23.0,0.29237170472273677,0.9563047559630354
vendor_session_start,24,2026-09-27,2026-09-26T22:09:00Z,Core,Sleep,0,128,observedRawSignal,6210951E-9800-5B3A-8611-FE16E658B0EA,0000,1,128,1,0,0,0,1,3,128.33333333333334,128,128,129,1,0.4714045207910317,0.6666666666666666,0.33333333333333337,0.5,1,1,2,1,5,128.2,128,128,129,1,0.4,0.8,0.19999999999999996,0.5,1,2,2,1,10,130.3,128.0,128,144,16,4.9,0.7,0.30000000000000004,3.7777777777777777,16,5,4,1,30,128.83333333333334,128.0,128,144,16,3.034065845619629,0.8666666666666667,0.1333333333333333,1.3103448275862069,16,7,19,0,0,,[],0,0,,[],24.0,0.29654157497557093,0.9550199444571866
vendor_session_start,25,2026-09-27,2026-09-26T22:10:00Z,Core,Sleep,0,128,observedRawSignal,6210951E-9800-5B3A-8611-FE16E658B0EA,0000,1,128,1,0,0,0,1,3,128,128,128,128,0,0.0,1.0,0.0,0,0,0,3,1,5,128.2,128,128,129,1,0.4,0.8,0.19999999999999996,0.5,1,2,3,1,10,130.3,128.0,128,144,16,4.9,0.7,0.30000000000000004,3.111111111111111,16,4,4,1,30,128.83333333333334,128.0,128,144,16,3.034065845619629,0.8666666666666667,0.1333333333333333,1.3103448275862069,16,7,18,0,0,,[],0,0,,[],25.0,0.3007057995042731,0.9537169507482269
vendor_session_start,26,2026-09-27,2026-09-26T22:11:00Z,Core,Sleep,0,128,observedRawSignal,6210951E-9800-5B3A-8611-FE16E658B0EA,0000,1,128,1,0,0,0,1,3,128,128,128,128,0,0.0,1.0,0.0,0,0,0,3,1,5,128.2,128,128,129,1,0.4,0.8,0.19999999999999996,0.25,1,1,4,1,10,129.7,128.0,128,144,16,4.775981574503821,0.8,0.19999999999999996,2,16,3,4,1,30,128.83333333333334,128.0,128,144,16,3.034065845619629,0.8666666666666667,0.1333333333333333,1.3103448275862069,16,7,17,0,0,,[],0,0,,[],26.0,0.30486429902801077,0.9523957996432784
vendor_session_start,27,2026-09-27,2026-09-26T22:12:00Z,Core,Sleep,0,128,observedRawSignal,6210951E-9800-5B3A-8611-FE16E658B0EA,0000,1,128,1,0,0,0,1,3,128,128,128,128,0,0.0,1.0,0.0,0,0,0,3,1,5,128,128,128,128,0,0.0,1.0,0.0,0,0,0,5,1,10,128.1,128.0,128,129,1,0.3,0.9,0.09999999999999998,0.2222222222222222,1,2,5,1,30,128.83333333333334,128.0,128,144,16,3.034065845619629,0.8666666666666667,0.1333333333333333,1.3103448275862069,16,7,16,0,0,,[],0,0,,[],27.0,0.3090169943749474,0.9510565162951535
vendor_session_start,28,2026-09-27,2026-09-26T22:13:00Z,REM,Sleep,0,128,observedRawSignal,6210951E-9800-5B3A-8611-FE16E658B0EA,0000,1,128,1,0,0,0,1,3,128,128,128,128,0,0.0,1.0,0.0,0,0,0,3,1,5,128,128,128,128,0,0.0,1.0,0.0,0,0,0,5,1,10,128.1,128.0,128,129,1,0.3,0.9,0.09999999999999998,0.2222222222222222,1,2,6,1,30,128.83333333333334,128.0,128,144,16,3.034065845619629,0.8666666666666667,0.1333333333333333,1.3103448275862069,16,7,15,0,0,,[],0,0,,[],28.0,0.31316380648374953,0.949699126201877
vendor_session_start,29,2026-09-27,2026-09-26T22:14:00Z,REM,Sleep,0,128,observedRawSignal,6210951E-9800-5B3A-8611-FE16E658B0EA,0000,1,128,1,0,0,0,1,3,128,128,128,128,0,0.0,1.0,0.0,0,0,0,3,1,5,128,128,128,128,0,0.0,1.0,0.0,0,0,0,5,1,10,128.1,128.0,128,129,1,0.3,0.9,0.09999999999999998,0.2222222222222222,1,2,7,1,30,128.83333333333334,128.0,128,144,16,3.034065845619629,0.8666666666666667,0.1333333333333333,1.3103448275862069,16,7,14,0,0,,[],0,0,,[],29.0,0.31730465640509214,0.9483236552061993
vendor_session_start,30,2026-09-27,2026-09-26T22:15:00Z,REM,Sleep,0,128,observedRawSignal,6210951E-9800-5B3A-8611-FE16E658B0EA,0000,1,128,1,0,0,0,1,3,128,128,128,128,0,0.0,1.0,0.0,0,0,0,3,1,5,128,128,128,128,0,0.0,1.0,0.0,0,0,0,5,1,10,128.1,128.0,128,129,1,0.3,0.9,0.09999999999999998,0.2222222222222222,1,2,8,1,30,128.83333333333334,128.0,128,144,16,3.034065845619629,0.8666666666666667,0.1333333333333333,1.3103448275862069,16,7,13,0,0,,[],0,0,,[],30.0,0.3214394653031616,0.9469301294951057
vendor_session_end,-30,2026-09-27,2026-09-27T06:27:00Z,Awake,Awake,1,0,zeroUninterpreted,F6143797-E09B-5245-978B-BE31778BF898,0003,0,,,,,,0,0,,,,,,,,,,,,,0,0,,,,,,,,,,,,,0,3,,,,,,,,,,,,,0,23,,,,,,,,,,,,,0,0,,[],0,0,,[],522.0,0.6190939493098342,-0.7853169308807447
vendor_session_end,-29,2026-09-27,2026-09-27T06:28:00Z,Awake,Awake,1,0,zeroUninterpreted,F6143797-E09B-5245-978B-BE31778BF898,0003,0,,,,,,0,0,,,,,,,,,,,,,0,0,,,,,,,,,,,,,0,2,,,,,,,,,,,,,0,22,,,,,,,,,,,,,0,0,,[],0,0,,[],523.0,0.6156614753256584,-0.7880107536067219
vendor_session_end,-28,2026-09-27,2026-09-27T06:29:00Z,Awake,Awake,1,0,zeroUninterpreted,F6143797-E09B-5245-978B-BE31778BF898,0003,0,,,,,,0,0,,,,,,,,,,,,,0,0,,,,,,,,,,,,,0,1,,,,,,,,,,,,,0,21,,,,,,,,,,,,,0,0,,[],0,0,,[],524.0,0.6122172800344493,-0.7906895737438434
vendor_session_end,-27,2026-09-27,2026-09-27T06:30:00Z,Awake,Awake,1,136,observedRawSignal,F6143797-E09B-5245-978B-BE31778BF898,0003,1,136,0,8,,,0,1,,,,,,,,,,,,,0,1,,,,,,,,,,,,,0,1,,,,,,,,,,,,,0,21,,,,,,,,,,,,,0,0,,[],0,0,,[],525.0,0.6087614290087204,-0.7933533402912353
vendor_session_end,-26,2026-09-27,2026-09-27T06:31:00Z,Awake,Awake,1,132,observedRawSignal,F6143797-E09B-5245-978B-BE31778BF898,0003,1,132,0,4,-4,4,0,2,,,,,,,,,,,,,0,2,,,,,,,,,,,,,0,2,,,,,,,,,,,,,0,21,,,,,,,,,,,,,0,0,,[],0,0,,[],526.0,0.6052939880428945,-0.7960020025346219
vendor_session_end,-25,2026-09-27,2026-09-27T06:32:00Z,Awake,Awake,1,128,observedRawSignal,F6143797-E09B-5245-978B-BE31778BF898,0003,1,128,1,0,-4,4,1,3,132,132,128,136,8,3.265986323710904,0.3333333333333333,0.6666666666666667,4,4,2,1,0,3,,,,,,,,,,,,,0,3,,,,,,,,,,,,,0,21,,,,,,,,,,,,,0,0,,[],0,0,,[],527.0,0.6018150231520482,-0.7986355100472929
vendor_session_end,-24,2026-09-27,2026-09-27T06:33:00Z,Awake,Awake,1,132,observedRawSignal,F6143797-E09B-5245-978B-BE31778BF898,0003,1,132,0,4,4,4,1,3,130.66666666666666,132,128,132,4,1.8856180831641267,0.3333333333333333,0.6666666666666667,4,4,2,1,0,4,,,,,,,,,,,,,0,4,,,,,,,,,,,,,0,21,,,,,,,,,,,,,0,0,,[],0,0,,[],528.0,0.5983246005706592,-0.8012538126910606
vendor_session_end,-23,2026-09-27,2026-09-27T06:34:00Z,Awake,Awake,1,128,observedRawSignal,F6143797-E09B-5245-978B-BE31778BF898,0003,1,128,1,0,-4,4,1,3,129.33333333333334,128,128,132,4,1.8856180831641267,0.6666666666666666,0.33333333333333337,4,4,2,1,1,5,131.2,132,128,136,8,2.9933259094191533,0.4,0.6,4,4,4,1,0,5,,,,,,,,,,,,,0,21,,,,,,,,,,,,,0,0,,[],0,0,,[],529.0,0.5948227867513413,-0.8038568606172173
vendor_session_end,-22,2026-09-27,2026-09-27T06:35:00Z,Awake,Awake,1,128,observedRawSignal,F6143797-E09B-5245-978B-BE31778BF898,0003,1,128,1,0,0,0,1,3,129.33333333333334,128,128,132,4,1.8856180831641267,0.6666666666666666,0.33333333333333337,2,4,1,2,1,5,129.6,128,128,132,4,1.9595917942265424,0.6,0.4,3,4,3,2,0,6,,,,,,,,,,,,,0,21,,,,,,,,,,,,,1,1,71,"[""e6d709b1859d23df00082687eecaedefc36b16ba9ebb9f8bdff549be5039cb4a""]",1,1,14,"[""e3f7326b5692958ec10ea7874b3f2d80b6db642e17d450cb197fb7c98219ff83""]",530.0,0.5913096483635826,-0.8064446042674824
vendor_session_end,-21,2026-09-27,2026-09-27T06:36:00Z,Awake,Awake,1,128,observedRawSignal,F6143797-E09B-5245-978B-BE31778BF898,0003,1,128,1,0,0,0,1,3,128,128,128,128,0,0.0,1.0,0.0,0,0,0,3,1,5,128.8,128,128,132,4,1.6,0.8,0.19999999999999996,2,4,2,3,0,7,,,,,,,,,,,,,0,21,,,,,,,,,,,,,0,0,,[],0,0,,[],531.0,0.5877852522924732,-0.8090169943749473
vendor_session_end,-20,2026-09-27,2026-09-27T06:37:00Z,Core,Sleep,0,145,observedRawSignal,F6143797-E09B-5245-978B-BE31778BF898,0003,1,145,0,17,17,17,1,3,133.66666666666666,128,128,145,17,8.013876853447538,0.6666666666666666,0.33333333333333337,8.5,17,1,2,1,5,132.2,128,128,145,17,6.584831053261731,0.6,0.4,5.25,17,2,3,0,8,,,,,,,,,,,,,0,21,,,,,,,,,,,,,0,0,,[],0,0,,[],532.0,0.5842496656374344,-0.8115739819650123
vendor_session_end,-19,2026-09-27,2026-09-27T06:38:00Z,Core,Sleep,0,128,observedRawSignal,F6143797-E09B-5245-978B-BE31778BF898,0003,1,128,1,0,-17,17,1,3,133.66666666666666,128,128,145,17,8.013876853447538,0.6666666666666666,0.33333333333333337,17,17,2,1,1,5,131.4,128,128,145,17,6.8,0.8,0.19999999999999996,8.5,17,2,3,0,9,,,,,,,,,,,,,0,21,,,,,,,,,,,,,0,0,,[],0,0,,[],533.0,0.5807029557109399,-0.8141155183563191
vendor_session_end,-18,2026-09-27,2026-09-27T06:39:00Z,Core,Sleep,0,128,observedRawSignal,F6143797-E09B-5245-978B-BE31778BF898,0003,1,128,1,0,0,0,1,3,133.66666666666666,128,128,145,17,8.013876853447538,0.6666666666666666,0.33333333333333337,8.5,17,1,2,1,5,131.4,128,128,145,17,6.8,0.8,0.19999999999999996,8.5,17,2,2,1,10,131.3,128.0,128,145,17,5.25452186216786,0.6,0.4,5.555555555555555,17,6,3,0,21,,,,,,,,,,,,,0,0,,[],0,0,,[],534.0,0.5771451900372336,-0.8166415551616789
vendor_session_end,-17,2026-09-27,2026-09-27T06:40:00Z,Core,Sleep,0,128,observedRawSignal,F6143797-E09B-5245-978B-BE31778BF898,0003,1,128,1,0,0,0,1,3,128,128,128,128,0,0.0,1.0,0.0,0,0,0,3,1,5,131.4,128,128,145,17,6.8,0.8,0.19999999999999996,8.5,17,2,3,1,10,130.5,128.0,128,145,17,5.084289527554464,0.7,0.30000000000000004,5.111111111111111,17,5,3,0,21,,,,,,,,,,,,,0,0,,[],0,0,,[],535.0,0.5735764363510464,-0.8191520442889917
vendor_session_end,-16,2026-09-27,2026-09-27T06:41:00Z,Core,Sleep,0,128,observedRawSignal,F6143797-E09B-5245-978B-BE31778BF898,0003,1,128,1,0,0,0,1,3,128,128,128,128,0,0.0,1.0,0.0,0,0,0,3,1,5,131.4,128,128,145,17,6.8,0.8,0.19999999999999996,4.25,17,1,4,1,10,130.1,128.0,128,145,17,5.107837115648854,0.8,0.19999999999999996,4.666666666666667,17,4,4,0,21,,,,,,,,,,,,,0,0,,[],0,0,,[],536.0,0.5699967625963032,-0.8216469379421636
vendor_session_end,-15,2026-09-27,2026-09-27T06:42:00Z,Core,Sleep,0,128,observedRawSignal,F6143797-E09B-5245-978B-BE31778BF898,0003,1,128,1,0,0,0,1,3,128,128,128,128,0,0.0,1.0,0.0,0,0,0,3,1,5,128,128,128,128,0,0.0,1.0,0.0,0,0,0,5,1,10,130.1,128.0,128,145,17,5.107837115648854,0.8,0.19999999999999996,4.222222222222222,17,3,5,0,21,,,,,,,,,,,,,0,0,,[],0,0,,[],537.0,0.5664062369248332,-0.8241261886220155
vendor_session_end,-14,2026-09-27,2026-09-27T06:43:00Z,Core,Sleep,0,128,observedRawSignal,F6143797-E09B-5245-978B-BE31778BF898,0003,1,128,1,0,0,0,1,3,128,128,128,128,0,0.0,1.0,0.0,0,0,0,3,1,5,128,128,128,128,0,0.0,1.0,0.0,0,0,0,5,1,10,129.7,128.0,128,145,17,5.1,0.9,0.09999999999999998,3.7777777777777777,17,2,6,0,21,,,,,,,,,,,,,0,0,,[],0,0,,[],538.0,0.5628049276950687,-0.8265897491271885
vendor_session_end,-13,2026-09-27,2026-09-27T06:44:00Z,Core,Sleep,0,128,observedRawSignal,F6143797-E09B-5245-978B-BE31778BF898,0003,1,128,1,0,0,0,1,3,128,128,128,128,0,0.0,1.0,0.0,0,0,0,3,1,5,128,128,128,128,0,0.0,1.0,0.0,0,0,0,5,1,10,129.7,128.0,128,145,17,5.1,0.9,0.09999999999999998,3.7777777777777777,17,2,7,0,21,,,,,,,,,,,,,0,0,,[],0,0,,[],539.0,0.5591929034707469,-0.8290375725550416
vendor_session_end,-12,2026-09-27,2026-09-27T06:45:00Z,Core,Sleep,0,136,observedRawSignal,F6143797-E09B-5245-978B-BE31778BF898,0003,1,136,0,8,8,8,1,3,130.66666666666666,128,128,136,8,3.7712361663282534,0.6666666666666666,0.33333333333333337,4,8,1,2,1,5,129.6,128,128,136,8,3.2,0.8,0.19999999999999996,2,8,1,4,1,10,130.5,128.0,128,145,17,5.389805191284746,0.8,0.19999999999999996,4.666666666666667,17,3,7,0,21,,,,,,,,,,,,,0,0,,[],0,0,,[],540.0,0.5555702330196022,-0.8314696123025453
vendor_session_end,-11,2026-09-27,2026-09-27T06:46:00Z,Core,Sleep,0,138,observedRawSignal,F6143797-E09B-5245-978B-BE31778BF898,0003,1,138,0,10,2,2,1,3,134,136,128,138,10,4.320493798938574,0.3333333333333333,0.6666666666666667,5,8,2,1,1,5,131.6,128,128,138,10,4.454211490264018,0.6,0.4,2.5,8,2,3,1,10,131.5,128.0,128,145,17,5.748912940721924,0.7,0.30000000000000004,3,17,3,7,0,21,,,,,,,,,,,,,0,0,,[],0,0,,[],541.0,0.5519369853120583,-0.8338858220671681
vendor_session_end,-10,2026-09-27,2026-09-27T06:47:00Z,Core,Sleep,0,128,observedRawSignal,F6143797-E09B-5245-978B-BE31778BF898,0003,1,128,1,0,-10,10,1,3,134,136,128,138,10,4.320493798938574,0.3333333333333333,0.6666666666666667,6,10,2,1,1,5,131.6,128,128,138,10,4.454211490264018,0.6,0.4,5,10,3,2,1,10,129.8,128.0,128,138,10,3.627671429443411,0.8,0.19999999999999996,2.2222222222222223,10,3,7,0,21,,,,,,,,,,,,,0,0,,[],0,0,,[],542.0,0.5482932295199138,-0.8362861558477596
vendor_session_end,-9,2026-09-27,2026-09-27T06:48:00Z,Core,Sleep,0,128,observedRawSignal,F6143797-E09B-5245-978B-BE31778BF898,0003,1,128,1,0,0,0,1,3,131.33333333333334,128,128,138,10,4.714045207910317,0.6666666666666666,0.33333333333333337,5,10,1,2,1,5,131.6,128,128,138,10,4.454211490264018,0.6,0.4,5,10,3,2,1,10,129.8,128.0,128,138,10,3.627671429443411,0.8,0.19999999999999996,2.2222222222222223,10,3,6,0,21,,,,,,,,,,,,,0,0,,[],0,0,,[],543.0,0.544639035015027,-0.8386705679454242
vendor_session_end,-8,2026-09-27,2026-09-27T06:49:00Z,REM,Sleep,0,128,observedRawSignal,F6143797-E09B-5245-978B-BE31778BF898,0003,1,128,1,0,0,0,1,3,128,128,128,128,0,0.0,1.0,0.0,0,0,0,3,1,5,131.6,128,128,138,10,4.454211490264018,0.6,0.4,3,10,2,3,1,10,129.8,128.0,128,138,10,3.627671429443411,0.8,0.19999999999999996,2.2222222222222223,10,3,5,0,21,,,,,,,,,,,,,0,0,,[],0,0,,[],544.0,0.540974471367994,-0.8410390129643924
vendor_session_end,-7,2026-09-27,2026-09-27T06:50:00Z,REM,Sleep,0,128,observedRawSignal,F6143797-E09B-5245-978B-BE31778BF898,0003,1,128,1,0,0,0,1,3,128,128,128,128,0,0.0,1.0,0.0,0,0,0,3,1,5,130,128,128,138,10,4.0,0.8,0.19999999999999996,2.5,10,1,4,1,10,129.8,128.0,128,138,10,3.627671429443411,0.8,0.19999999999999996,2.2222222222222223,10,3,4,0,21,,,,,,,,,,,,,0,0,,[],0,0,,[],545.0,0.5372996083468238,-0.8433914458128857
vendor_session_end,-6,2026-09-27,2026-09-27T06:51:00Z,REM,Sleep,0,130,observedRawSignal,F6143797-E09B-5245-978B-BE31778BF898,0003,1,130,0,2,2,2,1,3,128.66666666666666,128,128,130,2,0.9428090415820634,0.6666666666666666,0.33333333333333337,1,2,1,2,1,5,128.4,128,128,130,2,0.8,0.8,0.19999999999999996,0.5,2,1,4,1,10,130,128.0,128,138,10,3.5777087639996634,0.7,0.30000000000000004,2.4444444444444446,10,4,4,0,22,,,,,,,,,,,,,0,0,,[],0,0,,[],546.0,0.5336145159156117,-0.8457278217039732
vendor_session_end,-5,2026-09-27,2026-09-27T06:52:00Z,REM,Sleep,0,141,observedRawSignal,F6143797-E09B-5245-978B-BE31778BF898,0003,1,141,0,13,11,11,1,3,133,130,128,141,13,5.715476066494082,0.3333333333333333,0.6666666666666667,6.5,11,2,1,1,5,131,128,128,141,13,5.059644256269407,0.6,0.4,3.25,11,2,3,1,10,131.3,128.0,128,141,13,4.775981574503821,0.6,0.4,3.6666666666666665,11,5,4,0,23,,,,,,,,,,,,,0,0,,[],0,0,,[],547.0,0.529919264233205,-0.848048096156426
vendor_session_end,-4,2026-09-27,2026-09-27T06:53:00Z,REM,Sleep,0,128,observedRawSignal,F6143797-E09B-5245-978B-BE31778BF898,0003,1,128,1,0,-13,13,1,3,133,130,128,141,13,5.715476066494082,0.3333333333333333,0.6666666666666667,12,13,2,1,1,5,131,128,128,141,13,5.059644256269407,0.6,0.4,6.5,13,3,2,1,10,131.3,128.0,128,141,13,4.775981574503821,0.6,0.4,5.111111111111111,13,6,4,0,24,,,,,,,,,,,,,0,0,,[],0,0,,[],548.0,0.5262139236518698,-0.8503522249955627
vendor_session_end,-3,2026-09-27,2026-09-27T06:54:00Z,REM,Sleep,0,128,observedRawSignal,F6143797-E09B-5245-978B-BE31778BF898,0003,1,128,1,0,0,0,1,3,132.33333333333334,128,128,141,13,6.128258770283412,0.6666666666666666,0.33333333333333337,6.5,13,1,2,1,5,131,128,128,141,13,5.059644256269407,0.6,0.4,6.5,13,3,2,1,10,131.3,128.0,128,141,13,4.775981574503821,0.6,0.4,4.222222222222222,13,5,4,0,25,,,,,,,,,,,,,0,0,,[],0,0,,[],549.0,0.5224985647159489,-0.8526401643540922
vendor_session_end,-2,2026-09-27,2026-09-27T06:55:00Z,REM,Sleep,0,128,observedRawSignal,F6143797-E09B-5245-978B-BE31778BF898,0003,1,128,1,0,0,0,1,3,128,128,128,128,0,0.0,1.0,0.0,0,0,0,3,1,5,131,128,128,141,13,5.059644256269407,0.6,0.4,6,13,2,3,1,10,130.5,128.0,128,141,13,4.588027898781785,0.7,0.30000000000000004,4,13,4,4,0,26,,,,,,,,,,,,,0,0,,[],0,0,,[],550.0,0.5187732581605218,-0.8549118706729464
vendor_session_end,-1,2026-09-27,2026-09-27T06:56:00Z,REM,Sleep,0,128,observedRawSignal,F6143797-E09B-5245-978B-BE31778BF898,0003,1,128,1,0,0,0,1,3,128,128,128,128,0,0.0,1.0,0.0,0,0,0,3,1,5,130.6,128,128,141,13,5.2,0.8,0.19999999999999996,3.25,13,1,4,1,10,129.5,128.0,128,141,13,3.8794329482541645,0.8,0.19999999999999996,2.888888888888889,13,3,4,0,27,,,,,,,,,,,,,0,0,,[],0,0,,[],551.0,0.5150380749100544,-0.8571673007021122
vendor_session_end,0,2026-09-27,2026-09-27T06:57:00Z,,,,142,observedRawSignal,F6143797-E09B-5245-978B-BE31778BF898,0003,1,142,0,14,14,14,1,3,132.66666666666666,128,128,142,14,6.599663291074443,0.6666666666666666,0.33333333333333337,7,14,1,2,1,5,130.8,128,128,142,14,5.6,0.8,0.19999999999999996,3.5,14,1,4,1,10,130.9,128.0,128,142,14,5.3376024580330075,0.7,0.30000000000000004,4.444444444444445,14,4,4,0,28,,,,,,,,,,,,,0,0,,[],0,0,,[],552.0,0.5112930860770525,-0.8594064115014525
vendor_session_end,1,2026-09-27,2026-09-27T06:58:00Z,,,,139,observedRawSignal,F6143797-E09B-5245-978B-BE31778BF898,0003,1,139,0,11,-3,3,1,3,136.33333333333334,139,128,142,14,6.018490028422596,0.3333333333333333,0.6666666666666667,8.5,14,2,1,1,5,133,128,128,142,14,6.196773353931867,0.6,0.4,4.25,14,2,3,1,10,132,128.0,128,142,14,5.744562646538029,0.6,0.4,4.777777777777778,14,5,4,0,29,,,,,,,,,,,,,0,0,,[],0,0,,[],553.0,0.5075383629607044,-0.8616291604415256
vendor_session_end,2,2026-09-27,2026-09-27T06:59:00Z,,,,133,observedRawSignal,F6143797-E09B-5245-978B-BE31778BF898,0003,1,133,0,5,-6,6,1,3,138,139,133,142,9,3.7416573867739413,0.0,1.0,4.5,6,2,0,1,5,134,133,128,142,14,5.692099788303083,0.4,0.6,5.75,14,3,2,1,10,132.5,129.0,128,142,14,5.5901699437494745,0.5,0.5,5.444444444444445,14,6,4,1,30,131.2,128.0,128,145,17,5.022615520489963,0.6333333333333333,0.3666666666666667,4.103448275862069,17,15,7,0,0,,[],0,0,,[],554.0,0.5037739770455264,-0.8638355052043957
vendor_session_end,3,2026-09-27,2026-09-27T07:00:00Z,,,,128,observedRawSignal,F6143797-E09B-5245-978B-BE31778BF898,0003,1,128,1,0,-5,5,1,3,133.33333333333334,133,128,139,11,4.4969125210773475,0.3333333333333333,0.6666666666666667,5.5,6,2,1,1,5,134,133,128,142,14,5.692099788303083,0.4,0.6,7,14,4,1,1,10,132.5,129.0,128,142,14,5.5901699437494745,0.5,0.5,5.777777777777778,14,6,4,1,30,130.93333333333334,128.0,128,145,17,4.972814986392405,0.6666666666666666,0.33333333333333337,4.137931034482759,17,15,7,0,0,,[],0,0,,[],555.0,0.49999999999999994,-0.8660254037844387
vendor_session_end,4,2026-09-27,2026-09-27T07:01:00Z,,,,139,observedRawSignal,F6143797-E09B-5245-978B-BE31778BF898,0003,1,139,0,11,11,11,1,3,133.33333333333334,133,128,139,11,4.4969125210773475,0.3333333333333333,0.6666666666666667,8,11,2,1,1,5,136.2,139,128,142,14,5.035871324805669,0.2,0.8,6.25,11,4,1,1,10,133.4,130.5,128,142,14,5.834380858325929,0.5,0.5,5.777777777777778,14,6,4,1,30,131.16666666666666,128.0,128,145,17,5.177408189003022,0.6666666666666666,0.33333333333333337,4.379310344827586,17,15,7,0,0,,[],0,0,,[],556.0,0.49621650367520803,-0.8681988144891424
vendor_session_end,5,2026-09-27,2026-09-27T07:02:00Z,,,,148,observedRawSignal,F6143797-E09B-5245-978B-BE31778BF898,0003,1,148,0,20,9,9,1,3,138.33333333333334,139,128,148,20,8.178562764256865,0.3333333333333333,0.6666666666666667,10,11,2,1,1,5,137.4,139,128,148,20,6.711184694225007,0.2,0.8,7.75,11,4,1,1,10,134.1,130.5,128,148,20,7.006425622241344,0.5,0.5,5.333333333333333,14,6,4,1,30,131.83333333333334,128.0,128,148,20,5.955856128401879,0.6333333333333333,0.3666666666666667,4.551724137931035,17,15,7,0,0,,[],0,0,,[],557.0,0.49242356010346716,-0.8703556959398997
vendor_session_end,6,2026-09-27,2026-09-27T07:03:00Z,,,,136,observedRawSignal,F6143797-E09B-5245-978B-BE31778BF898,0003,1,136,0,8,-12,12,1,3,141,139,136,148,12,5.0990195135927845,0.0,1.0,10.5,12,2,0,1,5,136.8,136,128,148,20,6.675327707311455,0.2,0.8,9.25,12,4,1,1,10,134.9,134.5,128,148,20,6.7149087856798175,0.4,0.6,6.666666666666667,14,7,3,1,30,131.96666666666667,128.0,128,148,20,6.002684584602311,0.6333333333333333,0.3666666666666667,4.827586206896552,17,15,7,0,0,,[],0,0,,[],558.0,0.48862124149695485,-0.8724960070727972
vendor_session_end,7,2026-09-27,2026-09-27T07:04:00Z,,,,154,observedRawSignal,F6143797-E09B-5245-978B-BE31778BF898,0003,1,154,0,26,18,18,1,3,146,148,136,154,18,7.483314773547883,0.0,1.0,15,18,2,0,1,5,141,139,128,154,26,9.121403400793104,0.2,0.8,12.5,18,4,1,1,10,137.5,137.5,128,154,26,8.369587803470372,0.3,0.7,8.666666666666666,18,8,2,1,30,132.83333333333334,128.0,128,154,26,7.137148512458522,0.6,0.4,5.448275862068965,18,16,7,0,0,,[],0,0,,[],559.0,0.48480962024633717,-0.8746197071393957
vendor_session_end,8,2026-09-27,2026-09-27T07:05:00Z,,,,159,observedRawSignal,F6143797-E09B-5245-978B-BE31778BF898,0003,1,159,0,31,5,5,1,3,149.66666666666666,154,136,159,23,9.877021593352703,0.0,1.0,11.5,18,2,0,1,5,147.2,148,136,159,23,8.704022058795577,0.0,1.0,11,18,4,0,1,10,140.6,139.0,128,159,31,9.8812954616285,0.2,0.8,9.222222222222221,18,9,1,1,30,133.86666666666667,128.0,128,159,31,8.48030397778025,0.5666666666666667,0.43333333333333335,5.620689655172414,18,17,7,0,0,,[],0,0,,[],560.0,0.48098876891938763,-0.8767267557075077
vendor_session_end,9,2026-09-27,2026-09-27T07:06:00Z,,,,139,observedRawSignal,F6143797-E09B-5245-978B-BE31778BF898,0003,1,139,0,11,-20,20,1,3,150.66666666666666,154,139,159,20,8.498365855987975,0.0,1.0,12.5,20,2,0,1,5,147.2,148,136,159,23,8.704022058795577,0.0,1.0,13.75,20,4,0,1,10,141.7,139.0,128,159,31,8.98943824718764,0.1,0.9,9.88888888888889,20,9,1,1,30,134.23333333333332,128.0,128,159,31,8.456489946911912,0.5333333333333333,0.4666666666666667,5.724137931034483,20,17,7,0,0,,[],0,0,,[],561.0,0.4771587602596086,-0.8788171126619653
vendor_session_end,10,2026-09-27,2026-09-27T07:07:00Z,,,,145,observedRawSignal,F6143797-E09B-5245-978B-BE31778BF898,0003,1,145,0,17,6,6,1,3,147.66666666666666,145,139,159,20,8.379870059984356,0.0,1.0,13,20,2,0,1,5,146.6,145,136,159,23,8.73155198117723,0.0,1.0,12.25,20,4,0,1,10,142,139.0,128,159,31,9.044335243676011,0.1,0.9,10.222222222222221,20,9,1,1,30,134.23333333333332,128.0,128,159,31,8.456489946911912,0.5333333333333333,0.4666666666666667,5.344827586206897,20,17,7,0,0,,[],0,0,,[],562.0,0.4733196671848435,-0.8808907382053855
vendor_session_end,11,2026-09-27,2026-09-27T07:08:00Z,,,,139,observedRawSignal,F6143797-E09B-5245-978B-BE31778BF898,0003,1,139,0,11,-6,6,1,3,141,139,139,145,6,2.8284271247461903,0.0,1.0,6,6,2,0,1,5,147.2,145,139,159,20,8.059776671843954,0.0,1.0,9.25,20,4,0,1,10,142,139.0,128,159,31,9.044335243676011,0.1,0.9,10.222222222222221,20,9,1,1,30,134.6,129.0,128,159,31,8.416650165000325,0.5,0.5,5.551724137931035,20,18,6,0,0,,[],0,0,,[],563.0,0.4694715627858911,-0.8829475928589268
vendor_session_end,12,2026-09-27,2026-09-27T07:09:00Z,,,,151,observedRawSignal,F6143797-E09B-5245-978B-BE31778BF898,0003,1,151,0,23,12,12,1,3,145,145,139,151,12,4.898979485566356,0.0,1.0,9,12,2,0,1,5,146.6,145,139,159,20,7.631513611335565,0.0,1.0,11,20,4,0,1,10,143.8,142.0,128,159,31,8.863407922464136,0.1,0.9,11,20,9,1,1,30,135.36666666666667,131.5,128,159,31,8.818478074790205,0.4666666666666667,0.5333333333333333,5.9655172413793105,20,19,5,0,0,,[],0,0,,[],564.0,0.4656145203251116,-0.8849876374630418
vendor_session_end,13,2026-09-27,2026-09-27T07:10:00Z,,,,144,observedRawSignal,F6143797-E09B-5245-978B-BE31778BF898,0003,1,144,0,16,-7,7,1,3,144.66666666666666,144,139,151,12,4.9216076867444665,0.0,1.0,9.5,12,2,0,1,5,143.6,144,139,151,12,4.454211490264018,0.0,1.0,7.75,12,4,0,1,10,145.4,144.5,136,159,23,7.1442284397967,0.0,1.0,10.555555555555555,20,9,0,1,30,135.9,134.5,128,159,31,8.840625920525461,0.43333333333333335,0.5666666666666667,6.206896551724138,20,20,4,0,0,,[],0,0,,[],565.0,0.4617486132350339,-0.8870108331782217
vendor_session_end,14,2026-09-27,2026-09-27T07:11:00Z,,,,140,observedRawSignal,F6143797-E09B-5245-978B-BE31778BF898,0003,1,140,0,12,-4,4,1,3,145,144,140,151,11,4.546060565661952,0.0,1.0,5.5,7,2,0,1,5,143.8,144,139,151,12,4.261455150532504,0.0,1.0,7.25,12,4,0,1,10,145.5,144.5,136,159,23,7.060453243241541,0.0,1.0,10,20,9,0,1,30,136.3,136.0,128,159,31,8.745093862656173,0.4,0.6,6.344827586206897,20,21,4,0,0,,[],0,0,,[],566.0,0.457873915116957,-0.8890171414857363
vendor_session_end,15,2026-09-27,2026-09-27T07:12:00Z,,,,128,observedRawSignal,F6143797-E09B-5245-978B-BE31778BF898,0003,1,128,1,0,-12,12,1,3,137.33333333333334,140,128,144,16,6.79869268479038,0.3333333333333333,0.6666666666666667,8,12,2,1,1,5,140.4,140,128,151,23,7.49933330370107,0.2,0.8,8.75,12,4,1,1,10,143.5,142.0,128,159,31,8.709190547921201,0.1,0.9,10,20,9,1,1,30,136.3,136.0,128,159,31,8.745093862656173,0.4,0.6,6.758620689655173,20,22,4,0,0,,[],0,0,,[],567.0,0.45399049973954686,-0.8910065241883678
vendor_session_end,16,2026-09-27,2026-09-27T07:13:00Z,,,,128,observedRawSignal,F6143797-E09B-5245-978B-BE31778BF898,0003,1,128,1,0,0,0,1,3,132,128,128,140,12,5.656854249492381,0.6666666666666666,0.33333333333333337,6,12,1,2,1,5,138.2,140,128,151,23,9.042123644365851,0.4,0.6,5.75,12,3,2,1,10,142.7,142.0,128,159,31,9.675226095549396,0.2,0.8,8,20,8,2,1,30,136.3,136.0,128,159,31,8.745093862656173,0.4,0.6,6.758620689655173,20,22,4,0,0,,[],0,0,,[],568.0,0.45009844103743535,-0.8929789434111368
vendor_session_end,17,2026-09-27,2026-09-27T07:14:00Z,,,,129,observedRawSignal,F6143797-E09B-5245-978B-BE31778BF898,0003,1,129,0,1,1,1,1,3,128.33333333333334,128,128,129,1,0.4714045207910317,0.6666666666666666,0.33333333333333337,0.5,1,1,2,1,5,133.8,129,128,144,16,6.823488843692792,0.4,0.6,4.25,12,3,2,1,10,140.2,139.5,128,159,31,9.66229786334493,0.2,0.8,7.555555555555555,20,8,2,1,30,136.33333333333334,136.0,128,159,31,8.715248450592533,0.36666666666666664,0.6333333333333333,6.517241379310345,20,22,4,0,0,,[],0,0,,[],569.0,0.446197813109809,-0.894934361602025
vendor_session_end,18,2026-09-27,2026-09-27T07:15:00Z,,,,132,observedRawSignal,F6143797-E09B-5245-978B-BE31778BF898,0003,1,132,0,4,3,3,1,3,129.66666666666666,129,128,132,4,1.699673171197595,0.3333333333333333,0.6666666666666667,2,3,2,1,1,5,131.4,129,128,140,12,4.5431266766402185,0.4,0.6,4,12,3,2,1,10,137.5,139.0,128,151,23,7.57957782465488,0.2,0.8,5.666666666666667,12,8,2,1,30,136.2,134.5,128,159,31,8.749857141690944,0.36666666666666664,0.6333333333333333,6.551724137931035,20,22,4,0,0,,[],0,0,,[],570.0,0.4422886902190013,-0.8968727415326883
vendor_session_end,19,2026-09-27,2026-09-27T07:16:00Z,,,,128,observedRawSignal,F6143797-E09B-5245-978B-BE31778BF898,0003,1,128,1,0,-4,4,1,3,129.66666666666666,129,128,132,4,1.699673171197595,0.3333333333333333,0.6666666666666667,3.5,4,2,1,1,5,129,128,128,132,4,1.5491933384829668,0.6,0.4,2,4,3,2,1,10,136.4,135.5,128,151,23,8.06473806146238,0.3,0.7,5.444444444444445,12,8,2,1,30,135.86666666666667,132.5,128,159,31,8.86466142738809,0.4,0.6,6.344827586206897,20,22,4,0,0,,[],0,0,,[],571.0,0.4383711467890773,-0.898794046299167
vendor_session_end,20,2026-09-27,2026-09-27T07:17:00Z,,,,128,observedRawSignal,F6143797-E09B-5245-978B-BE31778BF898,0003,1,128,1,0,0,0,1,3,129.33333333333334,128,128,132,4,1.8856180831641267,0.6666666666666666,0.33333333333333337,2,4,1,2,1,5,129,128,128,132,4,1.5491933384829668,0.6,0.4,2,4,3,2,1,10,134.7,130.5,128,151,23,7.861933604400383,0.4,0.6,4.777777777777778,12,7,2,1,30,135.86666666666667,132.5,128,159,31,8.86466142738809,0.4,0.6,6.344827586206897,20,22,4,0,0,,[],0,0,,[],572.0,0.4344452574044172,-0.9006982393225879
vendor_session_end,21,2026-09-27,2026-09-27T07:18:00Z,,,,128,observedRawSignal,F6143797-E09B-5245-978B-BE31778BF898,0003,1,128,1,0,0,0,1,3,128,128,128,128,0,0.0,1.0,0.0,0,0,0,3,1,5,129,128,128,132,4,1.5491933384829668,0.6,0.4,1.75,4,2,3,1,10,133.6,128.5,128,151,23,7.952358140828418,0.5,0.5,3.4444444444444446,12,6,3,1,30,135.86666666666667,132.5,128,159,31,8.86466142738809,0.4,0.6,6.344827586206897,20,22,4,0,0,,[],0,0,,[],573.0,0.4305110968082951,-0.9025852843498606
vendor_session_end,22,2026-09-27,2026-09-27T07:19:00Z,,,,129,observedRawSignal,F6143797-E09B-5245-978B-BE31778BF898,0003,1,129,0,1,1,1,1,3,128.33333333333334,128,128,129,1,0.4714045207910317,0.6666666666666666,0.33333333333333337,0.5,1,1,2,1,5,129,128,128,132,4,1.5491933384829668,0.6,0.4,1.25,4,2,3,1,10,131.4,128.5,128,144,16,5.499090833947008,0.5,0.5,2.7777777777777777,12,6,3,1,30,135.9,132.5,128,159,31,8.83685464404615,0.36666666666666664,0.6333333333333333,6.379310344827586,20,23,4,0,0,,[],0,0,,[],574.0,0.42656873990145816,-0.9044551454543681
vendor_session_end,23,2026-09-27,2026-09-27T07:20:00Z,,,,176,observedRawSignal,F6143797-E09B-5245-978B-BE31778BF898,0003,1,176,0,48,47,47,1,3,144.33333333333334,129,128,176,48,22.395436042987768,0.3333333333333333,0.6666666666666667,24,47,2,1,1,5,137.8,128,128,176,48,19.103926298015285,0.6,0.4,12,47,2,3,1,10,134.6,128.5,128,176,48,14.2492105044455,0.5,0.5,7.555555555555555,47,6,3,1,30,137.5,134.5,128,176,48,11.271645842555559,0.3333333333333333,0.6666666666666667,7.931034482758621,47,23,4,0,0,,[],0,0,,[],575.0,0.4226182617406995,-0.9063077870366499
vendor_session_end,24,2026-09-27,2026-09-27T07:21:00Z,,,,168,observedRawSignal,F6143797-E09B-5245-978B-BE31778BF898,0003,1,168,0,40,-8,8,1,3,157.66666666666666,168,129,176,47,20.531818125912658,0.0,1.0,27.5,47,2,0,1,5,145.8,129,128,176,48,21.54437281519237,0.4,0.6,14,47,3,2,1,10,137.4,128.5,128,176,48,17.43100685560074,0.5,0.5,7.111111111111111,47,6,3,1,30,138.76666666666668,137.5,128,176,48,12.432975866174957,0.3333333333333333,0.6666666666666667,7.827586206896552,47,23,4,0,0,,[],0,0,,[],576.0,0.41865973753742797,-0.9081431738250814
vendor_session_end,25,2026-09-27,2026-09-27T07:22:00Z,,,,142,observedRawSignal,F6143797-E09B-5245-978B-BE31778BF898,0003,1,142,0,14,-26,26,1,3,162,168,142,176,34,14.514360704718161,0.0,1.0,17,26,2,0,1,5,148.6,142,128,176,48,19.89572818471342,0.2,0.8,20.5,47,4,1,1,10,138.8,129.0,128,176,48,17.180221186003397,0.4,0.6,10,47,7,3,1,30,138.8,137.5,128,176,48,12.44025723206719,0.3333333333333333,0.6666666666666667,8.275862068965518,47,23,4,0,0,,[],0,0,,[],577.0,0.4146932426562392,-0.9099612708765431
vendor_session_end,26,2026-09-27,2026-09-27T07:23:00Z,,,,154,observedRawSignal,F6143797-E09B-5245-978B-BE31778BF898,0003,1,154,0,26,12,12,1,3,154.66666666666666,154,142,168,26,10.624918300339484,0.0,1.0,19,26,2,0,1,5,153.8,154,129,176,47,17.02233826476257,0.0,1.0,23.25,47,4,0,1,10,141.4,130.5,128,176,48,17.31588865753069,0.3,0.7,11.222222222222221,47,7,3,1,30,139.66666666666666,139.0,128,176,48,12.562731479348837,0.3,0.7,8.689655172413794,47,24,3,0,0,,[],0,0,,[],578.0,0.41071885261347724,-0.9117620435770886
vendor_session_end,27,2026-09-27,2026-09-27T07:24:00Z,,,,172,observedRawSignal,F6143797-E09B-5245-978B-BE31778BF898,0003,1,172,0,44,18,18,1,3,156,154,142,172,30,12.328828005937952,0.0,1.0,15,18,2,0,1,5,162.4,168,142,176,34,12.611106216347558,0.0,1.0,16,26,4,0,1,10,145.7,137.0,128,176,48,18.963385773642848,0.3,0.7,12.88888888888889,47,7,3,1,30,141.13333333333333,139.0,128,176,48,13.637529916455627,0.26666666666666666,0.7333333333333334,9.310344827586206,47,25,3,0,0,,[],0,0,,[],579.0,0.40673664307580043,-0.9135454576426008
vendor_session_end,28,2026-09-27,2026-09-27T07:25:00Z,,,,148,observedRawSignal,F6143797-E09B-5245-978B-BE31778BF898,0003,1,148,0,20,-24,24,1,3,158,154,148,172,24,10.198039027185569,0.0,1.0,21,24,2,0,1,5,156.8,154,142,172,30,11.496086290559932,0.0,1.0,20,26,4,0,1,10,147.3,145.0,128,176,48,18.406792224611,0.3,0.7,15.11111111111111,47,7,3,1,30,141.8,139.0,128,176,48,13.46699669562594,0.23333333333333334,0.7666666666666666,10.137931034482758,47,26,3,0,0,,[],0,0,,[],580.0,0.4027466898587373,-0.9153114791194471
vendor_session_end,29,2026-09-27,2026-09-27T07:26:00Z,,,,152,observedRawSignal,F6143797-E09B-5245-978B-BE31778BF898,0003,1,152,0,24,4,4,1,3,157.33333333333334,152,148,172,24,10.498677165349081,0.0,1.0,14,24,2,0,1,5,153.6,152,142,172,30,10.071742649611338,0.0,1.0,14.5,24,4,0,1,10,149.7,150.0,128,176,48,17.262966141425405,0.2,0.8,15.555555555555555,47,8,2,1,30,142.6,139.5,128,176,48,13.335666462535722,0.2,0.8,9.793103448275861,47,26,3,0,0,,[],0,0,,[],581.0,0.39874906892524653,-0.9170600743851239
vendor_session_end,30,2026-09-27,2026-09-27T07:27:00Z,,,,165,observedRawSignal,F6143797-E09B-5245-978B-BE31778BF898,0003,1,165,0,37,13,13,1,3,155,152,148,165,17,7.2571803523590805,0.0,1.0,8.5,13,2,0,1,5,158.2,154,148,172,24,8.908422980528035,0.0,1.0,14.75,24,4,0,1,10,153.4,153.0,128,176,48,16.144348856488453,0.1,0.9,17,47,9,1,1,30,143.36666666666667,139.5,128,176,48,13.927151738799845,0.2,0.8,10.137931034482758,47,26,3,0,0,,[],0,0,,[],582.0,0.3947438563842674,-0.9187912101488982
vendor_session_start,-30,2026-09-28,2026-09-27T20:00:00Z,,,,129,observedRawSignal,47A03475-D15D-534A-8EED-0FF3BB6C70D8,0107,1,129,0,1,-17,17,1,3,142,146,129,151,22,9.41629792788369,0.0,1.0,11,17,2,0,1,5,144.8,146,129,152,23,8.280096617793781,0.0,1.0,7.25,17,4,0,1,10,148.1,148.5,129,168,39,10.182828683622247,0.0,1.0,12.88888888888889,32,9,0,1,30,149.93333333333334,151.0,129,172,43,10.658121577255326,0.0,1.0,10.96551724137931,32,28,0,0,0,,[],0,0,,[],-30.0,-0.2588190451025207,0.9659258262890683
vendor_session_start,-29,2026-09-28,2026-09-27T20:01:00Z,,,,135,observedRawSignal,47A03475-D15D-534A-8EED-0FF3BB6C70D8,0107,1,135,0,7,6,6,1,3,136.66666666666666,135,129,146,17,7.039570693980958,0.0,1.0,11.5,17,2,0,1,5,142.6,146,129,152,23,9.090654541890808,0.0,1.0,7.25,17,4,0,1,10,147.1,148.5,129,168,39,10.90366910723175,0.0,1.0,12.88888888888889,32,9,0,1,30,149.73333333333332,151.0,129,172,43,10.877908295664607,0.0,1.0,10.793103448275861,32,28,0,0,0,,[],0,0,,[],-29.0,-0.2546019482055278,0.9670459389139431
vendor_session_start,-28,2026-09-28,2026-09-27T20:02:00Z,,,,149,observedRawSignal,47A03475-D15D-534A-8EED-0FF3BB6C70D8,0107,1,149,0,21,14,14,1,3,137.66666666666666,135,129,149,20,8.379870059984356,0.0,1.0,10,14,2,0,1,5,142,146,129,151,22,8.532291603080617,0.0,1.0,10.5,17,4,0,1,10,146.9,147.5,129,168,39,10.848502200764859,0.0,1.0,12.555555555555555,32,9,0,1,30,150.36666666666667,151.0,129,172,43,10.245269911308123,0.0,1.0,10.275862068965518,32,28,0,0,0,,[],0,0,,[],-28.0,-0.2503800040544419,0.9681476403781076
vendor_session_start,-27,2026-09-28,2026-09-27T20:03:00Z,,,,136,observedRawSignal,47A03475-D15D-534A-8EED-0FF3BB6C70D8,0107,1,136,0,8,-13,13,1,3,140,136,135,149,14,6.377042156569663,0.0,1.0,13.5,14,2,0,1,5,139,136,129,149,20,7.402702209328699,0.0,1.0,12.5,17,4,0,1,10,143.7,146.0,129,157,28,8.649277426467485,0.0,1.0,10.444444444444445,21,9,0,1,30,149.6,151.0,129,172,43,10.429445495007553,0.0,1.0,10.586206896551724,32,28,0,0,0,,[],0,0,,[],-27.0,-0.24615329302899291,0.9692309097067544
vendor_session_start,-26,2026-09-28,2026-09-27T20:04:00Z,,,,152,observedRawSignal,47A03475-D15D-534A-8EED-0FF3BB6C70D8,0107,1,152,0,24,16,16,1,3,145.66666666666666,149,136,152,16,6.944222218666553,0.0,1.0,14.5,16,2,0,1,5,140.2,136,129,152,23,8.795453370918409,0.0,1.0,12.25,16,4,0,1,10,145.3,147.5,129,157,28,8.556284240252891,0.0,1.0,9.88888888888889,17,9,0,1,30,149.5,151.0,129,172,43,10.391502939100452,0.0,1.0,11,32,28,0,0,0,,[],0,0,,[],-26.0,-0.24192189559966787,0.9702957262759965
vendor_session_start,-25,2026-09-28,2026-09-27T20:05:00Z,,,,133,observedRawSignal,47A03475-D15D-534A-8EED-0FF3BB6C70D8,0107,1,133,0,5,-19,19,1,3,140.33333333333334,136,133,152,19,8.339997335464536,0.0,1.0,17.5,19,2,0,1,5,141,136,133,152,19,7.874007874011811,0.0,1.0,15.5,19,4,0,1,10,142.9,146.0,129,152,23,8.3,0.0,1.0,10.777777777777779,19,9,0,1,30,148.9,150.0,129,172,43,10.79922836749614,0.0,1.0,11.448275862068966,32,28,0,0,0,,[],0,0,,[],-25.0,-0.2376858923261735,0.9713420698132613
vendor_session_start,-24,2026-09-28,2026-09-27T20:06:00Z,,,,136,observedRawSignal,47A03475-D15D-534A-8EED-0FF3BB6C70D8,0107,1,136,0,8,3,3,1,3,140.33333333333334,136,133,152,19,8.339997335464536,0.0,1.0,11,19,2,0,1,5,141.2,136,133,152,19,7.730459236035076,0.0,1.0,12.75,19,4,0,1,10,141.9,141.0,129,152,23,8.466994744299774,0.0,1.0,10.444444444444445,19,9,0,1,30,148.6,150.0,129,172,43,11.02602980829153,0.0,1.0,11.206896551724139,32,28,0,0,0,,[],0,0,,[],-24.0,-0.23344536385590609,0.9723699203976764
vendor_session_start,-23,2026-09-28,2026-09-27T20:07:00Z,,,,129,observedRawSignal,47A03475-D15D-534A-8EED-0FF3BB6C70D8,0107,1,129,0,1,-7,7,1,3,132.66666666666666,133,129,136,7,2.8674417556808756,0.0,1.0,5,7,2,0,1,5,137.2,136,129,152,23,7.833262411026456,0.0,1.0,11.25,19,4,0,1,10,139.6,136.0,129,152,23,8.534635317340747,0.0,1.0,11.11111111111111,19,9,0,1,30,147.73333333333332,147.5,129,172,43,11.500531388689057,0.0,1.0,10.793103448275861,32,28,0,0,0,,[],0,0,,[],-23.0,-0.22920039092241423,0.9733792584604485
vendor_session_start,-22,2026-09-28,2026-09-27T20:08:00Z,,,,137,observedRawSignal,47A03475-D15D-534A-8EED-0FF3BB6C70D8,0107,1,137,0,9,8,8,1,3,134,136,129,137,8,3.559026084010437,0.0,1.0,7.5,8,2,0,1,5,137.4,136,129,152,23,7.812809993849844,0.0,1.0,9.25,19,4,0,1,10,138.2,136.0,129,152,23,7.652450587883596,0.0,1.0,11.444444444444445,19,9,0,1,30,147.76666666666668,147.5,129,172,43,11.467877843010982,0.0,1.0,10.206896551724139,32,28,0,0,0,,[],0,0,,[],-22.0,-0.22495105434386534,0.9743700647852351
vendor_session_start,-21,2026-09-28,2026-09-27T20:09:00Z,,,,128,observedRawSignal,47A03475-D15D-534A-8EED-0FF3BB6C70D8,0107,1,128,1,0,-9,9,1,3,131.33333333333334,129,128,137,9,4.0276819911981905,0.3333333333333333,0.6666666666666667,8.5,9,2,1,1,5,132.6,133,128,137,9,3.6110940170535577,0.2,0.8,6.75,9,4,1,1,10,136.4,135.5,128,152,24,7.722693830523129,0.1,0.9,10.555555555555555,19,9,1,1,30,146.66666666666666,146.0,128,172,44,11.725565610617208,0.03333333333333333,0.9666666666666667,10.517241379310345,32,29,1,0,0,,[],0,0,,[],-21.0,-0.2206974350215017,0.9753423205085126
vendor_session_start,-20,2026-09-28,2026-09-27T20:10:00Z,,,,159,observedRawSignal,47A03475-D15D-534A-8EED-0FF3BB6C70D8,0107,1,159,0,31,31,31,1,3,141.33333333333334,137,128,159,31,13.02134998974974,0.3333333333333333,0.6666666666666667,20,31,2,1,1,5,137.8,136,128,159,31,11.196428001822724,0.2,0.8,13.75,31,4,1,1,10,139.4,136.0,128,159,31,9.810198774744578,0.1,0.9,13.333333333333334,31,9,1,1,30,146.6,146.0,128,172,44,11.649320437976915,0.03333333333333333,0.9666666666666667,11.206896551724139,32,29,1,0,0,,[],0,0,,[],-20.0,-0.21643961393810288,0.9762960071199334
vendor_session_start,-19,2026-09-28,2026-09-27T20:11:00Z,,,,158,observedRawSignal,47A03475-D15D-534A-8EED-0FF3BB6C70D8,0107,1,158,0,30,-1,1,1,3,148.33333333333334,158,128,159,31,14.383632673594278,0.3333333333333333,0.6666666666666667,16,31,2,1,1,5,142.2,137,128,159,31,13.67333170810977,0.2,0.8,12.25,31,4,1,1,10,141.7,136.5,128,159,31,11.118003417880388,0.1,0.9,11.88888888888889,31,9,1,1,30,146.13333333333333,146.0,128,168,40,10.877295415476935,0.03333333333333333,0.9666666666666667,10.586206896551724,32,29,1,0,0,,[],0,0,,[],-19.0,-0.21217767215644653,0.9772311064626789
vendor_session_start,-18,2026-09-28,2026-09-27T20:12:00Z,,,,159,observedRawSignal,47A03475-D15D-534A-8EED-0FF3BB6C70D8,0107,1,159,0,31,1,1,1,3,158.66666666666666,159,158,159,1,0.4714045207910317,0.0,1.0,1,1,2,0,1,5,148.2,158,128,159,31,13.13620949893842,0.2,0.8,10.5,31,4,1,1,10,142.7,136.5,128,159,31,12.133012816279393,0.1,0.9,10.555555555555555,31,9,1,1,30,146.33333333333334,146.0,128,168,40,11.055415967851333,0.03333333333333333,0.9666666666666667,10.068965517241379,32,29,1,0,0,,[],0,0,,[],-18.0,-0.20791169081775987,0.9781476007338056
vendor_session_start,-17,2026-09-28,2026-09-27T20:13:00Z,,,,163,observedRawSignal,47A03475-D15D-534A-8EED-0FF3BB6C70D8,0107,1,163,0,35,4,4,1,3,160,159,158,163,5,2.160246899469287,0.0,1.0,2.5,4,2,0,1,5,153.4,159,128,163,35,12.815615474880635,0.2,0.8,9.25,31,4,1,1,10,145.4,144.5,128,163,35,13.290598180668919,0.1,0.9,9.222222222222221,31,9,1,1,30,147.2,147.5,128,168,40,11.30604558042584,0.03333333333333333,0.9666666666666667,10.068965517241379,32,29,1,0,0,,[],0,0,,[],-17.0,-0.2036417511401774,0.9790454724845838
vendor_session_start,-16,2026-09-28,2026-09-27T20:14:00Z,,,,151,observedRawSignal,47A03475-D15D-534A-8EED-0FF3BB6C70D8,0107,1,151,0,23,-12,12,1,3,157.66666666666666,159,151,163,12,4.988876515698588,0.0,1.0,8,12,2,0,1,5,158,159,151,163,12,3.898717737923586,0.0,1.0,4.5,12,4,0,1,10,145.3,144.0,128,163,35,13.244244032786469,0.1,0.9,8.444444444444445,31,9,1,1,30,147.53333333333333,150.0,128,168,40,11.265680430207292,0.03333333333333333,0.9666666666666667,10.413793103448276,32,29,1,0,0,,[],0,0,,[],-16.0,-0.1993679344171965,0.9799247046208297
vendor_session_start,-15,2026-09-28,2026-09-27T20:15:00Z,,,,130,observedRawSignal,47A03475-D15D-534A-8EED-0FF3BB6C70D8,0107,1,130,0,2,-21,21,1,3,148,151,130,163,33,13.638181696985855,0.0,1.0,16.5,21,2,0,1,5,152.2,158,130,163,33,11.754148203932091,0.0,1.0,9.5,21,4,0,1,10,145,144.0,128,163,35,13.549907748763458,0.1,0.9,10.444444444444445,31,9,1,1,30,147.23333333333332,150.0,128,168,40,11.603687153467883,0.03333333333333333,0.9666666666666667,10.931034482758621,32,29,1,0,0,,[],0,0,,[],-15.0,-0.19509032201612872,0.9807852804032303
vendor_session_start,-14,2026-09-28,2026-09-27T20:16:00Z,,,,128,observedRawSignal,47A03475-D15D-534A-8EED-0FF3BB6C70D8,0107,1,128,1,0,-2,2,1,3,136.33333333333334,130,128,151,23,10.402991022884823,0.3333333333333333,0.6666666666666667,11.5,21,2,1,1,5,146.2,151,128,163,35,14.579437574886077,0.2,0.8,9.75,21,4,1,1,10,144.2,144.0,128,163,35,14.274452704044384,0.2,0.8,9.88888888888889,31,9,1,1,30,146.66666666666666,150.0,128,168,40,12.103259432437564,0.06666666666666667,0.9333333333333333,10.689655172413794,32,29,1,0,0,,[],0,0,,[],-14.0,-0.19080899537654467,0.981627183447664
vendor_session_start,-13,2026-09-28,2026-09-27T20:17:00Z,,,,128,observedRawSignal,47A03475-D15D-534A-8EED-0FF3BB6C70D8,0107,1,128,1,0,0,0,1,3,128.66666666666666,128,128,130,2,0.9428090415820634,0.6666666666666666,0.33333333333333337,1,2,1,2,1,5,140,130,128,163,35,14.408330923462302,0.4,0.6,8.75,21,3,2,1,10,144.1,144.0,128,163,35,14.383671297690308,0.3,0.7,9,31,8,2,1,30,145.8,147.5,128,168,40,12.472369462135092,0.1,0.9,10.551724137931034,32,28,2,0,0,,[],0,0,,[],-13.0,-0.18652403600873563,0.9824503977255096
vendor_session_start,-12,2026-09-28,2026-09-27T20:18:00Z,,,,128,observedRawSignal,47A03475-D15D-534A-8EED-0FF3BB6C70D8,0107,1,128,1,0,0,0,1,3,128,128,128,128,0,0.0,1.0,0.0,0,0,0,3,1,5,133,128,128,151,23,9.033271832508971,0.6,0.4,5.75,21,2,3,1,10,143.2,140.5,128,163,35,15.065191668213187,0.4,0.6,8,31,7,3,1,30,144.8,146.0,128,168,40,12.6554336156451,0.13333333333333333,0.8666666666666667,10.379310344827585,32,27,3,0,0,,[],0,0,,[],-12.0,-0.18223552549214783,0.9832549075639545
vendor_session_start,-11,2026-09-28,2026-09-27T20:19:00Z,,,,128,observedRawSignal,47A03475-D15D-534A-8EED-0FF3BB6C70D8,0107,1,128,1,0,0,0,1,3,128,128,128,128,0,0.0,1.0,0.0,0,0,0,3,1,5,128.4,128,128,130,2,0.8,0.8,0.19999999999999996,0.5,2,1,4,1,10,143.2,140.5,128,163,35,15.065191668213187,0.4,0.6,4.555555555555555,21,6,4,1,30,143.63333333333333,145.5,128,168,40,12.536568731337756,0.16666666666666666,0.8333333333333334,10.310344827586206,32,26,4,0,0,,[],0,0,,[],-11.0,-0.17794354547384153,0.9840406976462909
vendor_session_start,-10,2026-09-28,2026-09-27T20:20:00Z,,,,128,observedRawSignal,47A03475-D15D-534A-8EED-0FF3BB6C70D8,0107,1,128,1,0,0,0,1,3,128,128,128,128,0,0.0,1.0,0.0,0,0,0,3,1,5,128,128,128,128,0,0.0,1.0,0.0,0,0,0,5,1,10,140.1,129.0,128,163,35,14.67957765060017,0.5,0.5,4.444444444444445,21,5,5,1,30,142.53333333333333,141.0,128,168,40,12.411643279150786,0.2,0.8,9.758620689655173,32,25,5,0,0,,[],0,0,,[],-10.0,-0.17364817766693127,0.9848077530122079
vendor_session_start,-9,2026-09-28,2026-09-27T20:21:00Z,,,,142,observedRawSignal,47A03475-D15D-534A-8EED-0FF3BB6C70D8,0107,1,142,0,14,14,14,1,3,132.66666666666666,128,128,142,14,6.599663291074443,0.6666666666666666,0.33333333333333337,7,14,1,2,1,5,130.8,128,128,142,14,5.6,0.8,0.19999999999999996,3.5,14,1,4,1,10,138.5,129.0,128,163,35,13.46291201783626,0.5,0.5,5.888888888888889,21,5,5,1,30,142.43333333333334,139.5,128,168,40,12.403449341032339,0.2,0.8,10.03448275862069,32,25,5,0,0,,[],0,0,,[],-9.0,-0.16934950384902492,0.9855560590580776
vendor_session_start,-8,2026-09-28,2026-09-27T20:22:00Z,,,,128,observedRawSignal,47A03475-D15D-534A-8EED-0FF3BB6C70D8,0107,1,128,1,0,-14,14,1,3,132.66666666666666,128,128,142,14,6.599663291074443,0.6666666666666666,0.33333333333333337,14,14,2,1,1,5,130.8,128,128,142,14,5.6,0.8,0.19999999999999996,7,14,2,3,1,10,135.4,128.0,128,163,35,11.859173664298874,0.6,0.4,7,21,5,5,1,30,141.66666666666666,136.5,128,168,40,12.56007784830793,0.23333333333333334,0.7666666666666666,9.931034482758621,32,25,5,0,0,,[],0,0,,[],-8.0,-0.16504760586067735,0.9862856015372314
vendor_session_start,-7,2026-09-28,2026-09-27T20:23:00Z,,,,128,observedRawSignal,47A03475-D15D-534A-8EED-0FF3BB6C70D8,0107,1,128,1,0,0,0,1,3,132.66666666666666,128,128,142,14,6.599663291074443,0.6666666666666666,0.33333333333333337,7,14,1,2,1,5,130.8,128,128,142,14,5.6,0.8,0.19999999999999996,7,14,2,2,1,10,131.9,128.0,128,151,23,7.595393340703298,0.7,0.30000000000000004,5.666666666666667,21,4,5,1,30,140.33333333333334,136.0,128,163,35,11.793595248646144,0.26666666666666666,0.7333333333333334,8.827586206896552,31,24,5,0,0,,[],0,0,,[],-7.0,-0.16074256560382694,0.9869963665602318
vendor_session_start,-6,2026-09-28,2026-09-27T20:24:00Z,,,,128,observedRawSignal,47A03475-D15D-534A-8EED-0FF3BB6C70D8,0107,1,128,1,0,0,0,1,3,128,128,128,128,0,0.0,1.0,0.0,0,0,0,3,1,5,130.8,128,128,142,14,5.6,0.8,0.19999999999999996,7,14,2,3,1,10,129.6,128.0,128,142,14,4.17612260356422,0.8,0.19999999999999996,3.3333333333333335,14,3,5,1,30,140.06666666666666,136.0,128,163,35,11.977571632940553,0.3,0.7,8.10344827586207,31,23,5,0,0,,[],0,0,,[],-6.0,-0.15643446504023112,0.9876883405951377
vendor_session_start,-5,2026-09-28,2026-09-27T20:25:00Z,,,,128,observedRawSignal,47A03475-D15D-534A-8EED-0FF3BB6C70D8,0107,1,128,1,0,0,0,1,3,128,128,128,128,0,0.0,1.0,0.0,0,0,0,3,1,5,130.8,128,128,142,14,5.6,0.8,0.19999999999999996,3.5,14,1,4,1,10,129.4,128.0,128,142,14,4.2,0.9,0.09999999999999998,3.111111111111111,14,2,5,1,30,139.1,135.5,128,163,35,11.739818283658964,0.3333333333333333,0.6666666666666667,7.724137931034483,31,22,5,0,0,,[],0,0,,[],-5.0,-0.15212338618991633,0.9883615104677608
vendor_session_start,-4,2026-09-28,2026-09-27T20:26:00Z,,,,128,observedRawSignal,47A03475-D15D-534A-8EED-0FF3BB6C70D8,0107,1,128,1,0,0,0,1,3,128,128,128,128,0,0.0,1.0,0.0,0,0,0,3,1,5,128,128,128,128,0,0.0,1.0,0.0,0,0,0,5,1,10,129.4,128.0,128,142,14,4.2,0.9,0.09999999999999998,3.111111111111111,14,2,5,1,30,138.5,134.0,128,163,35,11.831455250024543,0.36666666666666664,0.6333333333333333,7.517241379310345,31,21,5,0,0,,[],0,0,,[],-4.0,-0.14780941112961138,0.9890158633619167
vendor_session_start,-3,2026-09-28,2026-09-27T20:27:00Z,,,,128,observedRawSignal,47A03475-D15D-534A-8EED-0FF3BB6C70D8,0107,1,128,1,0,0,0,1,3,128,128,128,128,0,0.0,1.0,0.0,0,0,0,3,1,5,128,128,128,128,0,0.0,1.0,0.0,0,0,0,5,1,10,129.4,128.0,128,142,14,4.2,0.9,0.09999999999999998,3.111111111111111,14,2,6,1,30,137.7,131.5,128,163,35,11.702278980324017,0.4,0.6,7.482758620689655,31,20,6,0,0,,[],0,0,,[],-3.0,-0.14349262199117946,0.9896513868196702
vendor_session_start,-2,2026-09-28,2026-09-27T20:28:00Z,,,,128,observedRawSignal,47A03475-D15D-534A-8EED-0FF3BB6C70D8,0107,1,128,1,0,0,0,1,3,128,128,128,128,0,0.0,1.0,0.0,0,0,0,3,1,5,128,128,128,128,0,0.0,1.0,0.0,0,0,0,5,1,10,129.4,128.0,128,142,14,4.2,0.9,0.09999999999999998,3.111111111111111,14,2,7,1,30,136.93333333333334,129.5,128,163,35,11.558354361913098,0.43333333333333335,0.5666666666666667,7.310344827586207,31,19,7,0,0,,[],0,0,,[],-2.0,-0.13917310096006588,0.9902680687415703
vendor_session_start,-1,2026-09-28,2026-09-27T20:29:00Z,,,,128,observedRawSignal,47A03475-D15D-534A-8EED-0FF3BB6C70D8,0107,1,128,1,0,0,0,1,3,128,128,128,128,0,0.0,1.0,0.0,0,0,0,3,1,5,128,128,128,128,0,0.0,1.0,0.0,0,0,0,5,1,10,129.4,128.0,128,142,14,4.2,0.9,0.09999999999999998,3.111111111111111,14,2,8,1,30,136.33333333333334,129.0,128,163,35,11.53930481249003,0.4666666666666667,0.5333333333333333,6.724137931034483,31,18,8,0,0,,[],0,0,,[],-1.0,-0.13485093027372372,0.9908658973868821
vendor_session_start,0,2026-09-28,2026-09-27T20:30:00Z,Awake,Awake,1,128,observedRawSignal,47A03475-D15D-534A-8EED-0FF3BB6C70D8,0107,1,128,1,0,0,0,1,3,128,128,128,128,0,0.0,1.0,0.0,0,0,0,3,1,5,128,128,128,128,0,0.0,1.0,0.0,0,0,0,5,1,10,129.4,128.0,128,142,14,4.2,0.9,0.09999999999999998,1.5555555555555556,14,1,9,1,30,136.3,128.5,128,163,35,11.561862595043529,0.5,0.5,6.517241379310345,31,17,9,0,0,,[],0,0,,[],0.0,-0.13052619222005168,0.9914448613738104
vendor_session_start,1,2026-09-28,2026-09-27T20:31:00Z,Awake,Awake,1,128,observedRawSignal,47A03475-D15D-534A-8EED-0FF3BB6C70D8,0107,1,128,1,0,0,0,1,3,128,128,128,128,0,0.0,1.0,0.0,0,0,0,3,1,5,128,128,128,128,0,0.0,1.0,0.0,0,0,0,5,1,10,128,128.0,128,128,0,0.0,1.0,0.0,0,0,0,10,1,30,136.06666666666666,128.0,128,163,35,11.65599511934619,0.5333333333333333,0.4666666666666667,6.0344827586206895,31,16,10,0,0,,[],0,0,,[],1.0,-0.12619896913583012,0.992004949679715
vendor_session_start,2,2026-09-28,2026-09-27T20:32:00Z,Awake,Awake,1,128,observedRawSignal,47A03475-D15D-534A-8EED-0FF3BB6C70D8,0107,1,128,1,0,0,0,1,3,128,128,128,128,0,0.0,1.0,0.0,0,0,0,3,1,5,128,128,128,128,0,0.0,1.0,0.0,0,0,0,5,1,10,128,128.0,128,128,0,0.0,1.0,0.0,0,0,0,10,1,30,135.36666666666667,128.0,128,163,35,11.487626193237467,0.5666666666666667,0.43333333333333335,5.586206896551724,31,15,11,0,0,,[],0,0,,[],2.0,-0.12186934340514811,0.992546151641322
vendor_session_start,3,2026-09-28,2026-09-27T20:33:00Z,Core,Sleep,0,128,observedRawSignal,47A03475-D15D-534A-8EED-0FF3BB6C70D8,0107,1,128,1,0,0,0,1,3,128,128,128,128,0,0.0,1.0,0.0,0,0,0,3,1,5,128,128,128,128,0,0.0,1.0,0.0,0,0,0,5,1,10,128,128.0,128,128,0,0.0,1.0,0.0,0,0,0,10,1,30,135.1,128.0,128,163,35,11.562439189029277,0.6,0.4,5.0344827586206895,31,14,12,0,0,,[],0,0,,[],3.0,-0.11753739745783766,0.9930684569549263
vendor_session_start,4,2026-09-28,2026-09-27T20:34:00Z,Core,Sleep,0,128,observedRawSignal,47A03475-D15D-534A-8EED-0FF3BB6C70D8,0107,1,128,1,0,0,0,1,3,128,128,128,128,0,0.0,1.0,0.0,0,0,0,3,1,5,128,128,128,128,0,0.0,1.0,0.0,0,0,0,5,1,10,128,128.0,128,128,0,0.0,1.0,0.0,0,0,0,10,1,30,134.3,128.0,128,163,35,11.189727431890377,0.6333333333333333,0.3666666666666667,4.379310344827586,31,13,13,0,0,,[],0,0,,[],4.0,-0.11320321376790701,0.9935718556765875
vendor_session_start,5,2026-09-28,2026-09-27T20:35:00Z,Core,Sleep,0,146,observedRawSignal,47A03475-D15D-534A-8EED-0FF3BB6C70D8,0107,1,146,0,18,18,18,1,3,134,128,128,146,18,8.48528137423857,0.6666666666666666,0.33333333333333337,9,18,1,2,1,5,131.6,128,128,146,18,7.2,0.8,0.19999999999999996,4.5,18,1,4,1,10,129.8,128.0,128,146,18,5.4,0.9,0.09999999999999998,2,18,1,9,1,30,134.73333333333332,128.0,128,163,35,11.38107591086576,0.6333333333333333,0.3666666666666667,4.896551724137931,31,13,13,1,1,79,"[""d45635ecaac2df5b04568d316fb5cb3b496066b7b1122060427f8aa9c282dd17""]",1,1,14,"[""4373684404762744a381ec5829df4991fb636d1195d1654cc7aae4e61f36b3c3""]",5.0,-0.10886687485196514,0.9940563382223195
vendor_session_start,6,2026-09-28,2026-09-27T20:36:00Z,Core,Sleep,0,128,observedRawSignal,47A03475-D15D-534A-8EED-0FF3BB6C70D8,0107,1,128,1,0,-18,18,1,3,134,128,128,146,18,8.48528137423857,0.6666666666666666,0.33333333333333337,18,18,2,1,1,5,131.6,128,128,146,18,7.2,0.8,0.19999999999999996,9,18,2,3,1,10,129.8,128.0,128,146,18,5.4,0.9,0.09999999999999998,4,18,2,8,1,30,134.46666666666667,128.0,128,163,35,11.441833574893298,0.6666666666666666,0.33333333333333337,5.275862068965517,31,13,13,0,0,,[],0,0,,[],6.0,-0.10452846326765342,0.9945218953682733
vendor_session_start,7,2026-09-28,2026-09-27T20:37:00Z,Core,Sleep,0,128,observedRawSignal,47A03475-D15D-534A-8EED-0FF3BB6C70D8,0107,1,128,1,0,0,0,1,3,134,128,128,146,18,8.48528137423857,0.6666666666666666,0.33333333333333337,9,18,1,2,1,5,131.6,128,128,146,18,7.2,0.8,0.19999999999999996,9,18,2,2,1,10,129.8,128.0,128,146,18,5.4,0.9,0.09999999999999998,4,18,2,7,1,30,134.43333333333334,128.0,128,163,35,11.459154516028756,0.7,0.30000000000000004,5,31,12,13,0,0,,[],0,0,,[],7.0,-0.1001880616120765,0.9949685182509117
vendor_session_start,8,2026-09-28,2026-09-27T20:38:00Z,Core,Sleep,0,129,observedRawSignal,47A03475-D15D-534A-8EED-0FF3BB6C70D8,0107,1,129,0,1,1,1,1,3,128.33333333333334,128,128,129,1,0.4714045207910317,0.6666666666666666,0.33333333333333337,0.5,1,1,2,1,5,131.8,128,128,146,18,7.110555533852471,0.6,0.4,9.25,18,3,2,1,10,129.9,128.0,128,146,18,5.374941860150675,0.8,0.19999999999999996,4.111111111111111,18,3,6,1,30,134.16666666666666,128.0,128,163,35,11.489367065054347,0.7,0.30000000000000004,4.724137931034483,31,12,13,0,0,,[],0,0,,[],8.0,-0.09584575252022448,0.9953961983671787
vendor_session_start,9,2026-09-28,2026-09-27T20:39:00Z,Core,Sleep,0,128,observedRawSignal,47A03475-D15D-534A-8EED-0FF3BB6C70D8,0107,1,128,1,0,-1,1,1,3,128.33333333333334,128,128,129,1,0.4714045207910317,0.6666666666666666,0.33333333333333337,1,1,2,1,1,5,131.8,128,128,146,18,7.110555533852471,0.6,0.4,5,18,3,2,1,10,129.9,128.0,128,146,18,5.374941860150675,0.8,0.19999999999999996,4.222222222222222,18,4,5,1,30,134.16666666666666,128.0,128,163,35,11.489367065054347,0.7,0.30000000000000004,3.689655172413793,21,12,13,0,0,,[],0,0,,[],9.0,-0.09150161866340226,0.9958049275746618
vendor_session_start,10,2026-09-28,2026-09-27T20:40:00Z,Core,Sleep,0,128,observedRawSignal,47A03475-D15D-534A-8EED-0FF3BB6C70D8,0107,1,128,1,0,0,0,1,3,128.33333333333334,128,128,129,1,0.4714045207910317,0.6666666666666666,0.33333333333333337,0.5,1,1,2,1,5,128.2,128,128,129,1,0.4,0.8,0.19999999999999996,0.5,1,2,2,1,10,129.9,128.0,128,146,18,5.374941860150675,0.8,0.19999999999999996,4.222222222222222,18,4,4,1,30,133.13333333333333,128.0,128,163,35,10.566403782218853,0.7333333333333333,0.2666666666666667,3.6551724137931036,21,11,13,0,0,,[],0,0,,[],10.0,-0.08715574274765832,0.9961946980917455
vendor_session_start,11,2026-09-28,2026-09-27T20:41:00Z,Core,Sleep,0,128,observedRawSignal,47A03475-D15D-534A-8EED-0FF3BB6C70D8,0107,1,128,1,0,0,0,1,3,128,128,128,128,0,0.0,1.0,0.0,0,0,0,3,1,5,128.2,128,128,129,1,0.4,0.8,0.19999999999999996,0.5,1,2,3,1,10,129.9,128.0,128,146,18,5.374941860150675,0.8,0.19999999999999996,4.222222222222222,18,4,3,1,30,132.13333333333333,128.0,128,163,35,9.534964895349933,0.7666666666666667,0.23333333333333328,3.6206896551724137,21,10,13,0,0,,[],0,0,,[],11.0,-0.08280820751220387,0.9965655024977614
vendor_session_start,12,2026-09-28,2026-09-27T20:42:00Z,Core,Sleep,0,128,observedRawSignal,47A03475-D15D-534A-8EED-0FF3BB6C70D8,0107,1,128,1,0,0,0,1,3,128,128,128,128,0,0.0,1.0,0.0,0,0,0,3,1,5,128.2,128,128,129,1,0.4,0.8,0.19999999999999996,0.25,1,1,4,1,10,129.9,128.0,128,146,18,5.374941860150675,0.8,0.19999999999999996,4.222222222222222,18,4,4,1,30,131.1,128.0,128,163,35,8.14596014394047,0.8,0.19999999999999996,3.4827586206896552,21,9,13,0,0,,[],0,0,,[],12.0,-0.07845909572784562,0.996917333733128
vendor_session_start,13,2026-09-28,2026-09-27T20:43:00Z,Core,Sleep,0,128,observedRawSignal,47A03475-D15D-534A-8EED-0FF3BB6C70D8,0107,1,128,1,0,0,0,1,3,128,128,128,128,0,0.0,1.0,0.0,0,0,0,3,1,5,128,128,128,128,0,0.0,1.0,0.0,0,0,0,5,1,10,129.9,128.0,128,146,18,5.374941860150675,0.8,0.19999999999999996,4.222222222222222,18,4,5,1,30,129.93333333333334,128.0,128,151,23,5.6031737038535185,0.8333333333333334,0.16666666666666663,3.0689655172413794,21,8,13,0,0,,[],0,0,,[],13.0,-0.0741084901953993,0.9972501850994857
vendor_session_start,14,2026-09-28,2026-09-27T20:44:00Z,Core,Sleep,0,128,observedRawSignal,47A03475-D15D-534A-8EED-0FF3BB6C70D8,0107,1,128,1,0,0,0,1,3,128,128,128,128,0,0.0,1.0,0.0,0,0,0,3,1,5,128,128,128,128,0,0.0,1.0,0.0,0,0,0,5,1,10,129.9,128.0,128,146,18,5.374941860150675,0.8,0.19999999999999996,2.2222222222222223,18,3,6,1,30,129.16666666666666,128.0,128,146,18,4.017323597731316,0.8666666666666667,0.1333333333333333,2.3448275862068964,18,7,13,0,0,,[],0,0,,[],14.0,-0.06975647374412476,0.9975640502598243
vendor_session_start,15,2026-09-28,2026-09-27T20:45:00Z,Core,Sleep,0,128,observedRawSignal,47A03475-D15D-534A-8EED-0FF3BB6C70D8,0107,1,128,1,0,0,0,1,3,128,128,128,128,0,0.0,1.0,0.0,0,0,0,3,1,5,128,128,128,128,0,0.0,1.0,0.0,0,0,0,5,1,10,128.1,128.0,128,129,1,0.3,0.9,0.09999999999999998,0.2222222222222222,1,2,7,1,30,129.1,128.0,128,146,18,4.019535628237007,0.9,0.09999999999999998,2.2758620689655173,18,6,13,0,0,,[],0,0,,[],15.0,-0.06540312923014367,0.9978589232386035
vendor_session_start,16,2026-09-28,2026-09-27T20:46:00Z,REM,Sleep,0,128,observedRawSignal,47A03475-D15D-534A-8EED-0FF3BB6C70D8,0107,1,128,1,0,0,0,1,3,128,128,128,128,0,0.0,1.0,0.0,0,0,0,3,1,5,128,128,128,128,0,0.0,1.0,0.0,0,0,0,5,1,10,128.1,128.0,128,129,1,0.3,0.9,0.09999999999999998,0.2222222222222222,1,2,8,1,30,129.1,128.0,128,146,18,4.019535628237007,0.9,0.09999999999999998,2.2758620689655173,18,6,13,0,0,,[],0,0,,[],16.0,-0.061048539534856866,0.9981347984218669
vendor_session_start,17,2026-09-28,2026-09-27T20:47:00Z,REM,Sleep,0,128,observedRawSignal,47A03475-D15D-534A-8EED-0FF3BB6C70D8,0107,1,128,1,0,0,0,1,3,128,128,128,128,0,0.0,1.0,0.0,0,0,0,3,1,5,128,128,128,128,0,0.0,1.0,0.0,0,0,0,5,1,10,128.1,128.0,128,129,1,0.3,0.9,0.09999999999999998,0.1111111111111111,1,1,9,1,30,129.1,128.0,128,146,18,4.019535628237007,0.9,0.09999999999999998,2.2758620689655173,18,6,13,0,0,,[],0,0,,[],17.0,-0.05669278756337689,0.9983916705573489
vendor_session_start,18,2026-09-28,2026-09-27T20:48:00Z,REM,Sleep,0,128,observedRawSignal,47A03475-D15D-534A-8EED-0FF3BB6C70D8,0107,1,128,1,0,0,0,1,3,128,128,128,128,0,0.0,1.0,0.0,0,0,0,3,1,5,128,128,128,128,0,0.0,1.0,0.0,0,0,0,5,1,10,128,128.0,128,128,0,0.0,1.0,0.0,0,0,0,10,1,30,129.1,128.0,128,146,18,4.019535628237007,0.9,0.09999999999999998,2.2758620689655173,18,6,13,0,0,,[],0,0,,[],18.0,-0.05233595624294437,0.9986295347545738
vendor_session_start,19,2026-09-28,2026-09-27T20:49:00Z,REM,Sleep,0,128,observedRawSignal,47A03475-D15D-534A-8EED-0FF3BB6C70D8,0107,1,128,1,0,0,0,1,3,128,128,128,128,0,0.0,1.0,0.0,0,0,0,3,1,5,128,128,128,128,0,0.0,1.0,0.0,0,0,0,5,1,10,128,128.0,128,128,0,0.0,1.0,0.0,0,0,0,10,1,30,129.1,128.0,128,146,18,4.019535628237007,0.9,0.09999999999999998,2.2758620689655173,18,6,13,0,0,,[],0,0,,[],19.0,-0.04797812852134387,0.9988483864849507
vendor_session_start,20,2026-09-28,2026-09-27T20:50:00Z,REM,Sleep,0,128,observedRawSignal,47A03475-D15D-534A-8EED-0FF3BB6C70D8,0107,1,128,1,0,0,0,1,3,128,128,128,128,0,0.0,1.0,0.0,0,0,0,3,1,5,128,128,128,128,0,0.0,1.0,0.0,0,0,0,5,1,10,128,128.0,128,128,0,0.0,1.0,0.0,0,0,0,10,1,30,129.1,128.0,128,146,18,4.019535628237007,0.9,0.09999999999999998,1.793103448275862,18,5,13,0,0,,[],0,0,,[],20.0,-0.043619387365335306,0.9990482215818578
vendor_session_start,21,2026-09-28,2026-09-27T20:51:00Z,REM,Sleep,0,128,observedRawSignal,47A03475-D15D-534A-8EED-0FF3BB6C70D8,0107,1,128,1,0,0,0,1,3,128,128,128,128,0,0.0,1.0,0.0,0,0,0,3,1,5,128,128,128,128,0,0.0,1.0,0.0,0,0,0,5,1,10,128,128.0,128,128,0,0.0,1.0,0.0,0,0,0,10,1,30,128.63333333333333,128.0,128,146,18,3.2298950791352685,0.9333333333333333,0.06666666666666665,1.3103448275862069,18,4,13,0,0,,[],0,0,,[],21.0,-0.039259815759069075,0.9992290362407229
vendor_session_start,22,2026-09-28,2026-09-27T20:52:00Z,REM,Sleep,0,128,observedRawSignal,47A03475-D15D-534A-8EED-0FF3BB6C70D8,0107,1,128,1,0,0,0,1,3,128,128,128,128,0,0.0,1.0,0.0,0,0,0,3,1,5,128,128,128,128,0,0.0,1.0,0.0,0,0,0,5,1,10,128,128.0,128,128,0,0.0,1.0,0.0,0,0,0,10,1,30,128.63333333333333,128.0,128,146,18,3.2298950791352685,0.9333333333333333,0.06666666666666665,1.3103448275862069,18,4,14,0,0,,[],0,0,,[],22.0,-0.034899496702500823,0.9993908270190958
vendor_session_start,23,2026-09-28,2026-09-27T20:53:00Z,REM,Sleep,0,128,observedRawSignal,47A03475-D15D-534A-8EED-0FF3BB6C70D8,0107,1,128,1,0,0,0,1,3,128,128,128,128,0,0.0,1.0,0.0,0,0,0,3,1,5,128,128,128,128,0,0.0,1.0,0.0,0,0,0,5,1,10,128,128.0,128,128,0,0.0,1.0,0.0,0,0,0,10,1,30,128.63333333333333,128.0,128,146,18,3.2298950791352685,0.9333333333333333,0.06666666666666665,1.3103448275862069,18,4,15,0,0,,[],0,0,,[],23.0,-0.03053851320982367,0.9995335908367129
vendor_session_start,24,2026-09-28,2026-09-27T20:54:00Z,Core,Sleep,0,128,observedRawSignal,47A03475-D15D-534A-8EED-0FF3BB6C70D8,0107,1,128,1,0,0,0,1,3,128,128,128,128,0,0.0,1.0,0.0,0,0,0,3,1,5,128,128,128,128,0,0.0,1.0,0.0,0,0,0,5,1,10,128,128.0,128,128,0,0.0,1.0,0.0,0,0,0,10,1,30,128.63333333333333,128.0,128,146,18,3.2298950791352685,0.9333333333333333,0.06666666666666665,1.3103448275862069,18,4,16,0,0,,[],0,0,,[],24.0,-0.026176948307873545,0.9996573249755573
vendor_session_start,25,2026-09-28,2026-09-27T20:55:00Z,Core,Sleep,0,134,observedRawSignal,47A03475-D15D-534A-8EED-0FF3BB6C70D8,0107,1,134,0,6,6,6,1,3,130,128,128,134,6,2.8284271247461903,0.6666666666666666,0.33333333333333337,3,6,1,2,1,5,129.2,128,128,134,6,2.4,0.8,0.19999999999999996,1.5,6,1,4,1,10,128.6,128.0,128,134,6,1.8,0.9,0.09999999999999998,0.6666666666666666,6,1,9,1,30,128.83333333333334,128.0,128,146,18,3.3673266679799405,0.9,0.09999999999999998,1.5172413793103448,18,5,16,0,0,,[],0,0,,[],25.0,-0.0218148850345609,0.9997620270799091
vendor_session_start,26,2026-09-28,2026-09-27T20:56:00Z,Core,Sleep,0,128,observedRawSignal,47A03475-D15D-534A-8EED-0FF3BB6C70D8,0107,1,128,1,0,-6,6,1,3,130,128,128,134,6,2.8284271247461903,0.6666666666666666,0.33333333333333337,6,6,2,1,1,5,129.2,128,128,134,6,2.4,0.8,0.19999999999999996,3,6,2,3,1,10,128.6,128.0,128,134,6,1.8,0.9,0.09999999999999998,1.3333333333333333,6,2,8,1,30,128.83333333333334,128.0,128,146,18,3.3673266679799405,0.9,0.09999999999999998,1.7241379310344827,18,6,16,0,0,,[],0,0,,[],26.0,-0.01745240643728445,0.9998476951563913
vendor_session_start,27,2026-09-28,2026-09-27T20:57:00Z,Core,Sleep,0,128,observedRawSignal,47A03475-D15D-534A-8EED-0FF3BB6C70D8,0107,1,128,1,0,0,0,1,3,130,128,128,134,6,2.8284271247461903,0.6666666666666666,0.33333333333333337,3,6,1,2,1,5,129.2,128,128,134,6,2.4,0.8,0.19999999999999996,3,6,2,2,1,10,128.6,128.0,128,134,6,1.8,0.9,0.09999999999999998,1.3333333333333333,6,2,7,1,30,128.83333333333334,128.0,128,146,18,3.3673266679799405,0.9,0.09999999999999998,1.7241379310344827,18,6,16,0,0,,[],0,0,,[],27.0,-0.013089595571344759,0.999914327574007
vendor_session_start,28,2026-09-28,2026-09-27T20:58:00Z,Core,Sleep,0,128,observedRawSignal,47A03475-D15D-534A-8EED-0FF3BB6C70D8,0107,1,128,1,0,0,0,1,3,128,128,128,128,0,0.0,1.0,0.0,0,0,0,3,1,5,129.2,128,128,134,6,2.4,0.8,0.19999999999999996,3,6,2,3,1,10,128.6,128.0,128,134,6,1.8,0.9,0.09999999999999998,1.3333333333333333,6,2,6,1,30,128.83333333333334,128.0,128,146,18,3.3673266679799405,0.9,0.09999999999999998,1.7241379310344827,18,6,16,0,0,,[],0,0,,[],28.0,-0.008726535498373636,0.9999619230641713
vendor_session_start,29,2026-09-28,2026-09-27T20:59:00Z,Core,Sleep,0,128,observedRawSignal,47A03475-D15D-534A-8EED-0FF3BB6C70D8,0107,1,128,1,0,0,0,1,3,128,128,128,128,0,0.0,1.0,0.0,0,0,0,3,1,5,129.2,128,128,134,6,2.4,0.8,0.19999999999999996,1.5,6,1,4,1,10,128.6,128.0,128,134,6,1.8,0.9,0.09999999999999998,1.3333333333333333,6,2,5,1,30,128.83333333333334,128.0,128,146,18,3.3673266679799405,0.9,0.09999999999999998,1.7241379310344827,18,6,16,0,0,,[],0,0,,[],29.0,-0.004363309284747432,0.9999904807207345
vendor_session_start,30,2026-09-28,2026-09-27T21:00:00Z,Core,Sleep,0,128,observedRawSignal,48039CED-8E78-5011-88DA-FC702B0527EA,0000,1,128,1,0,0,0,1,3,128,128,128,128,0,0.0,1.0,0.0,0,0,0,3,1,5,128,128,128,128,0,0.0,1.0,0.0,0,0,0,5,1,10,128.6,128.0,128,134,6,1.8,0.9,0.09999999999999998,1.3333333333333333,6,2,5,1,30,128.83333333333334,128.0,128,146,18,3.3673266679799405,0.9,0.09999999999999998,1.7241379310344827,18,6,16,0,0,,[],0,0,,[],30.0,0.0,1.0
vendor_session_end,-30,2026-09-28,2026-09-28T05:05:00Z,REM,Sleep,0,128,observedRawSignal,98DB5C16-AC29-5FDB-BDD5-E996907D2BEF,0002,1,128,1,0,-1,1,1,3,128.33333333333334,128,128,129,1,0.4714045207910317,0.6666666666666666,0.33333333333333337,1,1,2,1,1,5,128.2,128,128,129,1,0.4,0.8,0.19999999999999996,0.5,1,2,3,1,10,130.9,128.0,128,156,28,8.371977066380438,0.8,0.19999999999999996,6.444444444444445,28,4,4,1,30,129.3,128.0,128,156,28,5.119570294468081,0.8666666666666667,0.1333333333333333,2.413793103448276,28,7,14,1,1,65,"[""a9694598cd5be74789c55e34f892d4a97fa1228834425e7fe804c9b11228bae6""]",1,1,12,"[""e0a0a254411c727eb2373075173cf3db2bfc1d7603041804db27a42dec4f7d8e""]",515.0,0.8549118706729467,-0.5187732581605212
vendor_session_end,-29,2026-09-28,2026-09-28T05:06:00Z,REM,Sleep,0,128,observedRawSignal,98DB5C16-AC29-5FDB-BDD5-E996907D2BEF,0002,1,128,1,0,0,0,1,3,128.33333333333334,128,128,129,1,0.4714045207910317,0.6666666666666666,0.33333333333333337,0.5,1,1,2,1,5,128.2,128,128,129,1,0.4,0.8,0.19999999999999996,0.5,1,2,2,1,10,130.9,128.0,128,156,28,8.371977066380438,0.8,0.19999999999999996,6.444444444444445,28,4,3,1,30,129.3,128.0,128,156,28,5.119570294468081,0.8666666666666667,0.1333333333333333,2.413793103448276,28,7,13,0,0,,[],0,0,,[],516.0,0.8526401643540923,-0.5224985647159488
vendor_session_end,-28,2026-09-28,2026-09-28T05:07:00Z,Core,Sleep,0,128,observedRawSignal,98DB5C16-AC29-5FDB-BDD5-E996907D2BEF,0002,1,128,1,0,0,0,1,3,128,128,128,128,0,0.0,1.0,0.0,0,0,0,3,1,5,128.2,128,128,129,1,0.4,0.8,0.19999999999999996,0.5,1,2,3,1,10,130.9,128.0,128,156,28,8.371977066380438,0.8,0.19999999999999996,6.444444444444445,28,4,3,1,30,129.3,128.0,128,156,28,5.119570294468081,0.8666666666666667,0.1333333333333333,2.413793103448276,28,7,12,0,0,,[],0,0,,[],517.0,0.8503522249955631,-0.5262139236518693
vendor_session_end,-27,2026-09-28,2026-09-28T05:08:00Z,Core,Sleep,0,133,observedRawSignal,98DB5C16-AC29-5FDB-BDD5-E996907D2BEF,0002,1,133,0,5,5,5,1,3,129.66666666666666,128,128,133,5,2.3570226039551585,0.6666666666666666,0.33333333333333337,2.5,5,1,2,1,5,129.2,128,128,133,5,1.9390719429665315,0.6,0.4,1.5,5,2,3,1,10,131.4,128.0,128,156,28,8.333066662399863,0.7,0.30000000000000004,7,28,5,3,1,30,129.46666666666667,128.0,128,156,28,5.155795013596082,0.8333333333333334,0.16666666666666663,2.586206896551724,28,8,11,0,0,,[],0,0,,[],518.0,0.8480480961564261,-0.5299192642332048
vendor_session_end,-26,2026-09-28,2026-09-28T05:09:00Z,Core,Sleep,0,128,observedRawSignal,98DB5C16-AC29-5FDB-BDD5-E996907D2BEF,0002,1,128,1,0,-5,5,1,3,129.66666666666666,128,128,133,5,2.3570226039551585,0.6666666666666666,0.33333333333333337,5,5,2,1,1,5,129,128,128,133,5,2.0,0.8,0.19999999999999996,2.5,5,2,3,1,10,131.4,128.0,128,156,28,8.333066662399863,0.7,0.30000000000000004,4.444444444444445,28,5,3,1,30,129.46666666666667,128.0,128,156,28,5.155795013596082,0.8333333333333334,0.16666666666666663,2.7586206896551726,28,9,10,0,0,,[],0,0,,[],519.0,0.8457278217039732,-0.5336145159156115
vendor_session_end,-25,2026-09-28,2026-09-28T05:10:00Z,Core,Sleep,0,130,observedRawSignal,98DB5C16-AC29-5FDB-BDD5-E996907D2BEF,0002,1,130,0,2,2,2,1,3,130.33333333333334,130,128,133,5,2.0548046676563256,0.3333333333333333,0.6666666666666667,3.5,5,2,1,1,5,129.4,128,128,133,5,1.9595917942265424,0.6,0.4,3,5,3,2,1,10,128.8,128.0,128,133,5,1.5362291495737217,0.7,0.30000000000000004,1.5555555555555556,5,5,3,1,30,129.53333333333333,128.0,128,156,28,5.149325737954005,0.8,0.19999999999999996,2.8275862068965516,28,10,9,0,0,,[],0,0,,[],520.0,0.8433914458128858,-0.5372996083468236
vendor_session_end,-24,2026-09-28,2026-09-28T05:11:00Z,Core,Sleep,0,134,observedRawSignal,98DB5C16-AC29-5FDB-BDD5-E996907D2BEF,0002,1,134,0,6,4,4,1,3,130.66666666666666,130,128,134,6,2.494438257849294,0.3333333333333333,0.6666666666666667,3,4,2,1,1,5,130.6,130,128,134,6,2.4979991993593593,0.4,0.6,4,5,4,1,1,10,129.4,128.0,128,134,6,2.1540659228538015,0.6,0.4,2,5,6,3,1,30,129.73333333333332,128.0,128,156,28,5.202136313306507,0.7666666666666667,0.23333333333333328,2.9655172413793105,28,11,8,0,0,,[],0,0,,[],521.0,0.8410390129643925,-0.5409744713679938
vendor_session_end,-23,2026-09-28,2026-09-28T05:12:00Z,REM,Sleep,0,128,observedRawSignal,98DB5C16-AC29-5FDB-BDD5-E996907D2BEF,0002,1,128,1,0,-6,6,1,3,130.66666666666666,130,128,134,6,2.494438257849294,0.3333333333333333,0.6666666666666667,5,6,2,1,1,5,130.6,130,128,134,6,2.4979991993593593,0.4,0.6,4.25,6,4,1,1,10,129.4,128.0,128,134,6,2.1540659228538015,0.6,0.4,2.6666666666666665,6,7,3,1,30,129.73333333333332,128.0,128,156,28,5.202136313306507,0.7666666666666667,0.23333333333333328,3.1724137931034484,28,12,8,0,0,,[],0,0,,[],522.0,0.838670567945424,-0.5446390350150272
vendor_session_end,-22,2026-09-28,2026-09-28T05:13:00Z,REM,Sleep,0,128,observedRawSignal,98DB5C16-AC29-5FDB-BDD5-E996907D2BEF,0002,1,128,1,0,0,0,1,3,130,128,128,134,6,2.8284271247461903,0.6666666666666666,0.33333333333333337,3,6,1,2,1,5,129.6,128,128,134,6,2.3323807579381204,0.6,0.4,3,6,3,2,1,10,129.4,128.0,128,134,6,2.1540659228538015,0.6,0.4,2.5555555555555554,6,6,3,1,30,129.73333333333332,128.0,128,156,28,5.202136313306507,0.7666666666666667,0.23333333333333328,3.1724137931034484,28,12,8,0,0,,[],0,0,,[],523.0,0.8362861558477593,-0.548293229519914
vendor_session_end,-21,2026-09-28,2026-09-28T05:14:00Z,REM,Sleep,0,128,observedRawSignal,98DB5C16-AC29-5FDB-BDD5-E996907D2BEF,0002,1,128,1,0,0,0,1,3,128,128,128,128,0,0.0,1.0,0.0,0,0,0,3,1,5,129.6,128,128,134,6,2.3323807579381204,0.6,0.4,2.5,6,2,3,1,10,129.3,128.0,128,134,6,2.193171219946131,0.7,0.30000000000000004,2.4444444444444446,6,5,3,1,30,129.73333333333332,128.0,128,156,28,5.202136313306507,0.7666666666666667,0.23333333333333328,3.1724137931034484,28,12,8,0,0,,[],0,0,,[],524.0,0.8338858220671682,-0.5519369853120581
vendor_session_end,-20,2026-09-28,2026-09-28T05:15:00Z,REM,Sleep,0,128,observedRawSignal,98DB5C16-AC29-5FDB-BDD5-E996907D2BEF,0002,1,128,1,0,0,0,1,3,128,128,128,128,0,0.0,1.0,0.0,0,0,0,3,1,5,129.2,128,128,134,6,2.4,0.8,0.19999999999999996,1.5,6,1,4,1,10,129.3,128.0,128,134,6,2.193171219946131,0.7,0.30000000000000004,2.4444444444444446,6,5,4,1,30,129.73333333333332,128.0,128,156,28,5.202136313306507,0.7666666666666667,0.23333333333333328,3.1724137931034484,28,12,8,0,0,,[],0,0,,[],525.0,0.8314696123025451,-0.5555702330196024
vendor_session_end,-19,2026-09-28,2026-09-28T05:16:00Z,REM,Sleep,0,128,observedRawSignal,98DB5C16-AC29-5FDB-BDD5-E996907D2BEF,0002,1,128,1,0,0,0,1,3,128,128,128,128,0,0.0,1.0,0.0,0,0,0,3,1,5,128,128,128,128,0,0.0,1.0,0.0,0,0,0,5,1,10,129.3,128.0,128,134,6,2.193171219946131,0.7,0.30000000000000004,2.4444444444444446,6,5,5,1,30,129.73333333333332,128.0,128,156,28,5.202136313306507,0.7666666666666667,0.23333333333333328,3.1724137931034484,28,12,8,0,0,,[],0,0,,[],526.0,0.8290375725550417,-0.5591929034707467
vendor_session_end,-18,2026-09-28,2026-09-28T05:17:00Z,Core,Sleep,0,128,observedRawSignal,98DB5C16-AC29-5FDB-BDD5-E996907D2BEF,0002,1,128,1,0,0,0,1,3,128,128,128,128,0,0.0,1.0,0.0,0,0,0,3,1,5,128,128,128,128,0,0.0,1.0,0.0,0,0,0,5,1,10,129.3,128.0,128,134,6,2.193171219946131,0.7,0.30000000000000004,1.8888888888888888,6,4,6,1,30,129.73333333333332,128.0,128,156,28,5.202136313306507,0.7666666666666667,0.23333333333333328,3.1724137931034484,28,12,8,0,0,,[],0,0,,[],527.0,0.8265897491271886,-0.5628049276950686
vendor_session_end,-17,2026-09-28,2026-09-28T05:18:00Z,Core,Sleep,0,128,observedRawSignal,98DB5C16-AC29-5FDB-BDD5-E996907D2BEF,0002,1,128,1,0,0,0,1,3,128,128,128,128,0,0.0,1.0,0.0,0,0,0,3,1,5,128,128,128,128,0,0.0,1.0,0.0,0,0,0,5,1,10,128.8,128.0,128,134,6,1.833030277982336,0.8,0.19999999999999996,1.3333333333333333,6,3,7,1,30,129.73333333333332,128.0,128,156,28,5.202136313306507,0.7666666666666667,0.23333333333333328,3.1724137931034484,28,12,8,0,0,,[],0,0,,[],528.0,0.8241261886220158,-0.5664062369248326
vendor_session_end,-16,2026-09-28,2026-09-28T05:19:00Z,Core,Sleep,0,128,observedRawSignal,98DB5C16-AC29-5FDB-BDD5-E996907D2BEF,0002,1,128,1,0,0,0,1,3,128,128,128,128,0,0.0,1.0,0.0,0,0,0,3,1,5,128,128,128,128,0,0.0,1.0,0.0,0,0,0,5,1,10,128.8,128.0,128,134,6,1.833030277982336,0.8,0.19999999999999996,1.1111111111111112,6,2,8,1,30,129.73333333333332,128.0,128,156,28,5.202136313306507,0.7666666666666667,0.23333333333333328,3.0344827586206895,28,11,8,0,0,,[],0,0,,[],529.0,0.8216469379421637,-0.569996762596303
vendor_session_end,-15,2026-09-28,2026-09-28T05:20:00Z,Core,Sleep,0,128,observedRawSignal,98DB5C16-AC29-5FDB-BDD5-E996907D2BEF,0002,1,128,1,0,0,0,1,3,128,128,128,128,0,0.0,1.0,0.0,0,0,0,3,1,5,128,128,128,128,0,0.0,1.0,0.0,0,0,0,5,1,10,128.6,128.0,128,134,6,1.8,0.9,0.09999999999999998,0.6666666666666666,6,1,9,1,30,129.6,128.0,128,156,28,5.193585787616619,0.8,0.19999999999999996,2.9655172413793105,28,10,9,0,0,,[],0,0,,[],530.0,0.819152044288992,-0.5735764363510458
vendor_session_end,-14,2026-09-28,2026-09-28T05:21:00Z,Core,Sleep,0,134,observedRawSignal,98DB5C16-AC29-5FDB-BDD5-E996907D2BEF,0002,1,134,0,6,6,6,1,3,130,128,128,134,6,2.8284271247461903,0.6666666666666666,0.33333333333333337,3,6,1,2,1,5,129.2,128,128,134,6,2.4,0.8,0.19999999999999996,1.5,6,1,4,1,10,128.6,128.0,128,134,6,1.8,0.9,0.09999999999999998,0.6666666666666666,6,1,9,1,30,129.6,128.0,128,156,28,5.193585787616619,0.8,0.19999999999999996,2.9655172413793105,28,10,9,0,0,,[],0,0,,[],531.0,0.816641555161679,-0.5771451900372335
vendor_session_end,-13,2026-09-28,2026-09-28T05:22:00Z,Core,Sleep,0,128,observedRawSignal,98DB5C16-AC29-5FDB-BDD5-E996907D2BEF,0002,1,128,1,0,-6,6,1,3,130,128,128,134,6,2.8284271247461903,0.6666666666666666,0.33333333333333337,6,6,2,1,1,5,129.2,128,128,134,6,2.4,0.8,0.19999999999999996,3,6,2,3,1,10,128.6,128.0,128,134,6,1.8,0.9,0.09999999999999998,1.3333333333333333,6,2,8,1,30,129.6,128.0,128,156,28,5.193585787616619,0.8,0.19999999999999996,3.1724137931034484,28,11,9,0,0,,[],0,0,,[],532.0,0.8141155183563192,-0.5807029557109398
vendor_session_end,-12,2026-09-28,2026-09-28T05:23:00Z,Core,Sleep,0,143,observedRawSignal,98DB5C16-AC29-5FDB-BDD5-E996907D2BEF,0002,1,143,0,15,15,15,1,3,135,134,128,143,15,6.164414002968976,0.3333333333333333,0.6666666666666667,10.5,15,2,1,1,5,132.2,128,128,143,15,5.878775382679628,0.6,0.4,6.75,15,3,2,1,10,130.1,128.0,128,143,15,4.657252408878007,0.8,0.19999999999999996,3,15,3,7,1,30,130.1,128.0,128,156,28,5.711683931498078,0.7666666666666667,0.23333333333333328,3.689655172413793,28,12,9,0,0,,[],0,0,,[],533.0,0.8115739819650124,-0.5842496656374342
vendor_session_end,-11,2026-09-28,2026-09-28T05:24:00Z,Core,Sleep,0,128,observedRawSignal,98DB5C16-AC29-5FDB-BDD5-E996907D2BEF,0002,1,128,1,0,-15,15,1,3,133,128,128,143,15,7.0710678118654755,0.6666666666666666,0.33333333333333337,15,15,2,1,1,5,132.2,128,128,143,15,5.878775382679628,0.6,0.4,10.5,15,4,1,1,10,130.1,128.0,128,143,15,4.657252408878007,0.8,0.19999999999999996,4.666666666666667,15,4,6,1,30,130.1,128.0,128,156,28,5.711683931498078,0.7666666666666667,0.23333333333333328,4.206896551724138,28,13,9,0,0,,[],0,0,,[],534.0,0.8090169943749475,-0.587785252292473
vendor_session_end,-10,2026-09-28,2026-09-28T05:25:00Z,Core,Sleep,0,128,observedRawSignal,98DB5C16-AC29-5FDB-BDD5-E996907D2BEF,0002,1,128,1,0,0,0,1,3,133,128,128,143,15,7.0710678118654755,0.6666666666666666,0.33333333333333337,7.5,15,1,2,1,5,132.2,128,128,143,15,5.878775382679628,0.6,0.4,9,15,3,2,1,10,130.1,128.0,128,143,15,4.657252408878007,0.8,0.19999999999999996,4.666666666666667,15,4,5,1,30,130.1,128.0,128,156,28,5.711683931498078,0.7666666666666667,0.23333333333333328,4.206896551724138,28,13,9,0,0,,[],0,0,,[],535.0,0.8064446042674828,-0.5913096483635821
vendor_session_end,-9,2026-09-28,2026-09-28T05:26:00Z,Core,Sleep,0,128,observedRawSignal,98DB5C16-AC29-5FDB-BDD5-E996907D2BEF,0002,1,128,1,0,0,0,1,3,128,128,128,128,0,0.0,1.0,0.0,0,0,0,3,1,5,131,128,128,143,15,6.0,0.8,0.19999999999999996,7.5,15,2,3,1,10,130.1,128.0,128,143,15,4.657252408878007,0.8,0.19999999999999996,4.666666666666667,15,4,4,1,30,130.1,128.0,128,156,28,5.711683931498078,0.7666666666666667,0.23333333333333328,4.206896551724138,28,13,9,0,0,,[],0,0,,[],536.0,0.8038568606172174,-0.5948227867513411
vendor_session_end,-8,2026-09-28,2026-09-28T05:27:00Z,Core,Sleep,0,128,observedRawSignal,98DB5C16-AC29-5FDB-BDD5-E996907D2BEF,0002,1,128,1,0,0,0,1,3,128,128,128,128,0,0.0,1.0,0.0,0,0,0,3,1,5,131,128,128,143,15,6.0,0.8,0.19999999999999996,3.75,15,1,4,1,10,130.1,128.0,128,143,15,4.657252408878007,0.8,0.19999999999999996,4.666666666666667,15,4,4,1,30,130.1,128.0,128,156,28,5.711683931498078,0.7666666666666667,0.23333333333333328,4.206896551724138,28,13,9,0,0,,[],0,0,,[],537.0,0.8012538126910607,-0.5983246005706591
vendor_session_end,-7,2026-09-28,2026-09-28T05:28:00Z,Core,Sleep,0,128,observedRawSignal,98DB5C16-AC29-5FDB-BDD5-E996907D2BEF,0002,1,128,1,0,0,0,1,3,128,128,128,128,0,0.0,1.0,0.0,0,0,0,3,1,5,128,128,128,128,0,0.0,1.0,0.0,0,0,0,5,1,10,130.1,128.0,128,143,15,4.657252408878007,0.8,0.19999999999999996,4.666666666666667,15,4,5,1,30,130.1,128.0,128,156,28,5.711683931498078,0.7666666666666667,0.23333333333333328,4.206896551724138,28,13,9,0,0,,[],0,0,,[],538.0,0.7986355100472927,-0.6018150231520484
vendor_session_end,-6,2026-09-28,2026-09-28T05:29:00Z,Core,Sleep,0,128,observedRawSignal,98DB5C16-AC29-5FDB-BDD5-E996907D2BEF,0002,1,128,1,0,0,0,1,3,128,128,128,128,0,0.0,1.0,0.0,0,0,0,3,1,5,128,128,128,128,0,0.0,1.0,0.0,0,0,0,5,1,10,130.1,128.0,128,143,15,4.657252408878007,0.8,0.19999999999999996,4.666666666666667,15,4,6,1,30,130.1,128.0,128,156,28,5.711683931498078,0.7666666666666667,0.23333333333333328,3.2413793103448274,28,12,9,0,0,,[],0,0,,[],539.0,0.7960020025346222,-0.6052939880428942
vendor_session_end,-5,2026-09-28,2026-09-28T05:30:00Z,Core,Sleep,0,153,observedRawSignal,98DB5C16-AC29-5FDB-BDD5-E996907D2BEF,0002,1,153,0,25,25,25,1,3,136.33333333333334,128,128,153,25,11.785113019775793,0.6666666666666666,0.33333333333333337,12.5,25,1,2,1,5,133,128,128,153,25,10.0,0.8,0.19999999999999996,6.25,25,1,4,1,10,132.6,128.0,128,153,25,8.212186067059124,0.7,0.30000000000000004,6.777777777777778,25,4,6,1,30,130,128.0,128,153,25,5.266244708835067,0.7666666666666667,0.23333333333333328,3.1379310344827585,25,12,9,0,0,,[],0,0,,[],540.0,0.7933533402912352,-0.6087614290087207
vendor_session_end,-4,2026-09-28,2026-09-28T05:31:00Z,Core,Sleep,0,130,observedRawSignal,98DB5C16-AC29-5FDB-BDD5-E996907D2BEF,0002,1,130,0,2,-23,23,1,3,137,130,128,153,25,11.343133018115703,0.3333333333333333,0.6666666666666667,24,25,2,1,1,5,133.4,128,128,153,25,9.830564581955606,0.6,0.4,12,25,2,3,1,10,132.2,128.0,128,153,25,8.23164625090267,0.7,0.30000000000000004,8.666666666666666,25,4,6,1,30,130.06666666666666,128.0,128,153,25,5.25314720482451,0.7333333333333333,0.2666666666666667,3.9310344827586206,25,13,9,0,0,,[],0,0,,[],541.0,0.7906895737438435,-0.6122172800344491
vendor_session_end,-3,2026-09-28,2026-09-28T05:32:00Z,Core,Sleep,0,136,observedRawSignal,98DB5C16-AC29-5FDB-BDD5-E996907D2BEF,0002,1,136,0,8,6,6,1,3,139.66666666666666,136,130,153,23,9.741092797468305,0.0,1.0,14.5,23,2,0,1,5,135,130,128,153,25,9.465727652959385,0.4,0.6,13.5,25,3,2,1,10,133,128.0,128,153,25,8.17312669668102,0.6,0.4,7.666666666666667,25,4,6,1,30,130.33333333333334,128.0,128,153,25,5.343739847293799,0.7,0.30000000000000004,4.137931034482759,25,14,9,0,0,,[],0,0,,[],542.0,0.788010753606722,-0.6156614753256583
vendor_session_end,-2,2026-09-28,2026-09-28T05:33:00Z,Core,Sleep,0,129,observedRawSignal,98DB5C16-AC29-5FDB-BDD5-E996907D2BEF,0002,1,129,0,1,-7,7,1,3,131.66666666666666,130,129,136,7,3.0912061651652345,0.0,1.0,6.5,7,2,0,1,5,135.2,130,128,153,25,9.325234581499814,0.2,0.8,15.25,25,4,1,1,10,131.6,128.0,128,153,25,7.51265598839718,0.6,0.4,6.777777777777778,25,4,6,1,30,130.36666666666667,128.0,128,153,25,5.332187376885983,0.6666666666666666,0.33333333333333337,4.344827586206897,25,14,9,0,0,,[],0,0,,[],543.0,0.7853169308807448,-0.6190939493098341
vendor_session_end,-1,2026-09-28,2026-09-28T05:34:00Z,Core,Sleep,0,132,observedRawSignal,98DB5C16-AC29-5FDB-BDD5-E996907D2BEF,0002,1,132,0,4,3,3,1,3,132.33333333333334,132,129,136,7,2.8674417556808756,0.0,1.0,5,7,2,0,1,5,136,132,129,153,24,8.831760866327848,0.0,1.0,9.75,23,4,0,1,10,132,128.5,128,153,25,7.416198487095663,0.5,0.5,7.111111111111111,25,5,5,1,30,130.46666666666667,128.0,128,153,25,5.333749983725229,0.6666666666666666,0.33333333333333337,4.413793103448276,25,14,9,0,0,,[],0,0,,[],544.0,0.782608156852414,-0.6225146366376194
vendor_session_end,0,2026-09-28,2026-09-28T05:35:00Z,,,,129,observedRawSignal,98DB5C16-AC29-5FDB-BDD5-E996907D2BEF,0002,1,129,0,1,-3,3,1,3,130,129,129,132,3,1.4142135623730951,0.0,1.0,3,3,2,0,1,5,131.2,130,129,136,7,2.6381811916545836,0.0,1.0,4.75,7,4,0,1,10,132.1,129.0,128,153,25,7.368174807915458,0.4,0.6,7.444444444444445,25,6,4,1,30,130.5,128.0,128,153,25,5.3213406831988,0.6333333333333333,0.3666666666666667,4.517241379310345,25,15,9,0,0,,[],0,0,,[],545.0,0.7798844830928817,-0.6259234721840591
vendor_session_end,1,2026-09-28,2026-09-28T05:36:00Z,,,,130,observedRawSignal,98DB5C16-AC29-5FDB-BDD5-E996907D2BEF,0002,1,130,0,2,1,1,1,3,130.33333333333334,130,129,132,3,1.247219128924647,0.0,1.0,2,3,2,0,1,5,131.2,130,129,136,7,2.6381811916545836,0.0,1.0,3.5,7,4,0,1,10,132.3,129.5,128,153,25,7.280796659706958,0.3,0.7,7.555555555555555,25,7,3,1,30,130.56666666666666,128.0,128,153,25,5.30209602159582,0.6,0.4,4.551724137931035,25,16,9,0,0,,[],0,0,,[],546.0,0.777145961456971,-0.6293203910498373
vendor_session_end,2,2026-09-28,2026-09-28T05:37:00Z,,,,133,observedRawSignal,98DB5C16-AC29-5FDB-BDD5-E996907D2BEF,0002,1,133,0,5,3,3,1,3,130.66666666666666,130,129,133,4,1.699673171197595,0.0,1.0,2,3,2,0,1,5,130.6,130,129,133,4,1.624807680927192,0.0,1.0,2.5,3,4,0,1,10,132.8,130.0,128,153,25,7.138627319029899,0.2,0.8,7.888888888888889,25,8,2,1,30,130.73333333333332,128.0,128,153,25,5.2973788067517145,0.5666666666666667,0.43333333333333335,4.482758620689655,25,16,9,0,0,,[],0,0,,[],547.0,0.7743926440821857,-0.632705328562516
vendor_session_end,3,2026-09-28,2026-09-28T05:38:00Z,,,,135,observedRawSignal,98DB5C16-AC29-5FDB-BDD5-E996907D2BEF,0002,1,135,0,7,2,2,1,3,132.66666666666666,133,130,135,5,2.0548046676563256,0.0,1.0,2.5,3,2,0,1,5,131.8,132,129,135,6,2.1354156504062622,0.0,1.0,2.25,3,4,0,1,10,133.5,131.0,128,153,25,6.974955196988724,0.1,0.9,8.11111111111111,25,9,1,1,30,130.8,128.0,128,153,25,5.337914698956263,0.5666666666666667,0.43333333333333335,4.379310344827586,25,16,9,0,0,,[],0,0,,[],548.0,0.7716245833877202,-0.6360782202777637
vendor_session_end,4,2026-09-28,2026-09-28T05:39:00Z,,,,145,observedRawSignal,98DB5C16-AC29-5FDB-BDD5-E996907D2BEF,0002,1,145,0,17,10,10,1,3,137.66666666666666,135,133,145,12,5.2493385826745405,0.0,1.0,6,10,2,0,1,5,134.4,133,129,145,16,5.71314274283428,0.0,1.0,4,10,4,0,1,10,135.2,132.5,129,153,24,7.4806416837060175,0.0,1.0,6.444444444444445,23,9,0,1,30,131.36666666666667,128.0,128,153,25,5.884914801611169,0.5333333333333333,0.4666666666666667,4.655172413793103,25,16,9,0,0,,[],0,0,,[],549.0,0.7688418320734596,-0.6394390019805847
vendor_session_end,5,2026-09-28,2026-09-28T05:40:00Z,,,,154,observedRawSignal,98DB5C16-AC29-5FDB-BDD5-E996907D2BEF,0002,1,154,0,26,9,9,1,3,144.66666666666666,145,135,154,19,7.760297817881877,0.0,1.0,9.5,10,2,0,1,5,139.4,135,130,154,24,8.867919710958146,0.0,1.0,6,10,4,0,1,10,135.3,132.5,129,154,25,7.7207512587830465,0.0,1.0,4.888888888888889,10,9,0,1,30,132.16666666666666,128.0,128,154,26,7.14181738464066,0.5333333333333333,0.4666666666666667,4.827586206896552,25,16,9,0,0,,[],0,0,,[],550.0,0.766044443118978,-0.6427876096865394
vendor_session_end,6,2026-09-28,2026-09-28T05:41:00Z,,,,141,observedRawSignal,98DB5C16-AC29-5FDB-BDD5-E996907D2BEF,0002,1,141,0,13,-13,13,1,3,146.66666666666666,145,141,154,13,5.436502143433364,0.0,1.0,11,13,2,0,1,5,141.6,141,133,154,21,7.525955088890711,0.0,1.0,8.5,13,4,0,1,10,136.4,134.0,129,154,25,7.6707235643060425,0.0,1.0,5.666666666666667,13,9,0,1,30,132.4,128.0,128,154,26,7.310266752998826,0.5333333333333333,0.4666666666666667,5.068965517241379,25,16,9,0,0,,[],0,0,,[],551.0,0.763232469782529,-0.6461239796429636
vendor_session_end,7,2026-09-28,2026-09-28T05:42:00Z,,,,144,observedRawSignal,98DB5C16-AC29-5FDB-BDD5-E996907D2BEF,0002,1,144,0,16,3,3,1,3,146.33333333333334,144,141,154,13,5.557777333511022,0.0,1.0,8,13,2,0,1,5,143.8,144,135,154,19,6.1773780845922,0.0,1.0,8.75,13,4,0,1,10,137.2,134.0,129,154,25,7.997499609252882,0.0,1.0,5.222222222222222,13,9,0,1,30,132.93333333333334,128.5,128,154,26,7.549540089009102,0.5,0.5,5.172413793103448,25,17,8,0,0,,[],0,0,,[],552.0,0.760405965600031,-0.6494480483301835
vendor_session_end,8,2026-09-28,2026-09-28T05:43:00Z,,,,141,observedRawSignal,98DB5C16-AC29-5FDB-BDD5-E996907D2BEF,0002,1,141,0,13,-3,3,1,3,142,141,141,144,3,1.4142135623730951,0.0,1.0,3,3,2,0,1,5,145,144,141,154,13,4.774934554525329,0.0,1.0,7,13,4,0,1,10,138.4,138.0,129,154,25,7.565712127751095,0.0,1.0,5.222222222222222,13,9,0,1,30,133.36666666666667,129.0,128,154,26,7.626634615317267,0.4666666666666667,0.5333333333333333,5.275862068965517,25,18,7,0,0,,[],0,0,,[],553.0,0.7575649843840495,-0.6527597524627226
vendor_session_end,9,2026-09-28,2026-09-28T05:44:00Z,,,,148,observedRawSignal,98DB5C16-AC29-5FDB-BDD5-E996907D2BEF,0002,1,148,0,20,7,7,1,3,144.33333333333334,144,141,148,7,2.8674417556808756,0.0,1.0,5,7,2,0,1,5,145.6,144,141,154,13,4.923413450036469,0.0,1.0,6.5,13,4,0,1,10,140,141.0,129,154,25,7.733045971672482,0.0,1.0,5.666666666666667,13,9,0,1,30,134.03333333333333,129.5,128,154,26,7.993678057620841,0.43333333333333335,0.5666666666666667,5.517241379310345,25,19,6,0,0,,[],0,0,,[],554.0,0.7547095802227719,-0.6560590289905075
vendor_session_end,10,2026-09-28,2026-09-28T05:45:00Z,,,,147,observedRawSignal,98DB5C16-AC29-5FDB-BDD5-E996907D2BEF,0002,1,147,0,19,-1,1,1,3,145.33333333333334,147,141,148,7,3.0912061651652345,0.0,1.0,4,7,2,0,1,5,144.2,144,141,148,7,2.9257477676655586,0.0,1.0,3.5,7,4,0,1,10,141.8,142.5,130,154,24,7.025667228100119,0.0,1.0,5.666666666666667,13,9,0,1,30,134.66666666666666,130.0,128,154,26,8.239471396205516,0.4,0.6,5.551724137931035,25,20,6,0,0,,[],0,0,,[],555.0,0.7518398074789774,-0.6593458151000688
vendor_session_end,11,2026-09-28,2026-09-28T05:46:00Z,,,,146,observedRawSignal,98DB5C16-AC29-5FDB-BDD5-E996907D2BEF,0002,1,146,0,18,-1,1,1,3,147,147,146,148,2,0.816496580927726,0.0,1.0,1,1,2,0,1,5,145.2,146,141,148,7,2.4819347291981715,0.0,1.0,3,7,4,0,1,10,143.4,144.5,133,154,21,5.885575587824865,0.0,1.0,5.444444444444445,13,9,0,1,30,135.26666666666668,131.0,128,154,26,8.38623210320874,0.36666666666666664,0.6333333333333333,5.586206896551724,25,21,6,0,0,,[],0,0,,[],556.0,0.748955720789002,-0.6626200482157376
vendor_session_end,12,2026-09-28,2026-09-28T05:47:00Z,,,,154,observedRawSignal,98DB5C16-AC29-5FDB-BDD5-E996907D2BEF,0002,1,154,0,26,8,8,1,3,149,147,146,154,8,3.559026084010437,0.0,1.0,4.5,8,2,0,1,5,147.2,147,141,154,13,4.166533331199932,0.0,1.0,4.25,8,4,0,1,10,145.5,145.5,135,154,19,5.5362442142665635,0.0,1.0,6.111111111111111,13,9,0,1,30,136.13333333333333,132.5,128,154,26,8.917149519636617,0.3333333333333333,0.6666666666666667,5.862068965517241,25,22,6,0,0,,[],0,0,,[],557.0,0.7460573750616996,-0.6658816660008342
vendor_session_end,13,2026-09-28,2026-09-28T05:48:00Z,,,,148,observedRawSignal,98DB5C16-AC29-5FDB-BDD5-E996907D2BEF,0002,1,148,0,20,-6,6,1,3,149.33333333333334,148,146,154,8,3.39934634239519,0.0,1.0,7,8,2,0,1,5,148.6,148,146,154,8,2.8,0.0,1.0,4,8,4,0,1,10,146.8,146.5,141,154,13,4.308131845707603,0.0,1.0,5.666666666666667,13,9,0,1,30,136.8,133.5,128,154,26,9.03105752390051,0.3,0.7,6.068965517241379,25,23,6,0,0,,[],0,0,,[],558.0,0.7431448254773942,-0.6691306063588582
vendor_session_end,14,2026-09-28,2026-09-28T05:49:00Z,,,,128,observedRawSignal,98DB5C16-AC29-5FDB-BDD5-E996907D2BEF,0002,1,128,1,0,-20,20,1,3,143.33333333333334,148,128,154,26,11.115554667022044,0.3333333333333333,0.6666666666666667,13,20,2,1,1,5,144.6,147,128,154,26,8.754427451295715,0.2,0.8,8.75,20,4,1,1,10,145.1,146.5,128,154,26,7.119691004531025,0.1,0.9,6.888888888888889,20,9,1,1,30,136.8,133.5,128,154,26,9.03105752390051,0.3,0.7,6.758620689655173,25,24,6,0,0,,[],0,0,,[],559.0,0.7402181274868322,-0.6723668074346679
vendor_session_end,15,2026-09-28,2026-09-28T05:50:00Z,,,,0,zeroUninterpreted,98DB5C16-AC29-5FDB-BDD5-E996907D2BEF,0002,0,,,,,,0,2,,,,,,,,,,,,,0,4,,,,,,,,,,,,,0,9,,,,,,,,,,,,,0,29,,,,,,,,,,,,,0,0,,[],0,0,,[],560.0,0.7372773368101241,-0.6755902076156602
vendor_session_end,16,2026-09-28,2026-09-28T05:51:00Z,,,,0,zeroUninterpreted,98DB5C16-AC29-5FDB-BDD5-E996907D2BEF,0002,0,,,,,,0,1,,,,,,,,,,,,,0,3,,,,,,,,,,,,,0,8,,,,,,,,,,,,,0,28,,,,,,,,,,,,,0,0,,[],0,0,,[],561.0,0.7343225094356858,-0.6788007455329416
vendor_session_end,17,2026-09-28,2026-09-28T05:52:00Z,,,,0,zeroUninterpreted,98DB5C16-AC29-5FDB-BDD5-E996907D2BEF,0002,0,,,,,,0,0,,,,,,,,,,,,,0,2,,,,,,,,,,,,,0,7,,,,,,,,,,,,,0,27,,,,,,,,,,,,,0,0,,[],0,0,,[],562.0,0.7313537016191706,-0.6819983600624984
vendor_session_end,18,2026-09-28,2026-09-28T05:53:00Z,,,,0,zeroUninterpreted,98DB5C16-AC29-5FDB-BDD5-E996907D2BEF,0002,0,,,,,,0,0,,,,,,,,,,,,,0,1,,,,,,,,,,,,,0,6,,,,,,,,,,,,,0,26,,,,,,,,,,,,,0,0,,[],0,0,,[],563.0,0.7283709698824006,-0.6851829903263589
vendor_session_end,19,2026-09-28,2026-09-28T05:54:00Z,,,,0,zeroUninterpreted,98DB5C16-AC29-5FDB-BDD5-E996907D2BEF,0002,0,,,,,,0,0,,,,,,,,,,,,,0,0,,,,,,,,,,,,,0,5,,,,,,,,,,,,,0,25,,,,,,,,,,,,,0,0,,[],0,0,,[],564.0,0.7253743710122877,-0.6883545756937538
vendor_session_end,20,2026-09-28,2026-09-28T05:55:00Z,,,,4,observedRawSignal,98DB5C16-AC29-5FDB-BDD5-E996907D2BEF,0002,1,4,0,124,,,0,1,,,,,,,,,,,,,0,1,,,,,,,,,,,,,0,5,,,,,,,,,,,,,0,25,,,,,,,,,,,,,0,0,,[],0,0,,[],565.0,0.7223639620597556,-0.6915130557822693
vendor_session_end,21,2026-09-28,2026-09-28T05:56:00Z,,,,2,observedRawSignal,98DB5C16-AC29-5FDB-BDD5-E996907D2BEF,0002,1,2,0,126,-2,2,0,2,,,,,,,,,,,,,0,2,,,,,,,,,,,,,0,5,,,,,,,,,,,,,0,25,,,,,,,,,,,,,0,0,,[],0,0,,[],566.0,0.7193398003386514,-0.694658370458997
vendor_session_end,22,2026-09-28,2026-09-28T05:57:00Z,,,,0,zeroUninterpreted,98DB5C16-AC29-5FDB-BDD5-E996907D2BEF,0002,0,,,,,,0,2,,,,,,,,,,,,,0,2,,,,,,,,,,,,,0,4,,,,,,,,,,,,,0,24,,,,,,,,,,,,,0,0,,[],0,0,,[],567.0,0.7163019434246544,-0.69779045984168
vendor_session_end,23,2026-09-28,2026-09-28T05:58:00Z,,,,0,zeroUninterpreted,98DB5C16-AC29-5FDB-BDD5-E996907D2BEF,0002,0,,,,,,0,1,,,,,,,,,,,,,0,2,,,,,,,,,,,,,0,3,,,,,,,,,,,,,0,23,,,,,,,,,,,,,0,0,,[],0,0,,[],568.0,0.7132504491541816,-0.7009092642998509
vendor_session_end,24,2026-09-28,2026-09-28T05:59:00Z,,,,0,zeroUninterpreted,98DB5C16-AC29-5FDB-BDD5-E996907D2BEF,0002,0,,,,,,0,0,,,,,,,,,,,,,0,2,,,,,,,,,,,,,0,2,,,,,,,,,,,,,0,22,,,,,,,,,,,,,0,0,,[],0,0,,[],569.0,0.7101853756232853,-0.7040147244559685
vendor_session_end,25,2026-09-28,2026-09-28T06:00:00Z,,,,0,zeroUninterpreted,D01F63F5-2AA2-50B1-BB3E-33C8AB02C621,0003,0,,,,,,0,0,,,,,,,,,,,,,0,1,,,,,,,,,,,,,0,2,,,,,,,,,,,,,0,21,,,,,,,,,,,,,0,0,,[],0,0,,[],570.0,0.7071067811865476,-0.7071067811865475
vendor_session_end,26,2026-09-28,2026-09-28T06:01:00Z,,,,4,observedRawSignal,D01F63F5-2AA2-50B1-BB3E-33C8AB02C621,0003,1,4,0,124,,,0,1,,,,,,,,,,,,,0,1,,,,,,,,,,,,,0,3,,,,,,,,,,,,,0,21,,,,,,,,,,,,,0,0,,[],0,0,,[],571.0,0.7040147244559682,-0.7101853756232854
vendor_session_end,27,2026-09-28,2026-09-28T06:02:00Z,,,,0,zeroUninterpreted,D01F63F5-2AA2-50B1-BB3E-33C8AB02C621,0003,0,,,,,,0,1,,,,,,,,,,,,,0,1,,,,,,,,,,,,,0,3,,,,,,,,,,,,,0,20,,,,,,,,,,,,,0,0,,[],0,0,,[],572.0,0.700909264299851,-0.7132504491541815
vendor_session_end,28,2026-09-28,2026-09-28T06:03:00Z,,,,2,observedRawSignal,D01F63F5-2AA2-50B1-BB3E-33C8AB02C621,0003,1,2,0,126,,,0,2,,,,,,,,,,,,,0,2,,,,,,,,,,,,,0,4,,,,,,,,,,,,,0,20,,,,,,,,,,,,,0,0,,[],0,0,,[],573.0,0.6977904598416802,-0.7163019434246543
vendor_session_end,29,2026-09-28,2026-09-28T06:04:00Z,,,,0,zeroUninterpreted,D01F63F5-2AA2-50B1-BB3E-33C8AB02C621,0003,0,,,,,,0,1,,,,,,,,,,,,,0,2,,,,,,,,,,,,,0,4,,,,,,,,,,,,,0,19,,,,,,,,,,,,,0,0,,[],0,0,,[],574.0,0.6946583704589971,-0.7193398003386513
vendor_session_end,30,2026-09-28,2026-09-28T06:05:00Z,,,,4,observedRawSignal,D01F63F5-2AA2-50B1-BB3E-33C8AB02C621,0003,1,4,0,124,,,0,2,,,,,,,,,,,,,0,3,,,,,,,,,,,,,0,4,,,,,,,,,,,,,0,19,,,,,,,,,,,,,0,0,,[],0,0,,[],575.0,0.6915130557822695,-0.7223639620597555
